{"0": [[100, 2.445335865020752], [200, 10.749031066894531], [300, 27.29058837890625], [400, 60.99212574958801], [500, 126.41437244415283]], "1": [[100, 2.2625675201416016], [200, 10.649932861328125], [300, 27.85171365737915], [400, 62.879608154296875], [500, 129.49145126342773]], "2": [[100, 2.315591335296631], [200, 10.922476291656494], [300, 28.784579515457153], [400, 64.91359424591064], [500, 132.71364617347717]], "3": [[100, 2.2892849445343018], [200, 11.36738133430481], [300, 29.618016719818115], [400, 67.63074660301208], [500, 140.17446613311768]], "4": [[100, 2.819135904312134], [200, 12.031874179840088], [300, 30.98813557624817], [400, 68.64703869819641], [500, 139.68308806419373]]}