{"0": [[29.40102254137697, 100, 7.142821311950684], [57.36751408819946, 200, 13.379673719406128], [82.21420666644063, 300, 25.841981887817383], [109.16202579534144, 400, 50.92073154449463], [138.5072132953762, 500, 99.6769163608551], [167.23820573118368, 600, 165.39476251602173], [196.67084501716153, 700, 257.10219740867615], [224.22851961367027, 800, 372.9994525909424], [251.38189670382644, 900, 527.0838315486908], [277.3429359613874, 1000, 709.2329494953156]], "1": [[29.40102254137697, 100, 1.8101773262023926], [57.36751408819946, 200, 7.980945348739624], [82.21420666644063, 300, 20.52073836326599], [109.16202579534144, 400, 43.892348766326904], [138.5072132953762, 500, 92.2844831943512], [167.23820573118368, 600, 155.34353685379028], [196.67084501716153, 700, 254.03661847114563], [224.22851961367027, 800, 368.7804846763611], [251.38189670382644, 900, 521.0539407730103], [277.3429359613874, 1000, 725.7663767337799]], "2": [[29.40102254137697, 100, 1.7140967845916748], [57.36751408819946, 200, 7.968793153762817], [82.21420666644063, 300, 21.83918523788452], [109.16202579534144, 400, 46.15333819389343], [138.5072132953762, 500, 88.2893648147583], [167.23820573118368, 600, 160.64762544631958], [196.67084501716153, 700, 250.9998059272766], [224.22851961367027, 800, 371.91333866119385], [251.38189670382644, 900, 516.6359226703644], [277.3429359613874, 1000, 704.2027199268341]], "3": [[29.40102254137697, 100, 1.7185823917388916], [57.36751408819946, 200, 7.980747938156128], [82.21420666644063, 300, 21.16281294822693], [109.16202579534144, 400, 46.718207120895386], [138.5072132953762, 500, 87.54412841796875], [167.23820573118368, 600, 151.88654375076294], [196.67084501716153, 700, 254.67115592956543], [224.22851961367027, 800, 371.6453604698181], [251.38189670382644, 900, 517.3414413928986], [277.3429359613874, 1000, 705.37264752388]], "4": [[29.40102254137697, 100, 1.8039491176605225], [57.36751408819946, 200, 8.241197109222412], [82.21420666644063, 300, 20.809830904006958], [109.16202579534144, 400, 44.720059871673584], [138.5072132953762, 500, 89.10071873664856], [167.23820573118368, 600, 159.51640939712524], [196.67084501716153, 700, 250.8118381500244], [224.22851961367027, 800, 372.10283041000366], [251.38189670382644, 900, 517.9922215938568], [277.3429359613874, 1000, 713.5875689983368]]}