{"0": [[100, 1.5409624576568604], [200, 7.354065418243408], [300, 21.173609495162964], [400, 50.45408344268799], [500, 110.80352830886841]], "1": [[100, 1.3306005001068115], [200, 7.407540321350098], [300, 21.460268259048462], [400, 53.611026763916016], [500, 122.71775031089783]], "2": [[100, 1.3426225185394287], [200, 7.511211156845093], [300, 21.35149049758911], [400, 53.34012722969055], [500, 120.8164279460907]], "3": [[100, 1.3357875347137451], [200, 7.226620674133301], [300, 21.183145761489868], [400, 52.759228229522705], [500, 120.06376934051514]], "4": [[100, 1.6192727088928223], [200, 7.506105422973633], [300, 21.848882913589478], [400, 53.49349594116211], [500, 120.38839292526245]]}