{"0": [[29.40102254137697, 100, 5.350543975830078], [57.36751408819946, 200, 10.0990149974823], [82.21420666644063, 300, 15.83691668510437], [109.16202579534144, 400, 24.270390510559082], [138.5072132953762, 500, 39.35172510147095], [167.23820573118368, 600, 57.938679456710815], [196.67084501716153, 700, 88.82177495956421], [224.22851961367027, 800, 145.48911142349243], [251.38189670382644, 900, 243.76431131362915], [277.3429359613874, 1000, 351.3762948513031]], "1": [[29.40102254137697, 100, 3.8146934509277344], [57.36751408819946, 200, 8.621377229690552], [82.21420666644063, 300, 14.470269441604614], [109.16202579534144, 400, 24.99270462989807], [138.5072132953762, 500, 38.86680746078491], [167.23820573118368, 600, 57.98630237579346], [196.67084501716153, 700, 92.5725998878479], [224.22851961367027, 800, 172.207172870636], [251.38189670382644, 900, 270.2258040904999], [277.3429359613874, 1000, 378.701087474823]], "2": [[29.40102254137697, 100, 3.7543251514434814], [57.36751408819946, 200, 8.52173662185669], [82.21420666644063, 300, 14.316210985183716], [109.16202579534144, 400, 24.814998626708984], [138.5072132953762, 500, 38.38555455207825], [167.23820573118368, 600, 57.08492946624756], [196.67084501716153, 700, 91.16215753555298], [224.22851961367027, 800, 172.53189253807068], [251.38189670382644, 900, 272.10008549690247], [277.3429359613874, 1000, 380.6736240386963]], "3": [[29.40102254137697, 100, 3.748501777648926], [57.36751408819946, 200, 8.506009340286255], [82.21420666644063, 300, 14.371985673904419], [109.16202579534144, 400, 22.961751222610474], [138.5072132953762, 500, 40.95923447608948], [167.23820573118368, 600, 60.17068696022034], [196.67084501716153, 700, 92.76401209831238], [224.22851961367027, 800, 178.4185619354248], [251.38189670382644, 900, 274.9797148704529], [277.3429359613874, 1000, 386.41537499427795]], "4": [[29.40102254137697, 100, 3.743173837661743], [57.36751408819946, 200, 8.514976501464844], [82.21420666644063, 300, 14.39672565460205], [109.16202579534144, 400, 23.033904552459717], [138.5072132953762, 500, 37.14113116264343], [167.23820573118368, 600, 56.502851486206055], [196.67084501716153, 700, 91.67708373069763], [224.22851961367027, 800, 174.07156801223755], [251.38189670382644, 900, 273.9486153125763], [277.3429359613874, 1000, 382.128702878952]]}