{"0": [[29.40102254137697, 100, 2.5537118911743164], [57.36751408819946, 200, 4.335254192352295], [82.21420666644063, 300, 6.260462284088135], [109.16202579534144, 400, 8.41654109954834], [138.5072132953762, 500, 11.173750638961792], [167.23820573118368, 600, 14.596606731414795], [196.67084501716153, 700, 19.133538961410522], [224.22851961367027, 800, 25.293172597885132], [251.38189670382644, 900, 32.030600786209106], [277.3429359613874, 1000, 40.0280704498291]], "1": [[29.40102254137697, 100, 1.614802360534668], [57.36751408819946, 200, 3.423509120941162], [82.21420666644063, 300, 5.388700246810913], [109.16202579534144, 400, 7.590599536895752], [138.5072132953762, 500, 11.399186611175537], [167.23820573118368, 600, 14.525631666183472], [196.67084501716153, 700, 18.685438632965088], [224.22851961367027, 800, 25.230560302734375], [251.38189670382644, 900, 31.210603952407837], [277.3429359613874, 1000, 40.24635362625122]], "2": [[29.40102254137697, 100, 1.6887905597686768], [57.36751408819946, 200, 3.478433847427368], [82.21420666644063, 300, 5.412219285964966], [109.16202579534144, 400, 7.5713183879852295], [138.5072132953762, 500, 10.048121690750122], [167.23820573118368, 600, 13.107828617095947], [196.67084501716153, 700, 18.76205563545227], [224.22851961367027, 800, 23.81844687461853], [251.38189670382644, 900, 31.71356725692749], [277.3429359613874, 1000, 38.66771101951599]], "3": [[29.40102254137697, 100, 1.6919984817504883], [57.36751408819946, 200, 3.4803595542907715], [82.21420666644063, 300, 5.4104273319244385], [109.16202579534144, 400, 7.581512689590454], [138.5072132953762, 500, 11.265984058380127], [167.23820573118368, 600, 14.34716272354126], [196.67084501716153, 700, 19.979698419570923], [224.22851961367027, 800, 25.033161878585815], [251.38189670382644, 900, 31.00669002532959], [277.3429359613874, 1000, 39.987346172332764]], "4": [[29.40102254137697, 100, 1.6941349506378174], [57.36751408819946, 200, 3.4851746559143066], [82.21420666644063, 300, 5.418461322784424], [109.16202579534144, 400, 7.580188035964966], [138.5072132953762, 500, 10.058272361755371], [167.23820573118368, 600, 14.495693445205688], [196.67084501716153, 700, 18.61716604232788], [224.22851961367027, 800, 23.668403387069702], [251.38189670382644, 900, 31.580920457839966], [277.3429359613874, 1000, 38.52149701118469]]}