{"box": [[1.0096004009246826, 47, 20], [1.109144687652588, 48, 4], [1.1286911964416504, 48, 4], [1.125208854675293, 61, 10], [1.0876421928405762, 42, 7], [2.1195762157440186, 47, 20], [2.136408805847168, 48, 4], [2.0417442321777344, 48, 4], [2.232163190841675, 61, 10], [2.068023204803467, 42, 7], [4.351963758468628, 113, 21], [4.322248220443726, 101, 5], [4.1972198486328125, 134, 5], [4.155552864074707, 61, 10], [4.006192207336426, 109, 8], [8.748825073242188, 113, 21], [8.176121950149536, 101, 5], [8.079573154449463, 134, 5], [8.5502450466156, 156, 11], [8.343639850616455, 109, 8], [16.947925567626953, 276, 22], [17.036510467529297, 242, 6], [17.27819323539734, 312, 6], [16.37186074256897, 156, 11], [16.325857400894165, 252, 9], [33.29751467704773, 276, 22], [35.0056688785553, 570, 7], [34.68134117126465, 312, 6], [36.428852796554565, 361, 12], [32.91374945640564, 252, 9], [64.48213124275208, 698, 23], [73.8587486743927, 570, 7], [68.69129467010498, 827, 7], [66.42004656791687, 898, 13], [64.35071396827698, 587, 10], [135.8186674118042, 698, 23], [130.26274847984314, 1462, 8], [132.89551258087158, 827, 7], [138.08444786071777, 898, 13], [128.94791793823242, 1444, 11], [271.33307433128357, 1677, 24], [285.8767018318176, 1462, 8], [258.80572628974915, 2033, 8], [272.3070192337036, 2229, 14], [301.721417427063, 1444, 11]], "np": [[1.0085668563842773, 698, 23], [1.2040374279022217, 570, 7], [1.0737252235412598, 827, 7], [1.012362003326416, 898, 13], [1.0002119541168213, 587, 10], [2.1138663291931152, 698, 23], [2.0777885913848877, 570, 7], [2.201507091522217, 827, 7], [2.0919229984283447, 898, 13], [2.1257076263427734, 587, 10], [4.748565196990967, 1677, 24], [4.164182662963867, 1462, 8], [4.346601486206055, 827, 7], [4.073984861373901, 898, 13], [4.001821041107178, 1444, 11], [10.120292663574219, 1677, 24], [8.676536560058594, 1462, 8], [8.934037446975708, 2033, 8], [9.474456787109375, 2229, 14], [8.423839330673218, 1444, 11], [16.013328313827515, 1677, 24], [17.73447561264038, 3662, 9], [18.193347930908203, 2033, 8], [16.888458013534546, 2229, 14], [17.878923416137695, 3539, 12], [34.71760559082031, 4707, 25], [34.73257517814636, 3662, 9], [32.04128170013428, 2033, 8], [34.98410081863403, 2229, 14], [35.904492139816284, 3539, 12], [67.69844174385071, 4707, 25], [66.82908916473389, 3662, 9], [66.61458253860474, 5133, 9], [66.79401731491089, 5593, 15], [70.02893853187561, 3539, 12], [164.8462953567505, 4707, 25], [153.88360452651978, 9079, 10], [131.89985156059265, 5133, 9], [131.61768245697021, 5593, 15], [142.19524717330933, 9608, 13], [257.2777450084686, 11939, 26], [317.66037702560425, 9079, 10], [310.0087978839874, 12518, 10], [281.8250720500946, 5593, 15], [293.89044642448425, 9608, 13]], "cp": [[1.0002119541168213, 1677, 24], [1.0002119541168213, 1462, 8], [1.0002119541168213, 2033, 8], [1.0002119541168213, 2229, 14], [1.0002119541168213, 1444, 11], [2.1257076263427734, 4707, 25], [2.1257076263427734, 3662, 9], [2.1257076263427734, 2033, 8], [2.1257076263427734, 2229, 14], [2.1257076263427734, 3539, 12], [4.001821041107178, 4707, 25], [4.001821041107178, 3662, 9], [4.001821041107178, 5133, 9], [4.001821041107178, 5593, 15], [4.001821041107178, 3539, 12], [8.423839330673218, 11939, 26], [8.423839330673218, 9079, 10], [8.423839330673218, 12518, 10], [8.423839330673218, 5593, 15], [8.423839330673218, 9608, 13]]}