{"exec_times": [2.7060508728027343e-06, 0.17335642576217652, 0.3483238935470581, 0.5224497437477111, 0.7002893090248108, 0.9212491512298584, 1.1992672324180602, 1.6250812888145447, 2.4161871910095214, 2.595011305809021, 3.695271348953247, 4.896091663837433, 6.08077050447464], "min_exec_times": [1.6689300537109375e-06, 0.17095637321472168, 0.3425760269165039, 0.5189478397369385, 0.6958062648773193, 0.9163303375244141, 1.1929054260253906, 1.6177496910095215, 2.402196168899536, 2.580679178237915, 3.6751153469085693, 4.871906280517578, 6.059240818023682], "max_exec_times": [1.3113021850585938e-05, 0.3489570617675781, 0.6978137493133545, 1.042651653289795, 1.4041693210601807, 1.8433911800384521, 2.4099068641662598, 3.25771427154541, 4.846575975418091, 5.207190990447998, 7.411926746368408, 9.80496883392334, 12.196376085281372], "F_evals": [2.2997002997002998, 4.869130869130869, 7.243756243756243, 10.262737262737263, 15.61938061938062, 22.48951048951049, 32.1018981018981, 46.08991008991009, 49.333666333666336, 65.47952047952049, 82.43456543456544, 99.31468531468532, 116.31468531468532], "A_evals": [0.0, 0.0, 0.0, 0.0, 0.0, 0.0, 0.0, 0.0, 0.0, 0.0, 0.0, 0.0, 0.0, 0.0], "ts": [0, 0.02668725328628137, 0.0770073671166986, 0.18473477308739256, 0.3119563775170052, 0.7564937553198788, 1.038412389525175, 1.448579727033859, 1.944346170179824, 2.1108083908130917, 2.7375407883314664, 3.2911109703375656, 3.6352050227660775, 4.0]}