{"exec_times": [4.684925079345703e-06, 0.8573046445846557, 1.748512077331543, 2.615158438682556, 3.476045310497284, 4.35302848815918, 5.223648250102997, 6.097768020629883, 6.971225237846374, 7.842168700695038, 8.742402601242066, 9.657015252113343, 10.559942984580994, 11.461531472206115, 12.371385133266449, 13.289615678787232, 14.214676058292389, 15.175531315803529, 16.16877760887146, 17.56113157272339, 19.02692494392395], "min_exec_times": [4.0531158447265625e-06, 0.8043344020843506, 1.6243503093719482, 2.438194513320923, 3.260122060775757, 4.081044912338257, 4.9005067348480225, 5.717649698257446, 6.544219732284546, 7.373805046081543, 8.205085515975952, 9.038754224777222, 9.880785703659058, 10.721263647079468, 11.576395988464355, 12.439999103546143, 13.31603717803955, 14.209348440170288, 15.11326265335083, 16.442468643188477, 17.808164834976196], "max_exec_times": [1.0013580322265625e-05, 1.6308634281158447, 3.2948532104492188, 4.947756290435791, 6.591298818588257, 8.232670783996582, 9.879704236984253, 11.532563209533691, 13.211921691894531, 14.876675128936768, 16.58119773864746, 18.247875928878784, 19.938286781311035, 21.638928413391113, 23.35178780555725, 25.090643167495728, 26.874112844467163, 28.65831708908081, 30.472034454345703, 33.080249071121216, 35.759178161621094], "F_evals": [2.0, 4.0, 6.0, 8.0, 10.0, 12.0, 14.0, 16.0, 18.0, 20.0, 22.0, 24.0, 26.0, 28.0, 30.0, 32.0, 34.0, 36.0, 39.0, 42.0, 45.0], "A_evals": [2.0, 4.0, 6.0, 8.0, 10.0, 12.0, 14.0, 16.0, 18.0, 20.0, 22.0, 24.0, 26.0, 28.0, 30.0, 32.0, 34.0, 36.0, 39.0, 42.0, 45.0], "ts": [0, 0.007129399241678536, 0.015610655358350174, 0.025785595282603314, 0.03812106750294737, 0.05327275306465419, 0.07221944079793222, 0.09640664133706094, 0.1279425156189048, 0.16969957422162177, 0.22588236771861106, 0.3018866238022112, 0.4037273671272671, 0.5310351932478804, 0.6978751958784203, 0.9252729551135063, 1.2346288391330782, 1.6344945151237342, 2.1336151206549143, 2.736165063113053, 3.4587883569112092, 4.0]}