{"exec_times": [3.159046173095703e-06, 0.14272780418395997, 0.2863220453262329, 0.42790502309799194, 0.5661965727806091, 0.711794400215149, 0.852384376525879, 0.9930390596389771, 1.1297594070434571, 1.2670032620429992, 1.4060563921928406, 1.5507775783538817, 1.6978183746337892, 1.8420624136924744, 1.9851484894752502, 2.1302465915679933, 2.272283601760864, 2.4137566566467283, 2.553953754901886, 2.690275526046753, 2.828554105758667, 2.9706331372261046, 3.1087092399597167, 3.2457268953323366, 3.390637230873108, 3.534330725669861, 3.6749417662620543, 3.820009446144104, 3.96407014131546, 4.104157304763794, 4.244687914848328, 4.3872052192687985, 4.528441143035889, 4.668326103687287, 4.8100966811180115, 4.95462212562561, 5.094179165363312, 5.233496165275573], "min_exec_times": [1.6689300537109375e-06, 0.13254737854003906, 0.2657132148742676, 0.3983471393585205, 0.5310909748077393, 0.6658947467803955, 0.7990539073944092, 0.9315357208251953, 1.065079927444458, 1.1973180770874023, 1.331265926361084, 1.463791847229004, 1.5965604782104492, 1.7297134399414062, 1.8677866458892822, 2.0010011196136475, 2.133578062057495, 2.265915632247925, 2.398559808731079, 2.5330190658569336, 2.665398597717285, 2.7986085414886475, 2.934774160385132, 3.068864345550537, 3.2010343074798584, 3.3346939086914062, 3.467733383178711, 3.6015121936798096, 3.73516845703125, 3.870790719985962, 4.004217624664307, 4.139519214630127, 4.272119045257568, 4.404919147491455, 4.5387818813323975, 4.671018838882446, 4.809441804885864, 4.9428489208221436], "max_exec_times": [1.8835067749023438e-05, 0.35819268226623535, 0.6433026790618896, 0.8986434936523438, 1.152906894683838, 1.4083607196807861, 1.6997065544128418, 1.9742486476898193, 2.2507877349853516, 2.5365068912506104, 2.8111610412597656, 3.0736358165740967, 3.339552640914917, 3.6760215759277344, 4.026597738265991, 4.372002840042114, 4.660955190658569, 4.948516130447388, 5.239111661911011, 5.519453287124634, 5.819177865982056, 6.114696741104126, 6.380037307739258, 6.667256116867065, 6.961629629135132, 7.24053168296814, 7.501978874206543, 7.765255689620972, 8.029457569122314, 8.290379047393799, 8.550922393798828, 8.812318325042725, 9.080931901931763, 9.342334747314453, 9.603830099105835, 9.874433755874634, 10.156003475189209, 10.476952075958252], "F_evals": [2.0, 4.0, 6.0, 8.0, 10.0, 12.0, 14.0, 16.0, 18.0, 20.0, 22.0, 24.0, 26.0, 28.0, 30.0, 32.0, 34.0, 36.0, 38.0, 40.0, 42.0, 44.0, 46.0, 48.0, 50.0, 52.0, 54.0, 56.0, 58.0, 60.0, 62.0, 64.0, 66.0, 68.0, 70.0, 72.0, 74.0, 76.0], "A_evals": [0.0, 0.0, 0.0, 0.0, 0.0, 0.0, 0.0, 0.0, 0.0, 0.0, 0.0, 0.0, 0.0, 0.0, 0.0, 0.0, 0.0, 0.0, 0.0, 0.0, 0.0, 0.0, 0.0, 0.0, 0.0, 0.0, 0.0, 0.0, 0.0, 0.0, 0.0, 0.0, 0.0, 0.0, 0.0, 0.0, 0.0, 0.0, 0.0], "ts": [0, 0.007132468456522988, 0.016075520304251682, 0.02754588717306848, 0.04277261634547517, 0.06419397105076756, 0.09695269744193875, 0.15462606187891614, 0.23093784708290815, 0.343880101018605, 0.5104560435553684, 0.6803087791272617, 0.8329826714726885, 0.9554213642064399, 1.0799730956454539, 1.201229623504733, 1.3245145388563857, 1.446731790998739, 1.5697274404552095, 1.6924678290930373, 1.8153085324868583, 1.9383368585429397, 2.061041971793323, 2.1842385807538216, 2.3068309825293225, 2.430191116009262, 2.5529054105520945, 2.6762649321203793, 2.7991684692511103, 2.922443398445339, 3.0455255444526377, 3.1686699372200824, 3.2919593081873906, 3.41499312656443, 3.538456059975452, 3.6613941026707733, 3.7850027952821566, 3.907860373930833, 4.0]}