{"exec_times": {"EF_glob_adap_stab": [1.9073486328125e-06, 0.09276985168457032, 0.17796225547790528, 0.2556412696838379, 0.33991397857666017, 0.4181642913818359, 0.5004154777526856, 0.5789468860626221, 0.6606764698028564, 0.7383302879333496, 0.8200255966186524, 0.8974846267700195, 0.9796617031097412, 1.0571985530853272, 1.13943416595459, 1.2177661991119384, 1.298960943222046, 1.3769636631011963, 1.458901662826538, 1.5367600440979003, 1.618925838470459, 1.6963814163208009, 1.7785695934295653, 1.8563009738922118, 1.9384119701385498, 2.01696928024292, 2.0989351654052735, 2.1769605350494383, 2.2597937870025633, 2.33746563911438, 2.4191104316711427, 2.493567123413086, 2.5724882793426516, 2.647307710647583, 2.7259045314788817, 2.800430908203125, 2.8787787342071534, 2.9539984321594237, 3.0325897407531737, 3.107013702392578, 3.1856181144714357, 3.2603533840179444, 3.3388242626190188, 3.413393888473511, 3.4917947673797607, 3.5684468746185303, 3.648463182449341, 3.7228429889678956, 3.801597833633423, 3.875719413757324, 3.9549786949157717, 4.029366455078125, 4.107932472229004, 4.182718563079834, 4.26152153968811, 4.335984144210816, 4.415225296020508, 4.489909858703613, 4.568459348678589, 4.642913227081299, 4.7215537834167485, 4.797122735977172, 4.876939058303833, 4.9565082550048825, 5.037726593017578]}, "ts_s": {"EF_glob_adap_stab": [0, 0.011753066595896882, 0.029203985794281948, 0.05757248072568818, 0.10318908581180178, 0.1534456540357583, 0.207125046087539, 0.2634111825737457, 0.3216912688406159, 0.38150502097675215, 0.44247631765147627, 0.5043350750761594, 0.5668940489499878, 0.6300146896419313, 0.6935960674256764, 0.7575594554223171, 0.8218426527381024, 0.8863960144056027, 0.9511795854074935, 1.016161015557921, 1.0813139776207268, 1.1466169385693201, 1.2120522325428535, 1.2776053469441535, 1.3432643643058912, 1.4090195205731355, 1.4748628517885003, 1.5407879087552967, 1.606789524521758, 1.6728636232767018, 1.7390070619634308, 1.8051536476133294, 1.8712072867781144, 1.9371679184888932, 2.003036015003713, 2.0688125043985695, 2.1344987048375614, 2.2000962682176906, 2.265607131422613, 2.3310334737714458, 2.3963776795304876, 2.4616423045824822, 2.526830046531422, 2.5919437176697757, 2.6569861256948566, 2.7219566209356283, 2.7868582836356537, 2.8516942324935264, 2.91646760210009, 2.9811815264392276, 3.045839123731768, 3.1104434823932086, 3.174997648048673, 3.2395046115890076, 3.3039672982652943, 3.3683885578291486, 3.4327711562126977, 3.4971177676684926, 3.561430967735424, 3.625713227491613, 3.6899669088343763, 3.7541937479254854, 3.8183958563177467, 3.8825752778390243, 3.9467339371859165, 4.0]}, "F_evals": {"EF_glob_adap_stab": [1.0, 2.0, 3.0, 4.0, 5.0, 6.0, 7.0, 8.0, 9.0, 10.0, 11.0, 12.0, 13.0, 14.0, 15.0, 16.0, 17.0, 18.0, 19.0, 20.0, 21.0, 22.0, 23.0, 24.0, 25.0, 26.0, 27.0, 28.0, 29.0, 30.0, 31.0, 32.0, 33.0, 34.0, 35.0, 36.0, 37.0, 38.0, 39.0, 40.0, 41.0, 42.0, 43.0, 44.0, 45.0, 46.0, 47.0, 48.0, 49.0, 50.0, 51.0, 52.0, 53.0, 54.0, 55.0, 56.0, 57.0, 58.0, 59.0, 60.0, 61.0, 62.0, 63.0, 64.0, 65.0]}, "A_evals": {"EF_glob_adap_stab": [1.0, 2.0, 3.0, 4.0, 5.0, 6.0, 7.0, 8.0, 9.0, 10.0, 11.0, 12.0, 13.0, 14.0, 15.0, 16.0, 17.0, 18.0, 19.0, 20.0, 21.0, 22.0, 23.0, 24.0, 25.0, 26.0, 27.0, 28.0, 29.0, 30.0, 31.0, 32.0, 33.0, 34.0, 35.0, 36.0, 37.0, 38.0, 39.0, 40.0, 41.0, 42.0, 43.0, 44.0, 45.0, 46.0, 47.0, 48.0, 49.0, 50.0, 51.0, 52.0, 53.0, 54.0, 55.0, 56.0, 57.0, 58.0, 59.0, 60.0, 61.0, 62.0, 63.0, 64.0, 65.0]}}