{"exec_times": {"EF_glob_adap_acc": [2.0122528076171874e-06, 0.04102249145507812, 0.08081390380859375, 0.11943735122680664, 0.1577945041656494, 0.19623353958129883, 0.23510510444641114, 0.27331780433654784, 0.3117140960693359, 0.35011603355407717, 0.38890532493591307, 0.4289369010925293, 0.46887550354003904, 0.5075118446350098, 0.5459929943084717, 0.5843526458740235, 0.6226942348480224, 0.6615590190887451, 0.7001554012298584, 0.7383424091339111, 0.7766392230987549, 0.8150373935699463, 0.8534681510925293, 0.891828203201294, 0.9302092075347901, 0.9686994457244873, 1.0073300361633302, 1.0458393287658692, 1.0844606590270995, 1.122659339904785, 1.1611771869659424, 1.1995869255065919, 1.2377054405212402, 1.2759501266479492]}, "ts_s": {"EF_glob_adap_acc": [0, 0.01175845283649897, 0.02921842580741588, 0.05760605615920843, 0.1150691103362439, 0.196579292115852, 0.3385811062259263, 0.5132285442987212, 0.6431589764582296, 0.7791654107839543, 0.905795412082232, 1.0400182937167974, 1.1691902776428342, 1.3033028790899857, 1.4338713542673092, 1.5678766530701094, 1.6974215953338478, 1.8319035991040087, 1.960836511720553, 2.095125492709971, 2.2240842007587904, 2.3581622653399026, 2.487023886246945, 2.620945789132679, 2.7496172132192056, 2.8834544065523717, 3.0119004616266984, 3.145688020402209, 3.2739814343259406, 3.407668525782508, 3.5358222764652156, 3.6694071946978486, 3.7974390675188086, 3.9309301403936425, 4.0]}, "F_evals": {"EF_glob_adap_acc": [2.0, 4.0, 6.0, 8.0, 10.0, 12.0, 14.0, 16.0, 18.0, 20.0, 22.0, 24.0, 26.0, 28.0, 30.0, 32.0, 34.0, 36.0, 38.0, 40.0, 42.0, 44.0, 46.0, 48.0, 50.0, 52.0, 54.0, 56.0, 58.0, 60.0, 62.0, 64.0, 66.0, 68.0]}, "A_evals": {"EF_glob_adap_acc": [0.0, 0.0, 0.0, 0.0, 0.0, 0.0, 0.0, 0.0, 0.0, 0.0, 0.0, 0.0, 0.0, 0.0, 0.0, 0.0, 0.0, 0.0, 0.0, 0.0, 0.0, 0.0, 0.0, 0.0, 0.0, 0.0, 0.0, 0.0, 0.0, 0.0, 0.0, 0.0, 0.0, 0.0, 0.0]}}