{"exec_times": {"EF_glob_adap_stab": [2.384185791015625e-06, 0.09652010917663574, 0.18191868782043458, 0.2624810695648193, 0.34500967025756835, 0.42080790519714356, 0.50510178565979, 0.5828957176208496, 0.6647077560424804, 0.7420677947998047, 0.8230083751678466, 0.899990463256836, 0.9828444671630859, 1.0644717407226563, 1.1430969429016113, 1.2182509994506836, 1.2969671535491942, 1.3717088985443116, 1.4520405292510987, 1.5329309368133546, 1.6165291118621825, 1.6951917552947997, 1.777958974838257, 1.8552458381652832, 1.941105270385742, 2.018764009475708, 2.1037763118743897, 2.1831515979766847, 2.2636757469177247, 2.3400511837005613, 2.419590082168579, 2.4952956581115724, 2.5765256786346438, 2.653146085739136, 2.731818313598633, 2.8076867961883547, 2.8897182655334475, 2.9713761520385744, 3.0588269424438477, 3.1386523818969727, 3.2228431510925293, 3.299609651565552, 3.380407075881958, 3.4610597610473635, 3.5502110385894774, 3.6294335079193116, 3.712901725769043, 3.789602069854736, 3.8732766628265383, 3.9546840667724608, 4.036969718933105, 4.113486680984497, 4.193532514572143, 4.269743270874024, 4.359575605392456, 4.438574876785278, 4.519187183380127, 4.597363290786743, 4.676425476074218, 4.752312145233154, 4.832572183609009, 4.908469076156616, 4.995469474792481, 5.0782957363128665, 5.16297212600708]}, "ts_s": {"EF_glob_adap_stab": [0, 0.011753066595896882, 0.029203985794281948, 0.05757248072568818, 0.10318908581180178, 0.1534456540357583, 0.207125046087539, 0.2634111825737457, 0.3216912688406159, 0.38150502097675215, 0.44247631765147627, 0.5043350750761594, 0.5668940489499878, 0.6300146896419313, 0.6935960674256764, 0.7575594554223171, 0.8218426527381024, 0.8863960144056027, 0.9511795854074935, 1.016161015557921, 1.0813139776207268, 1.1466169385693201, 1.2120522325428535, 1.2776053469441535, 1.3432643643058912, 1.4090195205731355, 1.4748628517885003, 1.5407879087552967, 1.606789524521758, 1.6728636232767018, 1.7390070619634308, 1.8051536476133294, 1.8712072867781144, 1.9371679184888932, 2.003036015003713, 2.0688125043985695, 2.1344987048375614, 2.2000962682176906, 2.265607131422613, 2.3310334737714458, 2.3963776795304876, 2.4616423045824822, 2.526830046531422, 2.5919437176697757, 2.6569861256948566, 2.7219566209356283, 2.7868582836356537, 2.8516942324935264, 2.91646760210009, 2.9811815264392276, 3.045839123731768, 3.1104434823932086, 3.174997648048673, 3.2395046115890076, 3.3039672982652943, 3.3683885578291486, 3.4327711562126977, 3.4971177676684926, 3.561430967735424, 3.625713227491613, 3.6899669088343763, 3.7541937479254854, 3.8183958563177467, 3.8825752778390243, 3.9467339371859165, 4.0]}, "F_evals": {"EF_glob_adap_stab": [1.0, 2.0, 3.0, 4.0, 5.0, 6.0, 7.0, 8.0, 9.0, 10.0, 11.0, 12.0, 13.0, 14.0, 15.0, 16.0, 17.0, 18.0, 19.0, 20.0, 21.0, 22.0, 23.0, 24.0, 25.0, 26.0, 27.0, 28.0, 29.0, 30.0, 31.0, 32.0, 33.0, 34.0, 35.0, 36.0, 37.0, 38.0, 39.0, 40.0, 41.0, 42.0, 43.0, 44.0, 45.0, 46.0, 47.0, 48.0, 49.0, 50.0, 51.0, 52.0, 53.0, 54.0, 55.0, 56.0, 57.0, 58.0, 59.0, 60.0, 61.0, 62.0, 63.0, 64.0, 65.0]}, "A_evals": {"EF_glob_adap_stab": [1.0, 2.0, 3.0, 4.0, 5.0, 6.0, 7.0, 8.0, 9.0, 10.0, 11.0, 12.0, 13.0, 14.0, 15.0, 16.0, 17.0, 18.0, 19.0, 20.0, 21.0, 22.0, 23.0, 24.0, 25.0, 26.0, 27.0, 28.0, 29.0, 30.0, 31.0, 32.0, 33.0, 34.0, 35.0, 36.0, 37.0, 38.0, 39.0, 40.0, 41.0, 42.0, 43.0, 44.0, 45.0, 46.0, 47.0, 48.0, 49.0, 50.0, 51.0, 52.0, 53.0, 54.0, 55.0, 56.0, 57.0, 58.0, 59.0, 60.0, 61.0, 62.0, 63.0, 64.0, 65.0]}}