{"exec_times": {"EB_global_adap_jac": [4.367828369140625e-06, 0.20767696380615233, 0.40774821281433105, 0.605251579284668, 0.8060500431060791, 1.0129858016967774, 1.2168661975860595, 1.4221681976318359, 1.6357456493377684, 1.8507701683044433, 2.062587833404541, 2.2824889183044434, 2.606330003738403, 2.9714724445343017, 3.474798879623413]}, "ts_s": {"EB_global_adap_jac": [0, 0.011753066595896882, 0.027013020681658513, 0.047185604780167846, 0.07448159228093504, 0.11262508447894755, 0.16780504370315197, 0.2502109289242675, 0.3742729831710624, 0.5420858826314531, 0.7761989707279091, 1.1269783434253273, 1.6864455557757476, 2.6145296570262904, 3.9671129762587265, 4.0]}, "F_evals": {"EB_global_adap_jac": [2.0, 4.0, 6.0, 8.0, 10.0, 12.0, 14.0, 16.0, 18.0, 20.0, 22.0, 25.0, 28.0, 32.0, 34.0]}, "A_evals": {"EB_global_adap_jac": [2.0, 4.0, 6.0, 8.0, 10.0, 12.0, 14.0, 16.0, 18.0, 20.0, 22.0, 25.0, 28.0, 32.0, 34.0]}}