{"exec_times": {"EB_global_adap": [5.1116943359375e-06, 0.23914396286010742, 0.4800069618225098, 0.7147442150115967, 0.9559928607940674, 1.2232683658599854, 1.4909293937683106, 1.8004599571228028, 2.1392956161499024, 2.496007661819458, 2.8852068996429443, 3.370494441986084, 4.0080834579467775, 4.965564832687378, 6.508277444839478]}, "ts_s": {"EB_global_adap": [0, 0.01175845283649897, 0.02702506138834095, 0.04720649489019203, 0.0745149182302437, 0.1126767984866218, 0.16788483862629777, 0.25033440922466205, 0.3744579504399643, 0.5423309703097385, 0.776556241915744, 1.1275268330950081, 1.6873556668692982, 2.616081927615775, 3.968621974252086, 4.0]}, "F_evals": {"EB_global_adap": [7.0, 14.0, 21.0, 28.0, 35.0, 42.0, 49.0, 56.0, 63.0, 70.0, 78.0, 89.0, 101.0, 119.0, 126.0]}, "A_evals": {"EB_global_adap": [0.0, 0.0, 0.0, 0.0, 0.0, 0.0, 0.0, 0.0, 0.0, 0.0, 0.0, 0.0, 0.0, 0.0, 0.0]}}