{"exec_times": {"EB_global_adap": [4.673004150390625e-06, 0.25163199424743654, 0.5006840705871582, 0.7538942718505859, 1.0762661647796632, 1.3641195869445801, 1.6432964897155762, 1.9777617454528809, 2.357361316680908, 2.749847764968872, 3.175608444213867, 3.7441472816467285, 4.437782678604126, 5.5315613937377925, 7.2438503074646]}, "ts_s": {"EB_global_adap": [0, 0.01175845283649897, 0.02702506138834095, 0.04720649489019203, 0.0745149182302437, 0.1126767984866218, 0.16788483862629777, 0.25033440922466205, 0.3744579504399643, 0.5423309703097385, 0.776556241915744, 1.1275268330950081, 1.6873556668692982, 2.616081927615775, 3.968621974252086, 4.0]}, "F_evals": {"EB_global_adap": [7.0, 14.0, 21.0, 28.0, 35.0, 42.0, 49.0, 56.0, 63.0, 70.0, 78.0, 89.0, 101.0, 119.0, 126.0]}, "A_evals": {"EB_global_adap": [0.0, 0.0, 0.0, 0.0, 0.0, 0.0, 0.0, 0.0, 0.0, 0.0, 0.0, 0.0, 0.0, 0.0, 0.0]}}