{"exec_times": {"EB_global_adap": [7.152557373046875e-06, 0.9225188159942627, 1.8904337310791015, 2.822692747116089, 3.8490066051483156, 4.922286510467529, 6.103849802017212, 7.335486631393433, 8.689258708953858, 10.198791818618774, 11.746732387542725, 13.638713169097901, 15.9197527217865, 19.651731414794924, 25.97310761451721]}, "ts_s": {"EB_global_adap": [0, 0.011758452836496444, 0.027025058289933818, 0.047206475418716046, 0.0745148295290455, 0.11267640078148686, 0.1678892157873479, 0.25037264436893264, 0.3745329442950924, 0.5422362991932725, 0.7759351529815068, 1.1250827357724185, 1.679385118636675, 2.5640901790315738, 3.87968381047807, 4.0]}, "F_evals": {"EB_global_adap": [7.0, 14.0, 21.0, 28.0, 35.0, 42.0, 49.0, 56.0, 63.0, 70.0, 78.0, 86.0, 98.0, 116.0, 123.0]}, "A_evals": {"EB_global_adap": [0.0, 0.0, 0.0, 0.0, 0.0, 0.0, 0.0, 0.0, 0.0, 0.0, 0.0, 0.0, 0.0, 0.0, 0.0]}}