{"exec_times": {"EB_global_adap": [4.3487548828125e-06, 0.8480097198486328, 1.695397138595581, 2.5406892681121827, 3.4502988910675048, 4.425249824523926, 5.467167663574219, 6.572746257781983, 7.8105286693573, 9.175607938766479, 10.605657844543456, 12.361155996322632, 14.444459476470946, 17.842796211242675, 23.44710443496704]}, "ts_s": {"EB_global_adap": [0, 0.011758452836496444, 0.027025058289933818, 0.047206475418716046, 0.0745148295290455, 0.11267640078148686, 0.1678892157873479, 0.25037264436893264, 0.3745329442950924, 0.5422362991932725, 0.7759351529815068, 1.1250827357724185, 1.679385118636675, 2.5640901790315738, 3.87968381047807, 4.0]}, "F_evals": {"EB_global_adap": [7.0, 14.0, 21.0, 28.0, 35.0, 42.0, 49.0, 56.0, 63.0, 70.0, 78.0, 86.0, 98.0, 116.0, 123.0]}, "A_evals": {"EB_global_adap": [0.0, 0.0, 0.0, 0.0, 0.0, 0.0, 0.0, 0.0, 0.0, 0.0, 0.0, 0.0, 0.0, 0.0, 0.0]}}