{"exec_times": {"EF_local_adap": [2.7179718017578126e-06, 0.09524916648864747, 0.18416338920593261, 0.27313989639282227, 0.36148653984069823, 0.45153294563293456, 0.5438088798522949, 0.6381177139282227, 0.7259448623657226, 0.8148916721343994, 0.9055956649780273, 0.9995539855957031, 1.0916485500335693, 1.1819005298614502, 1.2712268924713135, 1.3614092540740967, 1.4529913806915282, 1.54042405128479, 1.6308921718597411, 1.7223169136047363, 1.8139107704162598, 1.9074506568908691, 1.9949279117584229, 2.090354909896851, 2.1834301376342773, 2.272155246734619, 2.362841987609863, 2.4538021183013914, 2.549042387008667, 2.6423352718353272, 2.7413263511657715, 2.827221488952637, 2.9145563983917238, 3.007326192855835, 3.0962603378295896, 3.1841297817230223, 3.2748441982269285, 3.37020320892334, 3.462501230239868, 3.551172904968262, 3.6416602420806883, 3.7350431442260743, 3.825108079910278, 3.9170908164978027, 4.011946821212769, 4.103356237411499, 4.193497343063354, 4.285606803894043, 4.375843524932861, 4.471295919418335, 4.571383962631225, 4.6680118846893315, 4.764525671005249, 4.859916353225708, 4.953964042663574, 5.043555736541748, 5.137868413925171, 5.2289994430541995, 5.320157699584961, 5.415005054473877, 5.510597505569458, 5.6088712024688725, 5.701296577453613, 5.795754671096802]}, "ts_s": {"EF_local_adap": [0, 0.023506133191793763, 0.06509428560273907, 0.11265195978046899, 0.16411066563074345, 0.21870980498836273, 0.27568119414737663, 0.3344793931497889, 0.3946889073769792, 0.4559495179435283, 0.5180353477671742, 0.5807741302850723, 0.6440408050690773, 0.7077421722114118, 0.771805148402011, 0.8361717588365676, 0.9007955760320318, 0.9656391349477194, 1.0306720453584972, 1.0958695235751799, 1.1612112700414816, 1.2266806162673594, 1.2922638642819695, 1.3579497679315666, 1.4237291208104623, 1.4895944255440403, 1.5555396258733558, 1.6215598877028778, 1.687651418647506, 1.7538113180750319, 1.8199408041477396, 1.8859769448675774, 1.9519198418292862, 2.0177701063953424, 2.0835287859450062, 2.1491973010825274, 2.214777391671197, 2.2802710700366418, 2.34568058001239, 2.411008360765172, 2.4762570145505975, 2.5414292777224743, 2.6065279944593844, 2.6715552105051037, 2.736511095321362, 2.801398747154936, 2.86622129613223, 2.930981883864747, 2.995683647351656, 3.0603297041426827, 3.1249231385887444, 3.1894669891372303, 3.253964236660895, 3.318417793819968, 3.3828304954894564, 3.4472050907574294, 3.5115442351564363, 3.575850483957464, 3.640126286670894, 3.704373872060201, 3.7685950201088754, 3.832791868596257, 3.8969664367006587, 3.9611206242833408, 4.0]}, "F_evals": {"EF_local_adap": [1.0, 2.0, 3.0, 4.0, 5.0, 6.0, 7.0, 8.0, 9.0, 10.0, 11.0, 12.0, 13.0, 14.0, 15.0, 16.0, 17.0, 18.0, 19.0, 20.0, 21.0, 22.0, 23.0, 24.0, 25.0, 26.0, 27.0, 28.0, 29.0, 30.0, 31.0, 32.0, 33.0, 34.0, 35.0, 36.0, 37.0, 38.0, 39.0, 40.0, 41.0, 42.0, 43.0, 44.0, 45.0, 46.0, 47.0, 48.0, 49.0, 50.0, 51.0, 52.0, 53.0, 54.0, 55.0, 56.0, 57.0, 58.0, 59.0, 60.0, 61.0, 62.0, 63.0, 64.0]}, "A_evals": {"EF_local_adap": [1.0, 2.0, 3.0, 4.0, 5.0, 6.0, 7.0, 8.0, 9.0, 10.0, 11.0, 12.0, 13.0, 14.0, 15.0, 16.0, 17.0, 18.0, 19.0, 20.0, 21.0, 22.0, 23.0, 24.0, 25.0, 26.0, 27.0, 28.0, 29.0, 30.0, 31.0, 32.0, 33.0, 34.0, 35.0, 36.0, 37.0, 38.0, 39.0, 40.0, 41.0, 42.0, 43.0, 44.0, 45.0, 46.0, 47.0, 48.0, 49.0, 50.0, 51.0, 52.0, 53.0, 54.0, 55.0, 56.0, 57.0, 58.0, 59.0, 60.0, 61.0, 62.0, 63.0, 64.0]}}