{"exec_times": {"EF_local_adap": [2.269744873046875e-06, 0.31129302978515627, 0.6199655628204346, 0.9277439975738525, 1.2365616989135741, 1.5459801864624023, 1.8540624809265136, 2.1635166072845458, 2.4700964736938475, 2.7786822605133055, 3.0882616996765138, 3.396916608810425, 3.7062927722930907, 4.014751005172729, 4.321581630706787, 4.628323183059693, 4.93423752784729, 5.2415165519714355, 5.548848857879639, 5.856228265762329, 6.163638429641724, 6.470808687210083, 6.777416343688965, 7.084346733093262, 7.390807762145996, 7.701167249679566, 8.007807550430298, 8.31459620475769, 8.622206163406371, 8.930297107696534, 9.239989080429076, 9.548676156997681, 9.855022640228272, 10.16290913581848, 10.469439163208008, 10.775831537246704, 11.082264604568481, 11.38925262451172, 11.69624400138855, 12.00321575164795, 12.310064506530761, 12.61698401451111, 12.92440411567688, 13.231086568832398, 13.538026494979858, 13.844395818710327, 14.151801118850708, 14.458714876174927, 14.765951032638549, 15.072572393417358, 15.379546995162963, 15.686078968048095, 15.992952852249145, 16.299963369369507, 16.607349576950075, 16.914474000930785, 17.220961608886718, 17.527702970504762, 17.834734287261963, 18.141270895004272, 18.44748949050903, 18.755122623443604, 19.063563709259032, 19.372916326522827]}, "ts_s": {"EF_local_adap": [0, 0.02350613319179376, 0.06509428560273907, 0.112651959780469, 0.16411084107710908, 0.21871119373978465, 0.27568689874696545, 0.33449585938130144, 0.39472684495354726, 0.45602893765263514, 0.5181678665663845, 0.5809851189688147, 0.6443563845965199, 0.7081907433100612, 0.7724165958463649, 0.836976727198723, 0.9018248519619567, 0.9669231392547136, 1.0322404235728426, 1.0977508513172045, 1.1634328464370853, 1.2292683320282454, 1.2952421302758101, 1.3613414912316677, 1.4275557169906894, 1.4938758578470333, 1.5602944636191636, 1.6268053778383658, 1.6934035656411568, 1.7600849684439064, 1.826694109580283, 1.8932137520340855, 1.9596429876637893, 2.025981553871234, 2.0922297492832946, 2.158388360333474, 2.2244585968774664, 2.290442035334773, 2.356340568124944, 2.4221563583931296, 2.4878917992057383, 2.553549476550973, 2.6191321356391626, 2.684642650879459, 2.7500839971302744, 2.8154592231306195, 2.8807702499324237, 2.946017526247836, 3.0112042676509527, 3.07633368781957, 3.14140897797247, 3.20643329085899, 3.2714097263194075, 3.33634131824505, 3.4012310228966753, 3.4660817085638236, 3.530896146549324, 3.5956767051173313, 3.660425659541185, 3.725145478798423, 3.7898385108094375, 3.8545069795867484, 3.919152983471412, 3.983778494390058, 4.0]}, "F_evals": {"EF_local_adap": [1.0, 2.0, 3.0, 4.0, 5.0, 6.0, 7.0, 8.0, 9.0, 10.0, 11.0, 12.0, 13.0, 14.0, 15.0, 16.0, 17.0, 18.0, 19.0, 20.0, 21.0, 22.0, 23.0, 24.0, 25.0, 26.0, 27.0, 28.0, 29.0, 30.0, 31.0, 32.0, 33.0, 34.0, 35.0, 36.0, 37.0, 38.0, 39.0, 40.0, 41.0, 42.0, 43.0, 44.0, 45.0, 46.0, 47.0, 48.0, 49.0, 50.0, 51.0, 52.0, 53.0, 54.0, 55.0, 56.0, 57.0, 58.0, 59.0, 60.0, 61.0, 62.0, 63.0, 64.0]}, "A_evals": {"EF_local_adap": [1.0, 2.0, 3.0, 4.0, 5.0, 6.0, 7.0, 8.0, 9.0, 10.0, 11.0, 12.0, 13.0, 14.0, 15.0, 16.0, 17.0, 18.0, 19.0, 20.0, 21.0, 22.0, 23.0, 24.0, 25.0, 26.0, 27.0, 28.0, 29.0, 30.0, 31.0, 32.0, 33.0, 34.0, 35.0, 36.0, 37.0, 38.0, 39.0, 40.0, 41.0, 42.0, 43.0, 44.0, 45.0, 46.0, 47.0, 48.0, 49.0, 50.0, 51.0, 52.0, 53.0, 54.0, 55.0, 56.0, 57.0, 58.0, 59.0, 60.0, 61.0, 62.0, 63.0, 64.0]}}