{"exec_times": {"EB_global_adap_jac": [4.6062469482421876e-06, 0.2050306034088135, 0.3907149219512939, 0.5814076137542724, 0.772993106842041, 0.9644975852966309, 1.1616080951690675, 1.3599742794036864, 1.5659931659698487, 1.7631609535217285, 1.9650145435333253, 2.1759465599060057, 2.4919321060180666, 2.8313875675201414, 3.300820093154907]}, "ts_s": {"EB_global_adap_jac": [0, 0.011753066595896882, 0.027013020681658513, 0.047185604780167846, 0.07448159228093504, 0.11262508447894755, 0.16780504370315197, 0.2502109289242675, 0.3742729831710624, 0.5420858826314531, 0.7761989707279091, 1.1269783434253273, 1.6864455557757476, 2.6145296570262904, 3.9671129762587265, 4.0]}, "F_evals": {"EB_global_adap_jac": [2.0, 4.0, 6.0, 8.0, 10.0, 12.0, 14.0, 16.0, 18.0, 20.0, 22.0, 25.0, 28.0, 32.0, 34.0]}, "A_evals": {"EB_global_adap_jac": [2.0, 4.0, 6.0, 8.0, 10.0, 12.0, 14.0, 16.0, 18.0, 20.0, 22.0, 25.0, 28.0, 32.0, 34.0]}}