{"exec_times": {"EF_glob_adap_acc": [2.2411346435546876e-06, 0.04259584426879883, 0.0842227840423584, 0.12407130241394043, 0.164056453704834, 0.20354480743408204, 0.24375492095947265, 0.2837106418609619, 0.32303586006164553, 0.36272993087768557, 0.4033620262145996, 0.44566912651062013, 0.4860689067840576, 0.527038631439209, 0.5690628242492676, 0.6137683963775635, 0.6546172618865966, 0.6942987823486328, 0.7345479774475098, 0.7747554016113282, 0.8160197353363037, 0.8584356498718262, 0.900263957977295, 0.9400084781646728, 0.9802031326293945, 1.021522617340088, 1.0641280269622804, 1.1047132968902589, 1.1451902961730958, 1.185189552307129, 1.225325584411621, 1.2656263160705565, 1.3065327930450439, 1.3493602561950684]}, "ts_s": {"EF_glob_adap_acc": [0, 0.01175845283649897, 0.02921842580741588, 0.05760605615920843, 0.1150691103362439, 0.196579292115852, 0.3385811062259263, 0.5132285442987212, 0.6431589764582296, 0.7791654107839543, 0.905795412082232, 1.0400182937167974, 1.1691902776428342, 1.3033028790899857, 1.4338713542673092, 1.5678766530701094, 1.6974215953338478, 1.8319035991040087, 1.960836511720553, 2.095125492709971, 2.2240842007587904, 2.3581622653399026, 2.487023886246945, 2.620945789132679, 2.7496172132192056, 2.8834544065523717, 3.0119004616266984, 3.145688020402209, 3.2739814343259406, 3.407668525782508, 3.5358222764652156, 3.6694071946978486, 3.7974390675188086, 3.9309301403936425, 4.0]}, "F_evals": {"EF_glob_adap_acc": [2.0, 4.0, 6.0, 8.0, 10.0, 12.0, 14.0, 16.0, 18.0, 20.0, 22.0, 24.0, 26.0, 28.0, 30.0, 32.0, 34.0, 36.0, 38.0, 40.0, 42.0, 44.0, 46.0, 48.0, 50.0, 52.0, 54.0, 56.0, 58.0, 60.0, 62.0, 64.0, 66.0, 68.0]}, "A_evals": {"EF_glob_adap_acc": [0.0, 0.0, 0.0, 0.0, 0.0, 0.0, 0.0, 0.0, 0.0, 0.0, 0.0, 0.0, 0.0, 0.0, 0.0, 0.0, 0.0, 0.0, 0.0, 0.0, 0.0, 0.0, 0.0, 0.0, 0.0, 0.0, 0.0, 0.0, 0.0, 0.0, 0.0, 0.0, 0.0, 0.0, 0.0]}}