{"exec_times": {"EF_glob_adap_acc": [2.6702880859375e-06, 0.1647849941253662, 0.326802978515625, 0.48515316009521486, 0.6601386642456055, 0.8150356960296631, 0.9711046028137207, 1.1345420455932618, 1.2890967559814452, 1.4426861000061035, 1.599789581298828, 1.765493288040161, 1.915983715057373, 2.0670724964141844, 2.2399363231658938, 2.401052827835083, 2.554668025970459, 2.702950916290283, 2.865219488143921, 3.024789085388184, 3.1744508934020996, 3.3338941955566406, 3.4956715297698975, 3.6603139305114745, 3.8309726428985598, 4.003365354537964, 4.1685987567901615, 4.335421457290649, 4.5036396884918215, 4.683171987533569, 4.853448543548584, 5.022633123397827, 5.188374509811402, 5.36446180343628]}, "ts_s": {"EF_glob_adap_acc": [0, 0.011758452836496444, 0.02921842580741158, 0.05760604396217202, 0.11506820215874797, 0.19657720883656207, 0.33893563748811484, 0.5133543881418832, 0.6430343455996832, 0.7796253867897806, 0.9063089742669423, 1.0411356421742597, 1.1707782820731572, 1.3055477055973708, 1.4368351620593487, 1.571546855751117, 1.7019581106117636, 1.8371985040184653, 1.9668823251866243, 2.1019783705794746, 2.2316635514543246, 2.366572385138176, 2.49612541925322, 2.6308461046078353, 2.7602012197209227, 2.8948028728688087, 3.023894349812126, 3.1584294833490114, 3.287277284268552, 3.4217568177038387, 3.550449481840493, 3.6848045527600704, 3.813355848973137, 3.947590502394906, 4.0]}, "F_evals": {"EF_glob_adap_acc": [2.0, 4.0, 6.0, 8.0, 10.0, 12.0, 14.0, 16.0, 18.0, 20.0, 22.0, 24.0, 26.0, 28.0, 30.0, 32.0, 34.0, 36.0, 38.0, 40.0, 42.0, 44.0, 46.0, 48.0, 50.0, 52.0, 54.0, 56.0, 58.0, 60.0, 62.0, 64.0, 66.0, 68.0]}, "A_evals": {"EF_glob_adap_acc": [0.0, 0.0, 0.0, 0.0, 0.0, 0.0, 0.0, 0.0, 0.0, 0.0, 0.0, 0.0, 0.0, 0.0, 0.0, 0.0, 0.0, 0.0, 0.0, 0.0, 0.0, 0.0, 0.0, 0.0, 0.0, 0.0, 0.0, 0.0, 0.0, 0.0, 0.0, 0.0, 0.0, 0.0, 0.0]}}