{"exec_times": {"EB_global_adap_jac": [4.520416259765625e-06, 1.0322657871246337, 2.074035587310791, 3.0996480274200437, 4.113954992294311, 5.1695547199249265, 6.159819965362549, 7.225076427459717, 8.302171630859375, 9.35818507194519, 10.425886907577514, 11.551980237960816, 12.736361618041991, 14.560971632003785, 17.153325223922728]}, "ts_s": {"EB_global_adap_jac": [0, 0.01175306659589688, 0.027013017588021833, 0.04718558532327978, 0.07448150359599995, 0.11262468692088953, 0.16780941034737573, 0.2502490827252126, 0.3743478444948838, 0.5419913356590753, 0.7755787671588168, 1.1245375965802986, 1.67848463579098, 2.5626083056576894, 3.878245555040292, 4.0]}, "F_evals": {"EB_global_adap_jac": [2.0, 4.0, 6.0, 8.0, 10.0, 12.0, 14.0, 16.0, 18.0, 20.0, 22.0, 24.0, 27.0, 31.0, 33.0]}, "A_evals": {"EB_global_adap_jac": [2.0, 4.0, 6.0, 8.0, 10.0, 12.0, 14.0, 16.0, 18.0, 20.0, 22.0, 24.0, 27.0, 31.0, 33.0]}}