{"exec_times": {"EF_glob_adap_acc": [2.2602081298828126e-06, 0.14455432891845704, 0.28588261604309084, 0.42138879776000976, 0.566229658126831, 0.709856595993042, 0.847699670791626, 0.9794598960876465, 1.1112839126586913, 1.2447841453552246, 1.39069504737854, 1.5386351203918458, 1.6787375164031983, 1.820042266845703, 1.9751264953613281, 2.120236577987671, 2.265813226699829, 2.410559320449829, 2.547457609176636, 2.6890053272247316, 2.822956418991089, 2.959690446853638, 3.1003036308288574, 3.2357350063323973, 3.379000301361084, 3.518231906890869, 3.6492991638183594, 3.7825677490234373, 3.9166732692718504, 4.052720327377319, 4.185723438262939, 4.323781242370606, 4.465857639312744, 4.599274635314941]}, "ts_s": {"EF_glob_adap_acc": [0, 0.011758452836496444, 0.02921842580741158, 0.05760604396217202, 0.11506820215874797, 0.19657720883656207, 0.33893563748811484, 0.5133543881418832, 0.6430343455996832, 0.7796253867897806, 0.9063089742669423, 1.0411356421742597, 1.1707782820731572, 1.3055477055973708, 1.4368351620593487, 1.571546855751117, 1.7019581106117636, 1.8371985040184653, 1.9668823251866243, 2.1019783705794746, 2.2316635514543246, 2.366572385138176, 2.49612541925322, 2.6308461046078353, 2.7602012197209227, 2.8948028728688087, 3.023894349812126, 3.1584294833490114, 3.287277284268552, 3.4217568177038387, 3.550449481840493, 3.6848045527600704, 3.813355848973137, 3.947590502394906, 4.0]}, "F_evals": {"EF_glob_adap_acc": [2.0, 4.0, 6.0, 8.0, 10.0, 12.0, 14.0, 16.0, 18.0, 20.0, 22.0, 24.0, 26.0, 28.0, 30.0, 32.0, 34.0, 36.0, 38.0, 40.0, 42.0, 44.0, 46.0, 48.0, 50.0, 52.0, 54.0, 56.0, 58.0, 60.0, 62.0, 64.0, 66.0, 68.0]}, "A_evals": {"EF_glob_adap_acc": [0.0, 0.0, 0.0, 0.0, 0.0, 0.0, 0.0, 0.0, 0.0, 0.0, 0.0, 0.0, 0.0, 0.0, 0.0, 0.0, 0.0, 0.0, 0.0, 0.0, 0.0, 0.0, 0.0, 0.0, 0.0, 0.0, 0.0, 0.0, 0.0, 0.0, 0.0, 0.0, 0.0, 0.0, 0.0]}}