{"exec_times": {"EF_local_adap": [1.888275146484375e-06, 0.08876659393310547, 0.17377177238464356, 0.2586713027954102, 0.3457479476928711, 0.43111002922058106, 0.5158402729034424, 0.6005270290374756, 0.6860439491271972, 0.7726963424682617, 0.857302942276001, 0.9420606231689453, 1.0272702598571777, 1.1119090080261231, 1.1966952419281005, 1.2818029022216797, 1.3672189807891846, 1.451783618927002, 1.5379878044128419, 1.6230310535430907, 1.7084571361541747, 1.7930363750457763, 1.8777575588226318, 1.9626621913909912, 2.047883291244507, 2.132373933792114, 2.2171386909484863, 2.302239398956299, 2.3875179195404055, 2.473669672012329, 2.5587988471984864, 2.6441577529907225, 2.7295870208740234, 2.814191598892212, 2.898922395706177, 2.9839640522003172, 3.0694288349151613, 3.1539469718933106, 3.2388414764404296, 3.3241665840148924, 3.4105042457580566, 3.4953939533233642, 3.580520439147949, 3.6696645164489747, 3.758087854385376, 3.8456946754455568, 3.9324722194671633, 4.017430934906006, 4.102441568374633, 4.189705209732056, 4.2745977306365965, 4.360096979141235, 4.444805555343628, 4.529627552032471, 4.6149955749511715, 4.700302343368531, 4.7850774383544925, 4.869904069900513, 4.955145177841186, 5.040224151611328, 5.125224285125732, 5.211504316329956, 5.3006798267364506, 5.386641283035278, 5.477164726257325]}, "ts_s": {"EF_local_adap": [0, 0.016621346179391552, 0.04709793546608029, 0.09202239539942486, 0.141635670406538, 0.194807504385817, 0.25069902061500227, 0.3086706168334214, 0.36824289344223887, 0.4290296909201162, 0.490745222814554, 0.5531897842308091, 0.6162165460100827, 0.6797200327513285, 0.7436181494321904, 0.8078461341322541, 0.8723523660562296, 0.9370953430270097, 1.0020414817598156, 1.0671634737881461, 1.1324389958263321, 1.1978497381649342, 1.263380658571847, 1.3290194002242337, 1.3947558318634679, 1.4605816805600678, 1.5264902355691068, 1.5924761073459757, 1.6585350297547172, 1.7246636963657827, 1.7908327484642836, 1.8569087648586442, 1.9228915756469653, 1.988781560092175, 2.0545795667657614, 2.120286845873949, 2.1859049913311375, 2.2514358907405674, 2.3168816818086593, 2.382244714012848, 2.447527514578668, 2.512732758012502, 2.5778632385911124, 2.6429218453350023, 2.7079085645837746, 2.7728257158684424, 2.8376764150606344, 2.902463797650655, 2.9671910017574095, 3.0318611527451114, 3.096477348974594, 3.161042648614573, 3.225560057492042, 3.290032517977748, 3.3544628989084266, 3.4188539868497356, 3.4832084783871977, 3.5475289727324983, 3.6118179657483775, 3.676077845010888, 3.7403104743119364, 3.8045178849477237, 3.868702148002158, 3.932865215515591, 3.997008920229943, 4.0]}, "F_evals": {"EF_local_adap": [1.0, 2.0, 3.0, 4.0, 5.0, 6.0, 7.0, 8.0, 9.0, 10.0, 11.0, 12.0, 13.0, 14.0, 15.0, 16.0, 17.0, 18.0, 19.0, 20.0, 21.0, 22.0, 23.0, 24.0, 25.0, 26.0, 27.0, 28.0, 29.0, 30.0, 31.0, 32.0, 33.0, 34.0, 35.0, 36.0, 37.0, 38.0, 39.0, 40.0, 41.0, 42.0, 43.0, 44.0, 45.0, 46.0, 47.0, 48.0, 49.0, 50.0, 51.0, 52.0, 53.0, 54.0, 55.0, 56.0, 57.0, 58.0, 59.0, 60.0, 61.0, 62.0, 63.0, 64.0, 65.0]}, "A_evals": {"EF_local_adap": [1.0, 2.0, 3.0, 4.0, 5.0, 6.0, 7.0, 8.0, 9.0, 10.0, 11.0, 12.0, 13.0, 14.0, 15.0, 16.0, 17.0, 18.0, 19.0, 20.0, 21.0, 22.0, 23.0, 24.0, 25.0, 26.0, 27.0, 28.0, 29.0, 30.0, 31.0, 32.0, 33.0, 34.0, 35.0, 36.0, 37.0, 38.0, 39.0, 40.0, 41.0, 42.0, 43.0, 44.0, 45.0, 46.0, 47.0, 48.0, 49.0, 50.0, 51.0, 52.0, 53.0, 54.0, 55.0, 56.0, 57.0, 58.0, 59.0, 60.0, 61.0, 62.0, 63.0, 64.0, 65.0]}}