{"exec_times": {"EF_glob_adap_stab": [2.3651123046875e-06, 0.34945974349975584, 0.7028151035308838, 1.0558347702026367, 1.39349778175354, 1.7341115188598633, 2.075087757110596, 2.419386625289917, 2.7676035499572755, 3.1058584022521973, 3.448913908004761, 3.766842384338379, 4.100202045440674, 4.4281051731109615, 4.763378019332886, 5.092897243499756, 5.437489929199219, 5.767687044143677, 6.122509031295777, 6.472317781448364, 6.81368727684021, 7.153102817535401, 7.5114359855651855, 7.8385555458068845, 8.17287787437439, 8.510801630020142, 8.836158533096313, 9.181284017562866, 9.518221683502198, 9.848516626358032, 10.17759129524231, 10.509179019927979, 10.831652822494506, 11.174224233627319, 11.506476802825928, 11.87103723526001, 12.211653194427491, 12.541703701019287, 12.88163239479065, 13.230841207504273, 13.561548404693603, 13.889394788742065, 14.213723459243774, 14.546121644973756, 14.879297971725464, 15.23919280052185, 15.575382061004639, 15.90664870262146, 16.232283411026, 16.566231393814085, 16.899506216049193, 17.232889709472655, 17.570232925415038, 17.89866579055786, 18.231062831878663, 18.550909118652342, 18.87465051651001, 19.20748222351074, 19.534793643951417, 19.85644543647766, 20.183294353485106, 20.513483419418336, 20.84855501174927, 21.175972127914427, 21.51356156349182]}, "ts_s": {"EF_glob_adap_stab": [0, 0.01175306659589688, 0.02920398579428192, 0.05757246853639948, 0.10318908937637714, 0.15344585954264525, 0.20712639678446898, 0.2634162699745848, 0.32170575915705313, 0.38153861947491274, 0.44254906460248167, 0.5044567357203782, 0.5670885535053887, 0.6303078205817306, 0.6940157081044236, 0.7581351616911134, 0.8226049121656193, 0.887375599097942, 0.9524070195811613, 1.017666139255875, 1.0831256254953145, 1.1487627122951862, 1.2145583514173335, 1.2804965625166582, 1.3465639256602724, 1.4127491785543294, 1.479042892325988, 1.5454372072168683, 1.611925614621853, 1.6785027754281887, 1.7451643671005508, 1.8117900752557539, 1.8783269353424927, 1.944773840746016, 2.0111303565686236, 2.0773966316884516, 2.1435733223756843, 2.209661525443262, 2.2756627193317196, 2.3415787118218643, 2.407411593309015, 2.473163694769633, 2.538837549713938, 2.6044358595546995, 2.669961462660403, 2.735417305259412, 2.8008064141042657, 2.8661315403445333, 2.9313922616117845, 2.9965917845046177, 3.0617333204897528, 3.1268200629307876, 3.1918551706154132, 3.2568417529395646, 3.321782856514184, 3.3866814531407607, 3.451540429135596, 3.5163625759869928, 3.5811504512986803, 3.645906178961967, 3.7106322529480975, 3.7753310471194457, 3.840004812108498, 3.904655673299996, 3.9692856298508383, 4.0]}, "F_evals": {"EF_glob_adap_stab": [1.0, 2.0, 3.0, 4.0, 5.0, 6.0, 7.0, 8.0, 9.0, 10.0, 11.0, 12.0, 13.0, 14.0, 15.0, 16.0, 17.0, 18.0, 19.0, 20.0, 21.0, 22.0, 23.0, 24.0, 25.0, 26.0, 27.0, 28.0, 29.0, 30.0, 31.0, 32.0, 33.0, 34.0, 35.0, 36.0, 37.0, 38.0, 39.0, 40.0, 41.0, 42.0, 43.0, 44.0, 45.0, 46.0, 47.0, 48.0, 49.0, 50.0, 51.0, 52.0, 53.0, 54.0, 55.0, 56.0, 57.0, 58.0, 59.0, 60.0, 61.0, 62.0, 63.0, 64.0, 65.0]}, "A_evals": {"EF_glob_adap_stab": [1.0, 2.0, 3.0, 4.0, 5.0, 6.0, 7.0, 8.0, 9.0, 10.0, 11.0, 12.0, 13.0, 14.0, 15.0, 16.0, 17.0, 18.0, 19.0, 20.0, 21.0, 22.0, 23.0, 24.0, 25.0, 26.0, 27.0, 28.0, 29.0, 30.0, 31.0, 32.0, 33.0, 34.0, 35.0, 36.0, 37.0, 38.0, 39.0, 40.0, 41.0, 42.0, 43.0, 44.0, 45.0, 46.0, 47.0, 48.0, 49.0, 50.0, 51.0, 52.0, 53.0, 54.0, 55.0, 56.0, 57.0, 58.0, 59.0, 60.0, 61.0, 62.0, 63.0, 64.0, 65.0]}}