{"exec_times": {"EF_local_adap": [2.5081634521484374e-06, 0.3700814914703369, 0.7201311588287354, 1.0616929817199707, 1.4021707630157472, 1.7438541889190673, 2.0970390701293944, 2.4391949462890623, 2.792250394821167, 3.12978045463562, 3.4595905208587645, 3.804160432815552, 4.144362411499023, 4.496098003387451, 4.836991128921508, 5.167190952301025, 5.524451475143433, 5.89260986328125, 6.25263674736023, 6.5833518505096436, 6.940973625183106, 7.273128404617309, 7.610529747009277, 7.962649068832397, 8.319630136489868, 8.655874280929565, 8.977661743164063, 9.303044872283936, 9.624103145599365, 9.956452302932739, 10.301419591903686, 10.631648015975951, 10.96798773765564, 11.29318829536438, 11.622458353042603, 11.972386283874512, 12.329977474212647, 12.653858404159546, 12.99309814453125, 13.331894397735596, 13.696715984344483, 14.050156049728393, 14.39711459159851, 14.76045192718506, 15.11342710494995, 15.457777404785157, 15.8388733959198, 16.19241644859314, 16.53401056289673, 16.876186933517456, 17.2145014667511, 17.551990575790406, 17.902731008529663, 18.249100532531738, 18.606867246627807, 18.955461931228637, 19.298664197921752, 19.635910959243773, 19.990573873519896, 20.361123075485228, 20.72660837173462, 21.0641227722168, 21.415138092041015, 21.76155650138855]}, "ts_s": {"EF_local_adap": [0, 0.02350613319179376, 0.06509428560273907, 0.112651959780469, 0.16411084107710908, 0.21871119373978465, 0.27568689874696545, 0.33449585938130144, 0.39472684495354726, 0.45602893765263514, 0.5181678665663845, 0.5809851189688147, 0.6443563845965199, 0.7081907433100612, 0.7724165958463649, 0.836976727198723, 0.9018248519619567, 0.9669231392547136, 1.0322404235728426, 1.0977508513172045, 1.1634328464370853, 1.2292683320282454, 1.2952421302758101, 1.3613414912316677, 1.4275557169906894, 1.4938758578470333, 1.5602944636191636, 1.6268053778383658, 1.6934035656411568, 1.7600849684439064, 1.826694109580283, 1.8932137520340855, 1.9596429876637893, 2.025981553871234, 2.0922297492832946, 2.158388360333474, 2.2244585968774664, 2.290442035334773, 2.356340568124944, 2.4221563583931296, 2.4878917992057383, 2.553549476550973, 2.6191321356391626, 2.684642650879459, 2.7500839971302744, 2.8154592231306195, 2.8807702499324237, 2.946017526247836, 3.0112042676509527, 3.07633368781957, 3.14140897797247, 3.20643329085899, 3.2714097263194075, 3.33634131824505, 3.4012310228966753, 3.4660817085638236, 3.530896146549324, 3.5956767051173313, 3.660425659541185, 3.725145478798423, 3.7898385108094375, 3.8545069795867484, 3.919152983471412, 3.983778494390058, 4.0]}, "F_evals": {"EF_local_adap": [1.0, 2.0, 3.0, 4.0, 5.0, 6.0, 7.0, 8.0, 9.0, 10.0, 11.0, 12.0, 13.0, 14.0, 15.0, 16.0, 17.0, 18.0, 19.0, 20.0, 21.0, 22.0, 23.0, 24.0, 25.0, 26.0, 27.0, 28.0, 29.0, 30.0, 31.0, 32.0, 33.0, 34.0, 35.0, 36.0, 37.0, 38.0, 39.0, 40.0, 41.0, 42.0, 43.0, 44.0, 45.0, 46.0, 47.0, 48.0, 49.0, 50.0, 51.0, 52.0, 53.0, 54.0, 55.0, 56.0, 57.0, 58.0, 59.0, 60.0, 61.0, 62.0, 63.0, 64.0]}, "A_evals": {"EF_local_adap": [1.0, 2.0, 3.0, 4.0, 5.0, 6.0, 7.0, 8.0, 9.0, 10.0, 11.0, 12.0, 13.0, 14.0, 15.0, 16.0, 17.0, 18.0, 19.0, 20.0, 21.0, 22.0, 23.0, 24.0, 25.0, 26.0, 27.0, 28.0, 29.0, 30.0, 31.0, 32.0, 33.0, 34.0, 35.0, 36.0, 37.0, 38.0, 39.0, 40.0, 41.0, 42.0, 43.0, 44.0, 45.0, 46.0, 47.0, 48.0, 49.0, 50.0, 51.0, 52.0, 53.0, 54.0, 55.0, 56.0, 57.0, 58.0, 59.0, 60.0, 61.0, 62.0, 63.0, 64.0]}}