{"exec_times": {"EF_glob_adap_stab": [2.2220611572265626e-06, 0.3115597343444824, 0.6211961269378662, 0.929988489151001, 1.2376582717895508, 1.544791431427002, 1.8537937355041505, 2.1626377391815184, 2.4716102027893068, 2.7816614055633546, 3.091675291061401, 3.4006571102142336, 3.710639591217041, 4.0212109184265135, 4.329479455947876, 4.638262882232666, 4.947882080078125, 5.260423460006714, 5.568898124694824, 5.879678649902344, 6.186756916046143, 6.496948833465576, 6.8104454612731935, 7.125861368179321, 7.437551202774048, 7.746462507247925, 8.069427633285523, 8.377277994155884, 8.685597877502442, 8.993263101577758, 9.303581867218018, 9.612932987213135, 9.92104965209961, 10.23054235458374, 10.537259159088135, 10.843660821914673, 11.151010999679565, 11.457350826263427, 11.764485301971435, 12.07060887336731, 12.379441080093384, 12.687131414413452, 12.995877103805542, 13.305926599502563, 13.614262371063232, 13.920689916610717, 14.228300676345825, 14.535235967636108, 14.8437393283844, 15.151185312271117, 15.45809006690979, 15.767685976028442, 16.076200361251832, 16.384843215942382, 16.691765909194945, 17.000456657409668, 17.30857611656189, 17.61457483291626, 17.921421728134156, 18.231184730529787, 18.546743564605713, 18.854030408859252, 19.165223627090455, 19.478579893112183, 19.78954726219177]}, "ts_s": {"EF_glob_adap_stab": [0, 0.01175306659589688, 0.02920398579428192, 0.05757246853639948, 0.10318908937637714, 0.15344585954264525, 0.20712639678446898, 0.2634162699745848, 0.32170575915705313, 0.38153861947491274, 0.44254906460248167, 0.5044567357203782, 0.5670885535053887, 0.6303078205817306, 0.6940157081044236, 0.7581351616911134, 0.8226049121656193, 0.887375599097942, 0.9524070195811613, 1.017666139255875, 1.0831256254953145, 1.1487627122951862, 1.2145583514173335, 1.2804965625166582, 1.3465639256602724, 1.4127491785543294, 1.479042892325988, 1.5454372072168683, 1.611925614621853, 1.6785027754281887, 1.7451643671005508, 1.8117900752557539, 1.8783269353424927, 1.944773840746016, 2.0111303565686236, 2.0773966316884516, 2.1435733223756843, 2.209661525443262, 2.2756627193317196, 2.3415787118218643, 2.407411593309015, 2.473163694769633, 2.538837549713938, 2.6044358595546995, 2.669961462660403, 2.735417305259412, 2.8008064141042657, 2.8661315403445333, 2.9313922616117845, 2.9965917845046177, 3.0617333204897528, 3.1268200629307876, 3.1918551706154132, 3.2568417529395646, 3.321782856514184, 3.3866814531407607, 3.451540429135596, 3.5163625759869928, 3.5811504512986803, 3.645906178961967, 3.7106322529480975, 3.7753310471194457, 3.840004812108498, 3.904655673299996, 3.9692856298508383, 4.0]}, "F_evals": {"EF_glob_adap_stab": [1.0, 2.0, 3.0, 4.0, 5.0, 6.0, 7.0, 8.0, 9.0, 10.0, 11.0, 12.0, 13.0, 14.0, 15.0, 16.0, 17.0, 18.0, 19.0, 20.0, 21.0, 22.0, 23.0, 24.0, 25.0, 26.0, 27.0, 28.0, 29.0, 30.0, 31.0, 32.0, 33.0, 34.0, 35.0, 36.0, 37.0, 38.0, 39.0, 40.0, 41.0, 42.0, 43.0, 44.0, 45.0, 46.0, 47.0, 48.0, 49.0, 50.0, 51.0, 52.0, 53.0, 54.0, 55.0, 56.0, 57.0, 58.0, 59.0, 60.0, 61.0, 62.0, 63.0, 64.0, 65.0]}, "A_evals": {"EF_glob_adap_stab": [1.0, 2.0, 3.0, 4.0, 5.0, 6.0, 7.0, 8.0, 9.0, 10.0, 11.0, 12.0, 13.0, 14.0, 15.0, 16.0, 17.0, 18.0, 19.0, 20.0, 21.0, 22.0, 23.0, 24.0, 25.0, 26.0, 27.0, 28.0, 29.0, 30.0, 31.0, 32.0, 33.0, 34.0, 35.0, 36.0, 37.0, 38.0, 39.0, 40.0, 41.0, 42.0, 43.0, 44.0, 45.0, 46.0, 47.0, 48.0, 49.0, 50.0, 51.0, 52.0, 53.0, 54.0, 55.0, 56.0, 57.0, 58.0, 59.0, 60.0, 61.0, 62.0, 63.0, 64.0, 65.0]}}