{"exec_times": {"EB_global_adap_jac": [5.092620849609375e-06, 0.7972386074066162, 1.590298662185669, 2.382188901901245, 3.1661426258087157, 3.9422607898712156, 4.735647554397583, 5.548272171020508, 6.365729427337646, 7.176448345184326, 8.01250039100647, 8.857082710266113, 9.740494508743286, 11.0790438747406, 12.967441473007202]}, "ts_s": {"EB_global_adap_jac": [0, 0.01175306659589688, 0.027013017588021833, 0.04718558532327978, 0.07448150359599995, 0.11262468692088953, 0.16780941034737573, 0.2502490827252126, 0.3743478444948838, 0.5419913356590753, 0.7755787671588168, 1.1245375965802986, 1.67848463579098, 2.5626083056576894, 3.878245555040292, 4.0]}, "F_evals": {"EB_global_adap_jac": [2.0, 4.0, 6.0, 8.0, 10.0, 12.0, 14.0, 16.0, 18.0, 20.0, 22.0, 24.0, 27.0, 31.0, 33.0]}, "A_evals": {"EB_global_adap_jac": [2.0, 4.0, 6.0, 8.0, 10.0, 12.0, 14.0, 16.0, 18.0, 20.0, 22.0, 24.0, 27.0, 31.0, 33.0]}}