{"0": [[4.8656873447791416, 100, 0.7701547145843506], [5.921037915622, 200, 2.145986795425415], [6.577932346531841, 300, 5.307590007781982], [7.000598362113847, 400, 10.821417808532715], [7.398588870568166, 500, 21.490785598754883], [7.707135445836559, 600, 38.04272961616516], [7.9545849394559704, 700, 63.06741237640381], [8.16479297078632, 800, 96.54214930534363], [8.349644322122737, 900, 137.84757113456726], [8.503935251937747, 1000, 191.3733434677124]], "1": [[4.8656873447791416, 100, 0.5144302845001221], [5.921037915622, 200, 2.062865972518921], [6.577932346531841, 300, 5.057752370834351], [7.000598362113847, 400, 10.243771076202393], [7.398588870568166, 500, 20.57481837272644], [7.707135445836559, 600, 36.59137678146362], [7.9545849394559704, 700, 60.6421103477478], [8.16479297078632, 800, 92.78399586677551], [8.349644322122737, 900, 133.42722606658936], [8.503935251937747, 1000, 187.61513543128967]], "2": [[4.8656873447791416, 100, 0.5272374153137207], [5.921037915622, 200, 1.9766662120819092], [6.577932346531841, 300, 5.3006346225738525], [7.000598362113847, 400, 10.498028039932251], [7.398588870568166, 500, 20.987516403198242], [7.707135445836559, 600, 37.391396284103394], [7.9545849394559704, 700, 62.8606014251709], [8.16479297078632, 800, 96.18305444717407], [8.349644322122737, 900, 138.55134463310242], [8.503935251937747, 1000, 192.71863341331482]], "3": [[4.8656873447791416, 100, 0.5029902458190918], [5.921037915622, 200, 1.8782508373260498], [6.577932346531841, 300, 5.1029372215271], [7.000598362113847, 400, 10.306346893310547], [7.398588870568166, 500, 20.722923278808594], [7.707135445836559, 600, 36.73339509963989], [7.9545849394559704, 700, 61.390756368637085], [8.16479297078632, 800, 94.08277940750122], [8.349644322122737, 900, 135.0177252292633], [8.503935251937747, 1000, 189.66511964797974]], "4": [[4.8656873447791416, 100, 0.5014045238494873], [5.921037915622, 200, 1.869349718093872], [6.577932346531841, 300, 4.868046760559082], [7.000598362113847, 400, 10.097053289413452], [7.398588870568166, 500, 21.06696057319641], [7.707135445836559, 600, 37.536468744277954], [7.9545849394559704, 700, 62.08488726615906], [8.16479297078632, 800, 95.66660952568054], [8.349644322122737, 900, 136.98697352409363], [8.503935251937747, 1000, 191.40903782844543]]}