{"0": [[67.47110253384162, 100, 2.6372063159942627], [145.74914645627524, 200, 15.918985605239868], [222.95055190357058, 300, 52.13963079452515], [313.514878068859, 400, 127.19657158851624], [414.46688371307226, 500, 299.33195400238037], [527.0349424782104, 600, 613.1671378612518], [647.2723754140295, 700, 1091.2646431922913], [747.2182964798678, 800, 1725.5823192596436], [863.3613096832378, 900, 2645.3213918209076], [971.5562854296409, 1000, 3790.3407032489777]], "1": [[67.47110253384162, 100, 2.856806516647339], [145.74914645627524, 200, 16.91937255859375], [222.95055190357058, 300, 50.315402030944824], [313.514878068859, 400, 121.85844206809998], [414.46688371307226, 500, 265.22280621528625], [527.0349424782104, 600, 552.829601764679], [647.2723754140295, 700, 1016.6566050052643], [747.2182964798678, 800, 1626.793131828308], [863.3613096832378, 900, 2524.3944618701935], [971.5562854296409, 1000, 3630.493758201599]], "2": [[67.47110253384162, 100, 2.809373140335083], [145.74914645627524, 200, 21.434796810150146], [222.95055190357058, 300, 57.24975538253784], [313.514878068859, 400, 134.06413793563843], [414.46688371307226, 500, 276.512727022171], [527.0349424782104, 600, 510.93842363357544], [647.2723754140295, 700, 898.6276109218597], [747.2182964798678, 800, 1577.599309206009], [863.3613096832378, 900, 2532.8029935359955], [971.5562854296409, 1000, 3660.797732591629]], "3": [[67.47110253384162, 100, 5.921141147613525], [145.74914645627524, 200, 21.605602025985718], [222.95055190357058, 300, 58.58617424964905], [313.514878068859, 400, 133.3520324230194], [414.46688371307226, 500, 279.34033370018005], [527.0349424782104, 600, 516.6537816524506], [647.2723754140295, 700, 904.6913669109344], [747.2182964798678, 800, 1584.897290945053], [863.3613096832378, 900, 2535.27233338356], [971.5562854296409, 1000, 3656.6619420051575]], "4": [[67.47110253384162, 100, 2.7927136421203613], [145.74914645627524, 200, 16.64935851097107], [222.95055190357058, 300, 49.679189682006836], [313.514878068859, 400, 126.09933423995972], [414.46688371307226, 500, 273.6067328453064], [527.0349424782104, 600, 530.5492832660675], [647.2723754140295, 700, 972.529412984848], [747.2182964798678, 800, 1616.8219254016876], [863.3613096832378, 900, 2524.967952489853], [971.5562854296409, 1000, 3616.4177055358887]]}