{"0": [[57.36751408819946, 200, 3.5459206104278564], [109.16202579534144, 400, 7.850536584854126], [167.23820573118368, 600, 13.726614236831665], [224.22851961367027, 800, 23.296569347381592], [277.3429359613874, 1000, 36.64893698692322], [325.0912656540769, 1200, 54.42722702026367], [377.89499231121977, 1400, 78.7054386138916], [430.84477229213235, 1600, 110.25243639945984], [477.5092719263614, 1800, 146.30531764030457], [529.660514104427, 2000, 193.08753895759583]], "1": [[57.36751408819946, 200, 3.5506339073181152], [109.16202579534144, 400, 7.96039605140686], [167.23820573118368, 600, 13.91207766532898], [224.22851961367027, 800, 23.55735445022583], [277.3429359613874, 1000, 36.97907781600952], [325.0912656540769, 1200, 54.87405514717102], [377.89499231121977, 1400, 79.32916951179504], [430.84477229213235, 1600, 111.01102876663208], [477.5092719263614, 1800, 147.17386102676392], [529.660514104427, 2000, 194.18813562393188]], "2": [[57.36751408819946, 200, 3.611168622970581], [109.16202579534144, 400, 8.01365613937378], [167.23820573118368, 600, 13.964335918426514], [224.22851961367027, 800, 23.60916042327881], [277.3429359613874, 1000, 37.1055064201355], [325.0912656540769, 1200, 55.03437066078186], [377.89499231121977, 1400, 79.51063513755798], [430.84477229213235, 1600, 111.13745188713074], [477.5092719263614, 1800, 147.38271474838257], [529.660514104427, 2000, 194.31062150001526]], "3": [[57.36751408819946, 200, 3.5674705505371094], [109.16202579534144, 400, 7.966404438018799], [167.23820573118368, 600, 13.988123416900635], [224.22851961367027, 800, 23.629981994628906], [277.3429359613874, 1000, 37.0883584022522], [325.0912656540769, 1200, 55.040852308273315], [377.89499231121977, 1400, 79.50822973251343], [430.84477229213235, 1600, 111.17404174804688], [477.5092719263614, 1800, 147.37419176101685], [529.660514104427, 2000, 194.42374300956726]], "4": [[57.36751408819946, 200, 3.633709192276001], [109.16202579534144, 400, 8.046939373016357], [167.23820573118368, 600, 14.022517681121826], [224.22851961367027, 800, 23.689154148101807], [277.3429359613874, 1000, 37.205549478530884], [325.0912656540769, 1200, 55.09106159210205], [377.89499231121977, 1400, 79.57747507095337], [430.84477229213235, 1600, 111.23195719718933], [477.5092719263614, 1800, 147.46036863327026], [529.660514104427, 2000, 194.40561270713806]]}