{"0": [[29.40102254137697, 100, 3.6565566062927246], [57.36751408819946, 200, 12.313423871994019], [82.21420666644063, 300, 30.129476070404053], [109.16202579534144, 400, 59.85667943954468], [138.5072132953762, 500, 122.69343042373657], [167.23820573118368, 600, 223.33633255958557], [196.67084501716153, 700, 376.00745844841003], [224.22851961367027, 800, 573.9657557010651], [251.38189670382644, 900, 823.1870934963226], [277.3429359613874, 1000, 1133.9530282020569]], "1": [[29.40102254137697, 100, 2.4736135005950928], [57.36751408819946, 200, 11.311620712280273], [82.21420666644063, 300, 28.974339723587036], [109.16202579534144, 400, 58.70806169509888], [138.5072132953762, 500, 121.73661851882935], [167.23820573118368, 600, 222.0641930103302], [196.67084501716153, 700, 374.090815782547], [224.22851961367027, 800, 571.3649969100952], [251.38189670382644, 900, 821.5202844142914], [277.3429359613874, 1000, 1131.8795862197876]], "2": [[29.40102254137697, 100, 2.4648027420043945], [57.36751408819946, 200, 11.182485103607178], [82.21420666644063, 300, 29.100233554840088], [109.16202579534144, 400, 59.81059956550598], [138.5072132953762, 500, 123.4346513748169], [167.23820573118368, 600, 223.39603185653687], [196.67084501716153, 700, 378.90307903289795], [224.22851961367027, 800, 574.458315372467], [251.38189670382644, 900, 823.7242023944855], [277.3429359613874, 1000, 1129.9380424022675]], "3": [[29.40102254137697, 100, 2.4642512798309326], [57.36751408819946, 200, 11.139462947845459], [82.21420666644063, 300, 28.994914293289185], [109.16202579534144, 400, 58.75282287597656], [138.5072132953762, 500, 121.765061378479], [167.23820573118368, 600, 223.07708024978638], [196.67084501716153, 700, 377.5443365573883], [224.22851961367027, 800, 576.5756149291992], [251.38189670382644, 900, 831.0666868686676], [277.3429359613874, 1000, 1142.7886638641357]], "4": [[29.40102254137697, 100, 2.70908784866333], [57.36751408819946, 200, 12.064610242843628], [82.21420666644063, 300, 30.579846620559692], [109.16202579534144, 400, 59.76314830780029], [138.5072132953762, 500, 122.20271968841553], [167.23820573118368, 600, 220.90576457977295], [196.67084501716153, 700, 374.1842017173767], [224.22851961367027, 800, 571.8070883750916], [251.38189670382644, 900, 822.7578730583191], [277.3429359613874, 1000, 1129.33207654953]]}