{"0": [[139.14085307785567, 100, 7.871840476989746], [323.8758128770988, 200, 50.42251014709473], [531.9092396121462, 300, 153.45004391670227], [791.6770148272524, 400, 388.6528129577637]], "1": [[139.14085307785567, 100, 8.4193856716156], [323.8758128770988, 200, 57.329394578933716], [531.9092396121462, 300, 166.0882065296173], [791.6770148272524, 400, 402.3759286403656]], "2": [[139.14085307785567, 100, 8.308867931365967], [323.8758128770988, 200, 57.141937255859375], [531.9092396121462, 300, 167.2110137939453], [791.6770148272524, 400, 406.6153795719147]], "3": [[139.14085307785567, 100, 8.534281015396118], [323.8758128770988, 200, 57.970210552215576], [531.9092396121462, 300, 170.74039340019226], [791.6770148272524, 400, 395.0371949672699]], "4": [[139.14085307785567, 100, 8.078978300094604], [323.8758128770988, 200, 58.15819692611694], [531.9092396121462, 300, 159.5400857925415], [791.6770148272524, 400, 394.0743293762207]]}