{"0": [[29.40102254137697, 100, 9.900195360183716], [57.36751408819946, 200, 16.530275344848633], [82.21420666644063, 300, 23.432664155960083], [109.16202579534144, 400, 31.89563512802124], [138.5072132953762, 500, 40.41779136657715], [167.23820573118368, 600, 53.593170166015625], [196.67084501716153, 700, 70.47456097602844], [224.22851961367027, 800, 90.02853393554688], [251.38189670382644, 900, 114.06549024581909], [277.3429359613874, 1000, 142.24572920799255]], "1": [[29.40102254137697, 100, 4.703049898147583], [57.36751408819946, 200, 10.094809770584106], [82.21420666644063, 300, 15.757040023803711], [109.16202579534144, 400, 22.72786784172058], [138.5072132953762, 500, 39.15705108642578], [167.23820573118368, 600, 50.07531666755676], [196.67084501716153, 700, 63.701170682907104], [224.22851961367027, 800, 88.77970290184021], [251.38189670382644, 900, 106.9974422454834], [277.3429359613874, 1000, 139.09783577919006]], "2": [[29.40102254137697, 100, 4.409574508666992], [57.36751408819946, 200, 9.540371894836426], [82.21420666644063, 300, 14.890225887298584], [109.16202579534144, 400, 21.54348850250244], [138.5072132953762, 500, 29.921189308166504], [167.23820573118368, 600, 40.50808143615723], [196.67084501716153, 700, 63.65501880645752], [224.22851961367027, 800, 79.00494027137756], [251.38189670382644, 900, 108.45988440513611], [277.3429359613874, 1000, 128.84723711013794]], "3": [[29.40102254137697, 100, 4.443568468093872], [57.36751408819946, 200, 9.60190749168396], [82.21420666644063, 300, 15.060272216796875], [109.16202579534144, 400, 21.87066960334778], [138.5072132953762, 500, 40.057151556015015], [167.23820573118368, 600, 50.88839769363403], [196.67084501716153, 700, 64.30420660972595], [224.22851961367027, 800, 89.31860542297363], [251.38189670382644, 900, 107.65520334243774], [277.3429359613874, 1000, 142.4929084777832]], "4": [[29.40102254137697, 100, 4.490983247756958], [57.36751408819946, 200, 9.679839849472046], [82.21420666644063, 300, 15.104548215866089], [109.16202579534144, 400, 21.857848405838013], [138.5072132953762, 500, 30.362043857574463], [167.23820573118368, 600, 40.929882526397705], [196.67084501716153, 700, 64.01653981208801], [224.22851961367027, 800, 79.52547192573547], [251.38189670382644, 900, 109.31869864463806], [277.3429359613874, 1000, 129.9468388557434]]}