{"0": [[57.36751408819946, 200, 8.890079259872437], [109.16202579534144, 400, 24.2499361038208], [167.23820573118368, 600, 57.76971244812012], [224.22851961367027, 800, 176.50222849845886], [277.3429359613874, 1000, 401.701007604599], [325.0912656540769, 1200, 724.5872790813446], [377.89499231121977, 1400, 1168.1122279167175], [430.84477229213235, 1600, 1714.1300044059753], [477.5092719263614, 1800, 2329.0814592838287], [529.660514104427, 2000, 3161.591328382492]], "1": [[57.36751408819946, 200, 8.936321020126343], [109.16202579534144, 400, 24.0232572555542], [167.23820573118368, 600, 57.60268235206604], [224.22851961367027, 800, 177.3236346244812], [277.3429359613874, 1000, 402.46310925483704], [325.0912656540769, 1200, 726.0440444946289], [377.89499231121977, 1400, 1167.8364686965942], [430.84477229213235, 1600, 1717.1366617679596], [477.5092719263614, 1800, 2334.649044752121], [529.660514104427, 2000, 3168.8896906375885]], "2": [[57.36751408819946, 200, 8.746066808700562], [109.16202579534144, 400, 23.619795322418213], [167.23820573118368, 600, 56.99475145339966], [224.22851961367027, 800, 176.15814089775085], [277.3429359613874, 1000, 398.6109881401062], [325.0912656540769, 1200, 722.8486158847809], [377.89499231121977, 1400, 1166.389295578003], [430.84477229213235, 1600, 1713.704253435135], [477.5092719263614, 1800, 2329.3145077228546], [529.660514104427, 2000, 3164.9750599861145]], "3": [[57.36751408819946, 200, 8.871854782104492], [109.16202579534144, 400, 23.93608331680298], [167.23820573118368, 600, 58.00714182853699], [224.22851961367027, 800, 178.32374548912048], [277.3429359613874, 1000, 401.23066878318787], [325.0912656540769, 1200, 722.3966281414032], [377.89499231121977, 1400, 1164.5149788856506], [430.84477229213235, 1600, 1713.5994787216187], [477.5092719263614, 1800, 2331.218280315399], [529.660514104427, 2000, 3160.4541935920715]], "4": [[57.36751408819946, 200, 9.009528160095215], [109.16202579534144, 400, 24.100209951400757], [167.23820573118368, 600, 58.345348596572876], [224.22851961367027, 800, 178.14919424057007], [277.3429359613874, 1000, 400.90949034690857], [325.0912656540769, 1200, 724.2280857563019], [377.89499231121977, 1400, 1164.7229747772217], [430.84477229213235, 1600, 1715.597767829895], [477.5092719263614, 1800, 2336.7997772693634], [529.660514104427, 2000, 3172.655167579651]]}