{"0": [[29.40102254137697, 100, 2.7426645755767822], [57.36751408819946, 200, 9.150583505630493], [82.21420666644063, 300, 23.8326895236969], [109.16202579534144, 400, 54.46508479118347], [138.5072132953762, 500, 110.92775774002075], [167.23820573118368, 600, 199.31636095046997], [196.67084501716153, 700, 333.073855638504], [224.22851961367027, 800, 556.5514130592346], [251.38189670382644, 900, 847.4027168750763], [277.3429359613874, 1000, 1208.512799501419]], "1": [[29.40102254137697, 100, 1.5342786312103271], [57.36751408819946, 200, 8.002721309661865], [82.21420666644063, 300, 22.93545889854431], [109.16202579534144, 400, 53.980417013168335], [138.5072132953762, 500, 116.67532157897949], [167.23820573118368, 600, 219.3899655342102], [196.67084501716153, 700, 373.24370980262756], [224.22851961367027, 800, 596.9555912017822], [251.38189670382644, 900, 874.8153908252716], [277.3429359613874, 1000, 1219.7188165187836]], "2": [[29.40102254137697, 100, 1.445401906967163], [57.36751408819946, 200, 7.834902286529541], [82.21420666644063, 300, 22.533591270446777], [109.16202579534144, 400, 53.2127103805542], [138.5072132953762, 500, 113.2119472026825], [167.23820573118368, 600, 210.91244792938232], [196.67084501716153, 700, 360.31276392936707], [224.22851961367027, 800, 579.7428059577942], [251.38189670382644, 900, 856.9924397468567], [277.3429359613874, 1000, 1202.4691319465637]], "3": [[29.40102254137697, 100, 1.4381990432739258], [57.36751408819946, 200, 7.702966928482056], [82.21420666644063, 300, 22.320595741271973], [109.16202579534144, 400, 51.716440200805664], [138.5072132953762, 500, 112.5868456363678], [167.23820573118368, 600, 208.9992356300354], [196.67084501716153, 700, 356.95750665664673], [224.22851961367027, 800, 579.6217539310455], [251.38189670382644, 900, 855.268805027008], [277.3429359613874, 1000, 1205.9587240219116]], "4": [[29.40102254137697, 100, 1.4434349536895752], [57.36751408819946, 200, 7.757378339767456], [82.21420666644063, 300, 22.351932525634766], [109.16202579534144, 400, 52.27841281890869], [138.5072132953762, 500, 114.20445418357849], [167.23820573118368, 600, 217.34984946250916], [196.67084501716153, 700, 372.36573100090027], [224.22851961367027, 800, 602.4345569610596], [251.38189670382644, 900, 893.0325710773468], [277.3429359613874, 1000, 1255.6105618476868]]}