{"0": [[57.36751408819946, 200, 12.983833312988281], [109.16202579534144, 400, 36.76030349731445], [167.23820573118368, 600, 66.0996687412262], [224.22851961367027, 800, 164.05707216262817], [277.3429359613874, 1000, 346.69331073760986], [325.0912656540769, 1200, 609.5478346347809], [377.89499231121977, 1400, 977.4304938316345], [430.84477229213235, 1600, 1426.3485474586487], [477.5092719263614, 1800, 1928.1014609336853], [529.660514104427, 2000, 2609.816507577896]], "1": [[57.36751408819946, 200, 12.898244142532349], [109.16202579534144, 400, 36.43625473976135], [167.23820573118368, 600, 65.41529512405396], [224.22851961367027, 800, 163.01467061042786], [277.3429359613874, 1000, 348.979873418808], [325.0912656540769, 1200, 614.3017008304596], [377.89499231121977, 1400, 979.428388595581], [430.84477229213235, 1600, 1430.313240289688], [477.5092719263614, 1800, 1941.0349233150482], [529.660514104427, 2000, 2629.0804805755615]], "2": [[57.36751408819946, 200, 13.113257884979248], [109.16202579534144, 400, 37.35971450805664], [167.23820573118368, 600, 66.96121573448181], [224.22851961367027, 800, 165.72428274154663], [277.3429359613874, 1000, 351.7405083179474], [325.0912656540769, 1200, 617.5110189914703], [377.89499231121977, 1400, 984.177848815918], [430.84477229213235, 1600, 1435.9532356262207], [477.5092719263614, 1800, 1947.8366057872772], [529.660514104427, 2000, 2638.0808210372925]], "3": [[57.36751408819946, 200, 12.642500162124634], [109.16202579534144, 400, 36.36871886253357], [167.23820573118368, 600, 66.59736895561218], [224.22851961367027, 800, 164.07658219337463], [277.3429359613874, 1000, 346.76031374931335], [325.0912656540769, 1200, 610.2054543495178], [377.89499231121977, 1400, 974.5126333236694], [430.84477229213235, 1600, 1423.9884195327759], [477.5092719263614, 1800, 1931.6405899524689], [529.660514104427, 2000, 2616.787999868393]], "4": [[57.36751408819946, 200, 12.53736138343811], [109.16202579534144, 400, 35.620726585388184], [167.23820573118368, 600, 64.2617461681366], [224.22851961367027, 800, 160.7270700931549], [277.3429359613874, 1000, 343.03136920928955], [325.0912656540769, 1200, 605.7859525680542], [377.89499231121977, 1400, 968.9494049549103], [430.84477229213235, 1600, 1416.4720764160156], [477.5092719263614, 1800, 1924.7763886451721], [529.660514104427, 2000, 2612.611476659775]]}