{"0": [[100, 2.396503448486328], [200, 8.278850317001343], [300, 21.201542615890503], [400, 44.594183921813965], [500, 89.50294494628906]], "1": [[100, 1.5264384746551514], [200, 7.293329477310181], [300, 19.87518882751465], [400, 42.836533069610596], [500, 84.29443883895874]], "2": [[100, 1.4945836067199707], [200, 7.360711574554443], [300, 19.09217619895935], [400, 42.154358863830566], [500, 84.07170844078064]], "3": [[100, 1.4827122688293457], [200, 7.29130744934082], [300, 19.93789553642273], [400, 42.00057673454285], [500, 83.79311561584473]], "4": [[100, 2.3928775787353516], [200, 8.300513982772827], [300, 21.07084560394287], [400, 43.28007912635803], [500, 85.07728099822998]]}