{"0": [[100, 0.6580805778503418], [200, 2.8885269165039062], [300, 7.99845290184021], [400, 16.81009340286255], [500, 33.417672872543335]], "1": [[100, 0.4839792251586914], [200, 2.651895523071289], [300, 7.34180760383606], [400, 16.193233489990234], [500, 32.95418572425842]], "2": [[100, 0.5097146034240723], [200, 2.567878246307373], [300, 7.468860626220703], [400, 16.9074764251709], [500, 36.54929327964783]], "3": [[100, 0.5085437297821045], [200, 2.5625925064086914], [300, 7.514140844345093], [400, 16.238177061080933], [500, 36.036357402801514]], "4": [[100, 0.5213642120361328], [200, 2.749307870864868], [300, 7.504920244216919], [400, 16.437947511672974], [500, 36.09427738189697]]}