{"exec_times": [2.8395652770996094e-06, 0.1641668677330017, 0.32906943559646606, 0.49767467975616453, 0.6610878610610962, 0.8235049295425415, 0.98658043384552, 1.1505169987678527, 1.317853651046753, 1.478524751663208, 1.6383395957946778, 1.8011933279037475, 1.9696746945381165, 2.1357561898231507, 2.2987856578826906, 2.461063826084137, 2.621654634475708, 2.7836453127861023, 2.9476812863349915, 3.110915105342865, 3.2733837127685548, 3.4409820342063906, 3.6070348143577577, 3.771491737365723, 3.9370124101638795, 4.101077239513398, 4.262880928516388, 4.424210634231567, 4.586376872062683, 4.750103929042816, 4.914213752746582, 5.08086633682251, 5.242956922054291, 5.411408474445343], "min_exec_times": [1.6689300537109375e-06, 0.13071489334106445, 0.25650691986083984, 0.3782951831817627, 0.5011522769927979, 0.6276779174804688, 0.7545404434204102, 0.8768782615661621, 1.0088353157043457, 1.1385166645050049, 1.2664506435394287, 1.3942985534667969, 1.5239107608795166, 1.6543974876403809, 1.7826879024505615, 1.9106862545013428, 2.0414326190948486, 2.1725642681121826, 2.3007712364196777, 2.4289257526397705, 2.5607032775878906, 2.6894381046295166, 2.8188488483428955, 2.947754383087158, 3.0787525177001953, 3.208665132522583, 3.3371315002441406, 3.466585159301758, 3.668020486831665, 3.8227248191833496, 3.951183795928955, 4.084544658660889, 4.215433597564697, 4.343753099441528], "max_exec_times": [1.7642974853515625e-05, 0.2821614742279053, 0.5472297668457031, 0.796872615814209, 1.1429412364959717, 1.5051367282867432, 1.7662646770477295, 2.0161938667297363, 2.2746267318725586, 2.53523588180542, 2.7956535816192627, 3.050569534301758, 3.3060190677642822, 3.5743963718414307, 3.8353586196899414, 4.0898354053497314, 4.3461833000183105, 4.610167503356934, 4.869470596313477, 5.124661445617676, 5.3826470375061035, 5.646549224853516, 5.906220436096191, 6.161859512329102, 6.419684648513794, 6.679437637329102, 6.937853574752808, 7.195811033248901, 7.526357650756836, 7.811906099319458, 8.070634365081787, 8.331434726715088, 8.589104413986206, 8.942227602005005], "F_evals": [2.0, 4.0, 6.0, 8.0, 10.0, 12.0, 14.0, 16.0, 18.0, 20.0, 22.0, 24.0, 26.0, 28.0, 30.0, 32.0, 34.0, 36.0, 38.0, 40.0, 42.0, 44.0, 46.0, 48.0, 50.0, 52.0, 54.0, 56.0, 58.0, 60.0, 62.0, 64.0, 66.0, 68.0], "A_evals": [0.0, 0.0, 0.0, 0.0, 0.0, 0.0, 0.0, 0.0, 0.0, 0.0, 0.0, 0.0, 0.0, 0.0, 0.0, 0.0, 0.0, 0.0, 0.0, 0.0, 0.0, 0.0, 0.0, 0.0, 0.0, 0.0, 0.0, 0.0, 0.0, 0.0, 0.0, 0.0, 0.0, 0.0, 0.0], "ts": [0, 0.011758452836496444, 0.02921842580741158, 0.05760604396217202, 0.11506820215874797, 0.19657720883656207, 0.33893563748811484, 0.5133543881418832, 0.6430343455996832, 0.7796253867897806, 0.9063089742669423, 1.0411356421742597, 1.1707782820731572, 1.3055477055973708, 1.4368351620593487, 1.571546855751117, 1.7019581106117636, 1.8371985040184653, 1.9668823251866243, 2.1019783705794746, 2.2316635514543246, 2.366572385138176, 2.49612541925322, 2.6308461046078353, 2.7602012197209227, 2.8948028728688087, 3.023894349812126, 3.1584294833490114, 3.287277284268552, 3.4217568177038387, 3.550449481840493, 3.6848045527600704, 3.813355848973137, 3.947590502394906, 4.0]}