{"exec_times": [2.3484230041503905e-06, 1.3432804441452026, 2.6729103112220765, 4.002594532966614, 4.9158077049255375, 5.8360319685935975, 6.75776564836502, 7.678617930412292, 8.599165380001068, 9.519042749404907, 10.438667628765106, 11.358613817691802, 12.278659217357635, 13.197337048053742, 14.116116280555724, 15.036595087051392, 15.956330020427703, 16.876239485740662, 17.796314520835878, 18.71600814819336, 19.635520401000978, 20.554353194236754, 21.473541450500488, 22.393880038261415, 23.31382863521576, 24.232531082630157, 25.152394959926607, 26.07067953109741, 26.989634528160096, 27.907465846538543, 28.826643528938295, 29.745464766025542, 30.664542212486268, 31.586552472114562, 32.50703101634979, 33.42612755775452, 34.34676642894745, 35.26835552215576, 36.18901547431946, 37.10886229753494, 38.03115336418152, 38.95199874162674, 39.87329538822174, 40.79411777496338, 41.715412826538085, 42.63518169879913, 43.555009665489195, 44.47425706624985, 45.39460540533066, 46.31503247737884, 47.2350727558136, 48.154781250953675, 49.07494054555893, 49.99505103111267, 50.91447032213211, 51.83519856929779, 52.75644840717316, 53.67786065340042, 54.5996385717392, 55.520134205818174, 56.441630380153654, 57.36286975860596, 58.2830459690094], "min_exec_times": [1.9073486328125e-06, 1.3206050395965576, 2.6369502544403076, 3.9639158248901367, 4.8667519092559814, 5.777225494384766, 6.694185495376587, 7.616177558898926, 8.532023191452026, 9.450446128845215, 10.366693496704102, 11.280134677886963, 12.195975065231323, 13.104727506637573, 14.016868591308594, 14.930379629135132, 15.842289686203003, 16.75203800201416, 17.66719627380371, 18.581971883773804, 19.495896100997925, 20.41092324256897, 21.32402229309082, 22.238332986831665, 23.15171980857849, 24.05986261367798, 24.971301794052124, 25.8791663646698, 26.794523239135742, 27.709048986434937, 28.63085126876831, 29.54458498954773, 30.457635402679443, 31.373006343841553, 32.28395962715149, 33.197245359420776, 34.10601758956909, 35.01545214653015, 35.92507576942444, 36.839086055755615, 37.77159237861633, 38.68364429473877, 39.59880256652832, 40.51402735710144, 41.423959493637085, 42.33463430404663, 43.250497579574585, 44.16276812553406, 45.0665237903595, 45.97697472572327, 46.8924834728241, 47.804537534713745, 48.71346354484558, 49.62527537345886, 50.53447914123535, 51.447354793548584, 52.36140179634094, 53.280921459198, 54.236629247665405, 55.1483895778656, 56.058669328689575, 56.96649503707886, 57.89197778701782], "max_exec_times": [4.5299530029296875e-06, 2.6876370906829834, 5.337885618209839, 7.999537229537964, 9.826762437820435, 11.692996501922607, 13.548396110534668, 15.389939785003662, 17.224863290786743, 19.06349468231201, 20.891862869262695, 22.732334852218628, 24.565129041671753, 26.404597759246826, 28.244357109069824, 30.074871301651, 31.935178518295288, 33.79462432861328, 35.650349617004395, 37.470871925354004, 39.304465532302856, 41.13887047767639, 43.01626682281494, 44.84647345542908, 46.68313550949097, 48.51699948310852, 50.350637435913086, 52.19514060020447, 54.03290915489197, 55.86665105819702, 57.703068017959595, 59.53700017929077, 61.36433434486389, 63.1979718208313, 65.03639888763428, 66.86739158630371, 68.70629382133484, 70.54648494720459, 72.38917875289917, 74.22853374481201, 76.07213115692139, 77.9145393371582, 79.75258803367615, 81.5945234298706, 83.4240550994873, 85.264164686203, 87.10243964195251, 88.94631433486938, 90.77563810348511, 92.60986018180847, 94.44285249710083, 96.27804613113403, 98.11640000343323, 99.97159123420715, 101.82071566581726, 103.66576743125916, 105.50524759292603, 107.35015535354614, 109.19954347610474, 111.04542064666748, 112.91445112228394, 114.76466417312622, 116.61767244338989], "F_evals": [1.0994794679005206, 2.209369577790631, 3.325043377674958, 4.325043377674958, 5.325043377674958, 6.325043377674958, 7.325043377674958, 8.325043377674959, 9.325043377674959, 10.325043377674959, 11.325043377674959, 12.325043377674959, 13.325043377674959, 14.325043377674959, 15.325043377674959, 16.32504337767496, 17.32504337767496, 18.32504337767496, 19.32504337767496, 20.32504337767496, 21.32504337767496, 22.32504337767496, 23.32504337767496, 24.32504337767496, 25.32504337767496, 26.32504337767496, 27.32504337767496, 28.32504337767496, 29.32504337767496, 30.32504337767496, 31.32504337767496, 32.32504337767496, 33.32504337767496, 34.32504337767496, 35.32504337767496, 36.32504337767496, 37.32504337767496, 38.32504337767496, 39.32504337767496, 40.32504337767496, 41.32504337767496, 42.32504337767496, 43.32504337767496, 44.32504337767496, 45.32504337767496, 46.32504337767496, 47.32504337767496, 48.32504337767496, 49.32504337767496, 50.32504337767496, 51.32504337767496, 52.32504337767496, 53.32504337767496, 54.32504337767496, 55.32504337767496, 56.32504337767496, 57.32504337767496, 58.32504337767496, 59.32504337767496, 60.32504337767496, 61.32504337767496, 62.32504337767496, 63.32504337767496], "A_evals": [1.0, 2.0, 3.0, 4.0, 5.0, 6.0, 7.0, 8.0, 9.0, 10.0, 11.0, 12.0, 13.0, 14.0, 15.0, 16.0, 17.0, 18.0, 19.0, 20.0, 21.0, 22.0, 23.0, 24.0, 25.0, 26.0, 27.0, 28.0, 29.0, 30.0, 31.0, 32.0, 33.0, 34.0, 35.0, 36.0, 37.0, 38.0, 39.0, 40.0, 41.0, 42.0, 43.0, 44.0, 45.0, 46.0, 47.0, 48.0, 49.0, 50.0, 51.0, 52.0, 53.0, 54.0, 55.0, 56.0, 57.0, 58.0, 59.0, 60.0, 61.0, 62.0, 63.0], "ts": [0, 0.023506133191793756, 0.06275834777081137, 0.10876192007447086, 0.15949565455758777, 0.21396506502599033, 0.2709052715735444, 0.3297458201059767, 0.39004553407965364, 0.4514425040744546, 0.5137100407626713, 0.5766740724836845, 0.6402149247759973, 0.7042405192221642, 0.7686784448755929, 0.8334707581069825, 0.8985703980400621, 0.9639380456159563, 1.0295370021674481, 1.0953403568885953, 1.161325406290188, 1.227472899496209, 1.2937664570686958, 1.3601921160482262, 1.426737968263217, 1.4933938686695125, 1.5601511995165227, 1.6270026787202567, 1.6939421907803571, 1.7609646459218649, 1.8280658610483675, 1.8952424577930307, 1.962491774332847, 2.0297366443960607, 2.096891226740969, 2.1639548055044053, 2.2309271840897598, 2.2978086307336065, 2.3645998299154987, 2.431301839546415, 2.497916050668272, 2.564444150221324, 2.630888087026929, 2.6972500401110424, 2.763532389009941, 2.829737685770918, 2.8958686284256387, 2.9619280357701694, 3.0279188233339775, 3.0938439804611484, 3.1597065484613767, 3.225508198152762, 3.291249554196741, 3.3569337870963194, 3.4225640530239168, 3.48814347441755, 3.5536751245923184, 3.619162013674499, 3.6846070757636507, 3.750013157343037, 3.815383006973724, 3.880719266300483, 3.946024462384342, 4.0]}