{"exec_times": [2.360343933105469e-06, 0.5618755316734314, 1.1272263240814209, 1.6893013906478882, 2.2507847857475283, 2.8116753673553467, 3.373524718284607, 3.9347015762329103, 4.495892190933228, 5.058469069004059, 5.620771853923798, 6.182856919765473, 6.744443640708924, 7.306555814743042, 7.868810081481934, 8.431053783893585, 8.991854531764984, 9.554060680866241, 10.117466394901276, 10.679884629249573, 11.242248275279998, 11.804405608177184, 12.36631901025772, 12.927321424484253, 13.489574463367463, 14.050712461471557, 14.613582172393798, 15.176162421703339, 15.737708113193513, 16.299859058856963, 16.86233701467514, 17.423743224143983, 17.985681850910186, 18.54673453569412, 19.108297901153563, 19.669353699684144, 20.230933794975282, 20.792062668800355, 21.354078931808473, 21.91598246574402, 22.477469379901887, 23.038447935581207, 23.59985469341278, 24.161225175857545, 24.722590036392212, 25.284487500190735, 25.845982842445373, 26.407674646377565, 26.96956743478775, 27.53090577840805, 28.092122328281402, 28.652733294963838, 29.213993294239046, 29.775221514701844, 30.337567970752715, 30.89928824186325, 31.46116431236267, 32.0232852602005, 32.584671351909634, 33.14532394170761, 33.706196830272674, 34.26776223182678, 34.82933401584625, 35.39135778427124, 35.954255964756015], "min_exec_times": [1.6689300537109375e-06, 0.552156925201416, 1.1118707656860352, 1.6665501594543457, 2.223404884338379, 2.7759270668029785, 3.334028482437134, 3.8858203887939453, 4.446372747421265, 4.999020338058472, 5.559593200683594, 6.126555442810059, 6.6810455322265625, 7.245464086532593, 7.798507213592529, 8.36040472984314, 8.911700248718262, 9.472750425338745, 10.032272338867188, 10.599076747894287, 11.160319328308105, 11.715857028961182, 12.274774074554443, 12.82778024673462, 13.389751434326172, 13.94462776184082, 14.505001306533813, 15.064499378204346, 15.61903429031372, 16.182270050048828, 16.736302852630615, 17.29634737968445, 17.850677728652954, 18.412797927856445, 18.965915203094482, 19.526404857635498, 20.084941864013672, 20.64312744140625, 21.205854415893555, 21.75909686088562, 22.322811365127563, 22.87479257583618, 23.435392379760742, 23.988300561904907, 24.550517559051514, 25.108378887176514, 25.664994955062866, 26.230305671691895, 26.78268790245056, 27.343764781951904, 27.89643406867981, 28.45897912979126, 29.01242733001709, 29.573792457580566, 30.13552498817444, 30.69077467918396, 31.251636505126953, 31.805392026901245, 32.36889934539795, 32.92250418663025, 33.48238801956177, 34.04129147529602, 34.59640622138977, 35.15382361412048, 35.70831227302551], "max_exec_times": [4.5299530029296875e-06, 1.2759854793548584, 2.7957026958465576, 4.004887819290161, 5.149749279022217, 6.267444849014282, 7.397589683532715, 8.51242733001709, 9.641899824142456, 10.766778469085693, 11.896705865859985, 13.02502727508545, 14.143992185592651, 15.277333974838257, 16.394757986068726, 17.528462409973145, 18.643394947052002, 19.77036476135254, 20.899207830429077, 22.01699733734131, 23.14871883392334, 24.263206958770752, 25.392991304397583, 26.510159015655518, 27.641445875167847, 28.757326364517212, 29.888867616653442, 31.01611065864563, 32.13849925994873, 33.307042837142944, 34.455536127090454, 35.60285186767578, 36.72082781791687, 37.8439724445343, 38.974695682525635, 40.093961238861084, 41.22262716293335, 42.33575773239136, 43.465320348739624, 44.58573770523071, 45.714836835861206, 46.835391998291016, 47.965928077697754, 49.0972740650177, 50.217411041259766, 51.354384422302246, 52.47355794906616, 53.601027965545654, 54.725236654281616, 55.84821391105652, 56.97916269302368, 58.10500121116638, 59.246214389801025, 60.37850570678711, 61.524163246154785, 62.65286874771118, 63.78758001327515, 64.92438387870789, 66.0613112449646, 67.19444608688354, 68.32190918922424, 69.45963311195374, 70.58388304710388, 71.71945405006409, 72.85160970687866], "F_evals": [1.0, 2.0, 3.0, 4.0, 5.0, 6.0, 7.0, 8.0, 9.0, 10.0, 11.0, 12.0, 13.0, 14.0, 15.0, 16.0, 17.0, 18.0, 19.0, 20.0, 21.0, 22.0, 23.0, 24.0, 25.0, 26.0, 27.0, 28.0, 29.0, 30.0, 31.0, 32.0, 33.0, 34.0, 35.0, 36.0, 37.0, 38.0, 39.0, 40.0, 41.0, 42.0, 43.0, 44.0, 45.0, 46.0, 47.0, 48.0, 49.0, 50.0, 51.0, 52.0, 53.0, 54.0, 55.0, 56.0, 57.0, 58.0, 59.0, 60.0, 61.0, 62.0, 63.0, 64.0, 65.0], "A_evals": [1.0, 2.0, 3.0, 4.0, 5.0, 6.0, 7.0, 8.0, 9.0, 10.0, 11.0, 12.0, 13.0, 14.0, 15.0, 16.0, 17.0, 18.0, 19.0, 20.0, 21.0, 22.0, 23.0, 24.0, 25.0, 26.0, 27.0, 28.0, 29.0, 30.0, 31.0, 32.0, 33.0, 34.0, 35.0, 36.0, 37.0, 38.0, 39.0, 40.0, 41.0, 42.0, 43.0, 44.0, 45.0, 46.0, 47.0, 48.0, 49.0, 50.0, 51.0, 52.0, 53.0, 54.0, 55.0, 56.0, 57.0, 58.0, 59.0, 60.0, 61.0, 62.0, 63.0, 64.0, 65.0], "ts": [0, 0.01175306659589688, 0.02920398579428192, 0.05757246400335016, 0.10318908565601861, 0.1534458819097569, 0.2071266313298028, 0.26341746052343096, 0.32170980164334884, 0.38154909282145455, 0.4425710881717024, 0.5044974866424853, 0.5671569416593845, 0.630414796324691, 0.6941729886630026, 0.7583553355435771, 0.822901154049887, 0.8877614184938651, 0.9528960476509594, 1.0182719408288223, 1.0838615352432504, 1.1496417339157003, 1.2155931033847704, 1.281699259658268, 1.3479463678925663, 1.4143227502583848, 1.4808185715348745, 1.5474255823956817, 1.614136906725852, 1.680946863194507, 1.7478508138868623, 1.8147211567145578, 1.8815086188135017, 1.94821156772113, 2.014829093159421, 2.081360917031886, 2.147807314349412, 2.214169043249944, 2.2804472826626987, 2.3466435764304774, 2.412759782918746, 2.4787980293532224, 2.54476067130761, 2.6106502541567354, 2.6764694775108206, 2.74222116288286, 2.8079082238889987, 2.8735321649252015, 2.939093569173407, 3.004595559122882, 3.070041262392784, 3.1354337893690283, 3.200776215271144, 3.266071564037267, 3.331322793861592, 3.3965327843359994, 3.4617043251681974, 3.5268401064479034, 3.5919424375013373, 3.6570135136958872, 3.7220557134242456, 3.7870712904042567, 3.8520623709796538, 3.9170309526244265, 3.9819789035647637, 4.0]}