{"exec_times": [2.315044403076172e-06, 0.13655213356018067, 0.2709139370918274, 0.4065989422798157, 0.5427345395088196, 0.6771324753761292, 0.8124171352386474, 0.9495546436309814, 1.083781807422638, 1.2199470758438111, 1.3541318583488464, 1.4908077549934386, 1.625145914554596, 1.7594781970977784, 1.8938772082328796, 2.0289866447448732, 2.1641743326187135, 2.299065396785736, 2.4351724791526794, 2.569841902256012, 2.706104564666748, 2.8417372632026674, 2.9760382437705992, 3.109789099693298, 3.2447358775138855, 3.380300748348236, 3.515930483341217, 3.651735534667969, 3.7874746179580687, 3.9223148703575133, 4.057089681625366, 4.193538990020752, 4.329171359539032, 4.465031704902649], "min_exec_times": [1.6689300537109375e-06, 0.12951898574829102, 0.25965452194213867, 0.3895087242126465, 0.521622896194458, 0.6513469219207764, 0.7807908058166504, 0.9169728755950928, 1.0472016334533691, 1.1779067516326904, 1.3075199127197266, 1.4407610893249512, 1.5688745975494385, 1.6948397159576416, 1.8344228267669678, 1.9644432067871094, 2.0939781665802, 2.228963851928711, 2.359224557876587, 2.490135908126831, 2.6202378273010254, 2.7570877075195312, 2.8876800537109375, 3.0187880992889404, 3.1493186950683594, 3.2791807651519775, 3.4137721061706543, 3.543611764907837, 3.673473834991455, 3.8040988445281982, 3.9375221729278564, 4.068372488021851, 4.198114633560181, 4.328097820281982], "max_exec_times": [1.9073486328125e-05, 0.2847096920013428, 0.5650715827941895, 0.8390581607818604, 1.1136665344238281, 1.4258689880371094, 1.6897563934326172, 1.9458436965942383, 2.208230495452881, 2.468013286590576, 2.793454170227051, 3.0531492233276367, 3.3148033618927, 3.575453996658325, 3.8375253677368164, 4.095597505569458, 4.3588361740112305, 4.619365692138672, 4.876178741455078, 5.1332786083221436, 5.451775550842285, 5.713679790496826, 5.9710259437561035, 6.231257677078247, 6.488458156585693, 6.793807506561279, 7.066106796264648, 7.326605558395386, 7.586887359619141, 7.847097873687744, 8.104320526123047, 8.366962432861328, 8.626272201538086, 8.884302139282227], "F_evals": [2.0, 4.0, 6.0, 8.0, 10.0, 12.0, 14.0, 16.0, 18.0, 20.0, 22.0, 24.0, 26.0, 28.0, 30.0, 32.0, 34.0, 36.0, 38.0, 40.0, 42.0, 44.0, 46.0, 48.0, 50.0, 52.0, 54.0, 56.0, 58.0, 60.0, 62.0, 64.0, 66.0, 68.0], "A_evals": [0.0, 0.0, 0.0, 0.0, 0.0, 0.0, 0.0, 0.0, 0.0, 0.0, 0.0, 0.0, 0.0, 0.0, 0.0, 0.0, 0.0, 0.0, 0.0, 0.0, 0.0, 0.0, 0.0, 0.0, 0.0, 0.0, 0.0, 0.0, 0.0, 0.0, 0.0, 0.0, 0.0, 0.0, 0.0], "ts": [0, 0.011758452836496444, 0.02921842580741158, 0.05760604396217202, 0.11506820215874797, 0.19657720883656207, 0.33893563748811484, 0.5133543881418832, 0.6430343455996832, 0.7796253867897806, 0.9063089742669423, 1.0411356421742597, 1.1707782820731572, 1.3055477055973708, 1.4368351620593487, 1.571546855751117, 1.7019581106117636, 1.8371985040184653, 1.9668823251866243, 2.1019783705794746, 2.2316635514543246, 2.366572385138176, 2.49612541925322, 2.6308461046078353, 2.7602012197209227, 2.8948028728688087, 3.023894349812126, 3.1584294833490114, 3.287277284268552, 3.4217568177038387, 3.550449481840493, 3.6848045527600704, 3.813355848973137, 3.947590502394906, 4.0]}