{"exec_times": [4.663467407226562e-06, 1.418912627696991, 2.8413170552253724, 4.268483712673187, 5.700051729679108, 7.139200005531311, 8.582837390899659, 10.03453194618225, 11.50139673948288, 12.980745553970337, 14.472101476192474, 15.997591857910157, 17.559005470275878, 19.915961852073668, 22.463504436016084], "min_exec_times": [4.0531158447265625e-06, 1.3821253776550293, 2.805039167404175, 4.226431369781494, 5.653797149658203, 7.087289094924927, 8.519032001495361, 9.968588590621948, 11.426902055740356, 12.904831171035767, 14.386862516403198, 15.912289142608643, 17.461011171340942, 19.79940366744995, 22.329065322875977], "max_exec_times": [1.8358230590820312e-05, 2.843737840652466, 5.715968132019043, 8.56691026687622, 11.420308828353882, 14.317766904830933, 17.20759081840515, 20.111088514328003, 23.054410219192505, 26.022315740585327, 28.992857933044434, 32.04220104217529, 35.14910364151001, 39.87637162208557, 44.95896816253662], "F_evals": [2.0, 4.0, 6.0, 8.0, 10.0, 12.0, 14.0, 16.0, 18.0, 20.0, 22.0, 24.0, 27.0, 30.0, 32.0], "A_evals": [2.0, 4.0, 6.0, 8.0, 10.0, 12.0, 14.0, 16.0, 18.0, 20.0, 22.0, 24.0, 27.0, 30.0, 32.0], "ts": [0, 0.01175306659589688, 0.027013017202703424, 0.047185582516161194, 0.0744814957617025, 0.11262470348481635, 0.1678091712061115, 0.25024647598481514, 0.3743542586360303, 0.5423995779668866, 0.7769966474233247, 1.1279726928440081, 1.6816077817138821, 2.5625108018242155, 3.8506868343875666, 4.0]}