{"exec_times": [2.3937225341796873e-06, 0.3495793628692627, 0.6955668115615845, 1.0463753032684326, 1.3915431594848633, 1.7428163933753966, 2.0907146286964418, 2.436677269935608, 2.7917041182518005, 3.141650414466858, 3.491916916370392, 3.8499539566040037, 4.196292548179627, 4.542829339504242, 4.903489632606506, 5.253546593189239, 5.6037033796310425, 5.959913325309754, 6.307699544429779, 6.662403318881989, 7.016828074455261, 7.361428780555725, 7.720396249294281, 8.07099895477295, 8.416930985450744, 8.772568356990813, 9.122751359939576, 9.472299411296845, 9.830770227909088, 10.178051006793975, 10.529392971992493, 10.887044825553893, 11.236771142482757, 11.59210158109665, 11.947541444301605, 12.291285998821259, 12.649098191261292, 13.001714596748352, 13.346916782855988, 13.708282182216644, 14.058903567790985, 14.408755910396575, 14.762708439826966, 15.111423592567444, 15.45858751296997, 15.816980080604553, 16.16854057073593, 16.51828701019287, 16.87015501499176, 17.220041172504423, 17.573886098861696, 17.92789590358734, 18.27527547597885, 18.631301870346068, 18.98322639465332, 19.327032668590547, 19.686464097499847, 20.036823952198027, 20.382810561656953, 20.74163348674774, 21.09116273164749, 21.43551947593689, 21.79136413574219, 22.140101149082184], "min_exec_times": [1.9073486328125e-06, 0.3259878158569336, 0.6579055786132812, 0.9895784854888916, 1.3216700553894043, 1.6503033638000488, 1.98154878616333, 2.3124992847442627, 2.640514850616455, 2.9742074012756348, 3.312460422515869, 3.644577741622925, 3.9786343574523926, 4.319514274597168, 4.65133810043335, 4.984863996505737, 5.317164421081543, 5.647394180297852, 5.976170539855957, 6.310244798660278, 6.641564130783081, 6.970378637313843, 7.323732852935791, 7.653574466705322, 7.9877870082855225, 8.316309690475464, 8.64818286895752, 8.989940881729126, 9.321030139923096, 9.656237602233887, 9.988937139511108, 10.319960594177246, 10.654284000396729, 10.98376202583313, 11.319480895996094, 11.657548666000366, 11.98728609085083, 12.323239088058472, 12.658968448638916, 12.989097595214844, 13.32492709159851, 13.659552574157715, 13.989267349243164, 14.325653314590454, 14.660356760025024, 14.990288257598877, 15.321562767028809, 15.655077695846558, 15.990742683410645, 16.32226848602295, 16.6573543548584, 16.986111402511597, 17.32117462158203, 17.656177282333374, 17.983866214752197, 18.319133281707764, 18.65207004547119, 19.0700900554657, 19.40308713912964, 19.7377347946167, 20.06515407562256, 20.39554452896118, 20.728700637817383, 21.054725170135498], "max_exec_times": [5.0067901611328125e-06, 1.0485007762908936, 1.8614726066589355, 2.618256092071533, 3.478083610534668, 4.239485740661621, 5.021669626235962, 6.081732988357544, 6.855871200561523, 7.729459762573242, 8.762409448623657, 9.642452716827393, 10.465798616409302, 11.286592483520508, 12.104588747024536, 13.186413049697876, 13.962132930755615, 14.791158437728882, 15.699257135391235, 16.714513540267944, 17.594218015670776, 18.514634609222412, 19.596389770507812, 20.46819496154785, 21.336896896362305, 22.12347388267517, 23.04686427116394, 23.82032346725464, 24.732195377349854, 25.603673696517944, 26.361804485321045, 27.217928886413574, 27.993207454681396, 28.76705574989319, 29.637159824371338, 30.41502332687378, 31.299782514572144, 32.14450216293335, 32.9967942237854, 33.91604995727539, 34.79207491874695, 35.56389045715332, 36.41208744049072, 37.2217583656311, 38.153175592422485, 39.0364670753479, 39.87607407569885, 40.672868728637695, 41.45027160644531, 42.566723585128784, 43.33379149436951, 44.11572027206421, 44.90009331703186, 45.66894507408142, 46.64357042312622, 47.413580656051636, 48.17520093917847, 48.94244146347046, 49.710110902786255, 50.729323387145996, 51.49462342262268, 52.29804873466492, 53.06252646446228, 53.951844930648804], "F_evals": [1.0, 2.0, 3.0, 4.0, 5.0, 6.0, 7.0, 8.0, 9.0, 10.0, 11.0, 12.0, 13.0, 14.0, 15.0, 16.0, 17.0, 18.0, 19.0, 20.0, 21.0, 22.0, 23.0, 24.0, 25.0, 26.0, 27.0, 28.0, 29.0, 30.0, 31.0, 32.0, 33.0, 34.0, 35.0, 36.0, 37.0, 38.0, 39.0, 40.0, 41.0, 42.0, 43.0, 44.0, 45.0, 46.0, 47.0, 48.0, 49.0, 50.0, 51.0, 52.0, 53.0, 54.0, 55.0, 56.0, 57.0, 58.0, 59.0, 60.0, 61.0, 62.0, 63.0, 64.0], "A_evals": [1.0, 2.0, 3.0, 4.0, 5.0, 6.0, 7.0, 8.0, 9.0, 10.0, 11.0, 12.0, 13.0, 14.0, 15.0, 16.0, 17.0, 18.0, 19.0, 20.0, 21.0, 22.0, 23.0, 24.0, 25.0, 26.0, 27.0, 28.0, 29.0, 30.0, 31.0, 32.0, 33.0, 34.0, 35.0, 36.0, 37.0, 38.0, 39.0, 40.0, 41.0, 42.0, 43.0, 44.0, 45.0, 46.0, 47.0, 48.0, 49.0, 50.0, 51.0, 52.0, 53.0, 54.0, 55.0, 56.0, 57.0, 58.0, 59.0, 60.0, 61.0, 62.0, 63.0, 64.0], "ts": [0, 0.02350613319179376, 0.06509428560273907, 0.112651959780469, 0.16411084107710908, 0.21871119373978465, 0.27568689874696545, 0.33449585938130144, 0.39472684495354726, 0.45602893765263514, 0.5181678665663845, 0.5809851189688147, 0.6443563845965199, 0.7081907433100612, 0.7724165958463649, 0.836976727198723, 0.9018248519619567, 0.9669231392547136, 1.0322404235728426, 1.0977508513172045, 1.1634328464370853, 1.2292683320282454, 1.2952421302758101, 1.3613414912316677, 1.4275557169906894, 1.4938758578470333, 1.5602944636191636, 1.6268053778383658, 1.6934035656411568, 1.7600849684439064, 1.826694109580283, 1.8932137520340855, 1.9596429876637893, 2.025981553871234, 2.0922297492832946, 2.158388360333474, 2.2244585968774664, 2.290442035334773, 2.356340568124944, 2.4221563583931296, 2.4878917992057383, 2.553549476550973, 2.6191321356391626, 2.684642650879459, 2.7500839971302744, 2.8154592231306195, 2.8807702499324237, 2.946017526247836, 3.0112042676509527, 3.07633368781957, 3.14140897797247, 3.20643329085899, 3.2714097263194075, 3.33634131824505, 3.4012310228966753, 3.4660817085638236, 3.530896146549324, 3.5956767051173313, 3.660425659541185, 3.725145478798423, 3.7898385108094375, 3.8545069795867484, 3.919152983471412, 3.983778494390058, 4.0]}