{"exec_times": [2.0742416381835936e-06, 0.13172078609466553, 0.2631424117088318, 0.3945128870010376, 0.5260854959487915, 0.6582910227775574, 0.790294258594513, 0.9223370599746704, 1.0536612057685852, 1.1851984786987304, 1.3171971201896668, 1.4488712215423585, 1.58044673204422, 1.711603012084961, 1.843188178539276, 1.9764653897285462, 2.108586776256561, 2.2407857632637023, 2.37229327917099, 2.5041177439689637, 2.635806562900543, 2.767081742286682, 2.898407852649689, 3.0299956464767455, 3.161153392791748, 3.292454733848572, 3.424088580608368, 3.555283536911011, 3.687064311504364, 3.818384988307953, 3.9501247572898865, 4.081940956115723, 4.213260860443115, 4.34416716337204], "min_exec_times": [1.6689300537109375e-06, 0.12819695472717285, 0.25698304176330566, 0.38533973693847656, 0.5142509937286377, 0.6439545154571533, 0.7725064754486084, 0.9015276432037354, 1.0307550430297852, 1.1571869850158691, 1.2823102474212646, 1.4067132472991943, 1.530820369720459, 1.6552047729492188, 1.7844433784484863, 1.9156529903411865, 2.045562744140625, 2.1749167442321777, 2.304419755935669, 2.432734727859497, 2.561582565307617, 2.6902153491973877, 2.8213179111480713, 2.950576066970825, 3.0844264030456543, 3.2139110565185547, 3.34265398979187, 3.4713094234466553, 3.60011625289917, 3.728685140609741, 3.860049247741699, 3.9897804260253906, 4.119622230529785, 4.248511075973511], "max_exec_times": [4.76837158203125e-06, 0.2554621696472168, 0.5089743137359619, 0.7645766735076904, 1.0118184089660645, 1.261383056640625, 1.512852430343628, 1.7690865993499756, 2.0239768028259277, 2.279799699783325, 2.534214496612549, 2.79170560836792, 3.0468993186950684, 3.317232131958008, 3.574226140975952, 3.835120916366577, 4.0902910232543945, 4.344266891479492, 4.598273992538452, 4.8583502769470215, 5.11331844329834, 5.367403984069824, 5.621812582015991, 5.878962278366089, 6.1345648765563965, 6.389310359954834, 6.648484230041504, 6.904421091079712, 7.171634197235107, 7.433758735656738, 7.6910505294799805, 7.94934606552124, 8.204669952392578, 8.458035707473755], "F_evals": [2.0, 4.0, 6.0, 8.0, 10.0, 12.0, 14.0, 16.0, 18.0, 20.0, 22.0, 24.0, 26.0, 28.0, 30.0, 32.0, 34.0, 36.0, 38.0, 40.0, 42.0, 44.0, 46.0, 48.0, 50.0, 52.0, 54.0, 56.0, 58.0, 60.0, 62.0, 64.0, 66.0, 68.0], "A_evals": [0.0, 0.0, 0.0, 0.0, 0.0, 0.0, 0.0, 0.0, 0.0, 0.0, 0.0, 0.0, 0.0, 0.0, 0.0, 0.0, 0.0, 0.0, 0.0, 0.0, 0.0, 0.0, 0.0, 0.0, 0.0, 0.0, 0.0, 0.0, 0.0, 0.0, 0.0, 0.0, 0.0, 0.0, 0.0], "ts": [0, 0.011758452836496444, 0.02921842580741158, 0.05760604396217202, 0.11506820215874797, 0.19657720883656207, 0.33893563748811484, 0.5133543881418832, 0.6430343455996832, 0.7796253867897806, 0.9063089742669423, 1.0411356421742597, 1.1707782820731572, 1.3055477055973708, 1.4368351620593487, 1.571546855751117, 1.7019581106117636, 1.8371985040184653, 1.9668823251866243, 2.1019783705794746, 2.2316635514543246, 2.366572385138176, 2.49612541925322, 2.6308461046078353, 2.7602012197209227, 2.8948028728688087, 3.023894349812126, 3.1584294833490114, 3.287277284268552, 3.4217568177038387, 3.550449481840493, 3.6848045527600704, 3.813355848973137, 3.947590502394906, 4.0]}