{"exec_times": [2.2482872009277343e-06, 0.3140308117866516, 0.6303289699554443, 0.9462384343147278, 1.264669361114502, 1.5771864771842956, 1.8951092076301574, 2.2091286063194273, 2.526242427825928, 2.84083696603775, 3.1558966183662416, 3.4686435151100157, 3.785253551006317, 4.099387097358703, 4.415702636241913, 4.730664427280426, 5.045173244476318, 5.360311987400055, 5.6740064978599545, 5.9907566165924075, 6.303257071971894, 6.6192747545242305, 6.931722965240478, 7.250753185749054, 7.5619303679466245, 7.8788401007652284, 8.191977951526642, 8.509397413730621, 8.823981440067291, 9.140483195781707, 9.453809435367583, 9.769236946105957, 10.082704775333404, 10.399559607505799, 10.713318185806274, 11.027905602455139, 11.344148054122925, 11.657760155200958, 11.975769550800324, 12.289914064407348, 12.607410717010499, 12.920160958766937, 13.236671679019928, 13.549772260189057, 13.86542573928833, 14.18024605512619, 14.496878530979156, 14.81137380838394, 15.12584186553955, 15.440738942623138, 15.755026323795319, 16.071453964710237, 16.38710901260376, 16.703716039657593, 17.015694198608397, 17.333814134597777, 17.645542950630187, 17.96306297302246, 18.27715598344803, 18.59430321931839, 18.907320804595948, 19.224829840660096, 19.536799256801604, 19.853850724697114, 20.168387343883513], "min_exec_times": [1.6689300537109375e-06, 0.30188608169555664, 0.6055707931518555, 0.9084959030151367, 1.214449405670166, 1.5197522640228271, 1.8250036239624023, 2.1312689781188965, 2.4770407676696777, 2.792440414428711, 3.0986595153808594, 3.400611400604248, 3.708888053894043, 4.017418622970581, 4.319004774093628, 4.656040668487549, 4.95969295501709, 5.278993606567383, 5.598753213882446, 5.904477834701538, 6.206757545471191, 6.5149970054626465, 6.816640615463257, 7.135878801345825, 7.438408851623535, 7.784035921096802, 8.089907169342041, 8.394212245941162, 8.698954105377197, 9.023666143417358, 9.325359582901001, 9.656137704849243, 9.957072496414185, 10.262317895889282, 10.565088748931885, 10.867613077163696, 11.174015760421753, 11.475778579711914, 11.835699081420898, 12.168046951293945, 12.471210479736328, 12.77968692779541, 13.08611512184143, 13.387835025787354, 13.725208044052124, 14.056403398513794, 14.358187913894653, 14.664499759674072, 14.966481685638428, 15.272915840148926, 15.608234405517578, 15.939156532287598, 16.244949102401733, 16.552711248397827, 16.85603928565979, 17.16487407684326, 17.46723961830139, 17.776594400405884, 18.079688549041748, 18.441301345825195, 18.747370719909668, 19.049479246139526, 19.35408639907837, 19.658305406570435, 19.961929321289062], "max_exec_times": [5.9604644775390625e-06, 0.6747643947601318, 1.2901458740234375, 1.9067964553833008, 2.5720582008361816, 3.202958106994629, 3.819075584411621, 4.497090578079224, 5.105180978775024, 5.7263336181640625, 6.342711448669434, 7.017256736755371, 7.638460636138916, 8.256521701812744, 8.926781415939331, 9.549492359161377, 10.161975145339966, 10.836522340774536, 11.457679510116577, 12.070448398590088, 12.747543096542358, 13.365761995315552, 13.981812953948975, 14.66395616531372, 15.27902340888977, 15.893365859985352, 16.56982922554016, 17.183193922042847, 17.80038070678711, 18.4238338470459, 19.09140706062317, 19.712499380111694, 20.3473801612854, 20.999629735946655, 21.61905312538147, 22.237155437469482, 22.909082889556885, 23.530238151550293, 24.139461755752563, 24.823729753494263, 25.44144868850708, 26.05173397064209, 26.666534900665283, 27.28043007850647, 27.891309022903442, 28.56680941581726, 29.17948293685913, 29.796130657196045, 30.410184621810913, 31.086647987365723, 31.705785512924194, 32.37942385673523, 32.99367332458496, 33.61292004585266, 34.22376751899719, 34.895413637161255, 35.5122275352478, 36.12193775177002, 36.79895830154419, 37.41403770446777, 38.02783393859863, 38.70332908630371, 39.31856966018677, 39.96055555343628, 40.63338661193848], "F_evals": [1.0, 2.0, 3.0, 4.0, 5.0, 6.0, 7.0, 8.0, 9.0, 10.0, 11.0, 12.0, 13.0, 14.0, 15.0, 16.0, 17.0, 18.0, 19.0, 20.0, 21.0, 22.0, 23.0, 24.0, 25.0, 26.0, 27.0, 28.0, 29.0, 30.0, 31.0, 32.0, 33.0, 34.0, 35.0, 36.0, 37.0, 38.0, 39.0, 40.0, 41.0, 42.0, 43.0, 44.0, 45.0, 46.0, 47.0, 48.0, 49.0, 50.0, 51.0, 52.0, 53.0, 54.0, 55.0, 56.0, 57.0, 58.0, 59.0, 60.0, 61.0, 62.0, 63.0, 64.0, 65.0], "A_evals": [1.0, 2.0, 3.0, 4.0, 5.0, 6.0, 7.0, 8.0, 9.0, 10.0, 11.0, 12.0, 13.0, 14.0, 15.0, 16.0, 17.0, 18.0, 19.0, 20.0, 21.0, 22.0, 23.0, 24.0, 25.0, 26.0, 27.0, 28.0, 29.0, 30.0, 31.0, 32.0, 33.0, 34.0, 35.0, 36.0, 37.0, 38.0, 39.0, 40.0, 41.0, 42.0, 43.0, 44.0, 45.0, 46.0, 47.0, 48.0, 49.0, 50.0, 51.0, 52.0, 53.0, 54.0, 55.0, 56.0, 57.0, 58.0, 59.0, 60.0, 61.0, 62.0, 63.0, 64.0, 65.0], "ts": [0, 0.01175306659589688, 0.02920398579428192, 0.05757246853639948, 0.10318908937637714, 0.15344585954264525, 0.20712639678446898, 0.2634162699745848, 0.32170575915705313, 0.38153861947491274, 0.44254906460248167, 0.5044567357203782, 0.5670885535053887, 0.6303078205817306, 0.6940157081044236, 0.7581351616911134, 0.8226049121656193, 0.887375599097942, 0.9524070195811613, 1.017666139255875, 1.0831256254953145, 1.1487627122951862, 1.2145583514173335, 1.2804965625166582, 1.3465639256602724, 1.4127491785543294, 1.479042892325988, 1.5454372072168683, 1.611925614621853, 1.6785027754281887, 1.7451643671005508, 1.8117900752557539, 1.8783269353424927, 1.944773840746016, 2.0111303565686236, 2.0773966316884516, 2.1435733223756843, 2.209661525443262, 2.2756627193317196, 2.3415787118218643, 2.407411593309015, 2.473163694769633, 2.538837549713938, 2.6044358595546995, 2.669961462660403, 2.735417305259412, 2.8008064141042657, 2.8661315403445333, 2.9313922616117845, 2.9965917845046177, 3.0617333204897528, 3.1268200629307876, 3.1918551706154132, 3.2568417529395646, 3.321782856514184, 3.3866814531407607, 3.451540429135596, 3.5163625759869928, 3.5811504512986803, 3.645906178961967, 3.7106322529480975, 3.7753310471194457, 3.840004812108498, 3.904655673299996, 3.9692856298508383, 4.0]}