{"exec_times": [2.3198127746582032e-06, 0.24496678352355958, 0.4907538342475891, 0.7441396832466125, 0.9896501874923707, 1.2342681550979615, 1.4792442584037782, 1.7243811798095703, 1.9695115399360656, 2.2147281193733215, 2.4598770356178283, 2.705103259086609, 2.9505744075775144, 3.1957017469406126, 3.441374108791351, 3.6866462326049803, 3.9323998928070067, 4.177842781543732, 4.4229858160018924, 4.668034284114838, 4.913387072086334, 5.158836925029755, 5.404431629180908, 5.650131685733795, 5.8959372615814205, 6.141303298473358, 6.3858995580673215, 6.631565797328949, 6.87698920249939, 7.1224205207824705, 7.367161493301392, 7.612746570110321, 7.857707433700561, 8.103263676166534], "min_exec_times": [1.6689300537109375e-06, 0.24053430557250977, 0.4815506935119629, 0.7281019687652588, 0.9736967086791992, 1.2150449752807617, 1.4572103023529053, 1.6994659900665283, 1.9440970420837402, 2.1869728565216064, 2.429903268814087, 2.673128843307495, 2.915295124053955, 3.156733274459839, 3.401062488555908, 3.6440272331237793, 3.8869099617004395, 4.129906177520752, 4.373801231384277, 4.614179611206055, 4.856145620346069, 5.102315425872803, 5.342982292175293, 5.585147380828857, 5.829143762588501, 6.075617790222168, 6.318072557449341, 6.559375524520874, 6.803689479827881, 7.047168016433716, 7.290956020355225, 7.532213926315308, 7.774286985397339, 8.018827438354492], "max_exec_times": [5.0067901611328125e-06, 0.4953336715698242, 0.9829797744750977, 1.5039868354797363, 1.9947354793548584, 2.4832844734191895, 2.9701786041259766, 3.4650022983551025, 3.952302932739258, 4.446920156478882, 4.933728456497192, 5.42736291885376, 5.914521932601929, 6.407995939254761, 6.895198583602905, 7.388912677764893, 7.874292850494385, 8.366509437561035, 8.852038145065308, 9.341932535171509, 9.831307172775269, 10.321940422058105, 10.854376077651978, 11.350956201553345, 11.83646559715271, 12.32818055152893, 12.815513372421265, 13.306176662445068, 13.792888164520264, 14.28420090675354, 14.770819902420044, 15.261097192764282, 15.7476966381073, 16.239885568618774], "F_evals": [2.0, 4.0, 6.0, 8.0, 10.0, 12.0, 14.0, 16.0, 18.0, 20.0, 22.0, 24.0, 26.0, 28.0, 30.0, 32.0, 34.0, 36.0, 38.0, 40.0, 42.0, 44.0, 46.0, 48.0, 50.0, 52.0, 54.0, 56.0, 58.0, 60.0, 62.0, 64.0, 66.0, 68.0], "A_evals": [0.0, 0.0, 0.0, 0.0, 0.0, 0.0, 0.0, 0.0, 0.0, 0.0, 0.0, 0.0, 0.0, 0.0, 0.0, 0.0, 0.0, 0.0, 0.0, 0.0, 0.0, 0.0, 0.0, 0.0, 0.0, 0.0, 0.0, 0.0, 0.0, 0.0, 0.0, 0.0, 0.0, 0.0, 0.0], "ts": [0, 0.011758452836496444, 0.02921842580741158, 0.05760603940496684, 0.11506818452076194, 0.19660324830074366, 0.3389374074805702, 0.5140767443681054, 0.6435192016043717, 0.7799680807694673, 0.9068909670215108, 1.0418942270287164, 1.17176109485328, 1.3069045520938651, 1.4384400682032639, 1.573635844084551, 1.7044219944736074, 1.8401513490013697, 1.970225319708133, 2.105842805842319, 2.2359385402178367, 2.371393175705884, 2.501365715886417, 2.6366518696606223, 2.7664294885102882, 2.901618421731461, 3.031128937535726, 3.166263863192691, 3.29553593284562, 3.430613539709624, 3.559726845832673, 3.6946766701121403, 3.823644692355045, 3.958464706232056, 4.0]}