{"exec_times": [2.2602081298828126e-06, 0.31417622566223147, 0.6283716249465943, 0.9448910903930664, 1.2570087242126464, 1.5730897068977356, 1.8873092412948609, 2.2004420709609986, 2.516086103916168, 2.830803894996643, 3.1451921916007994, 3.459208915233612, 3.7730799198150633, 4.088529031276703, 4.402549347877502, 4.717290894985199, 5.030819067955017, 5.345281600952148, 5.658976099491119, 5.973977971076965, 6.287881517410279, 6.601318781375885, 6.9157618808746335, 7.229234855175019, 7.5449929475784305, 7.857718896865845, 8.171399681568145, 8.487023613452912, 8.801205761432648, 9.114823055267333, 9.428867440223694, 9.7426962018013, 10.05743004322052, 10.372453553676605, 10.686722297668457, 11.000034489631652, 11.315256872177123, 11.629537014961242, 11.946139681339265, 12.260509898662567, 12.572644016742707, 12.888997237682343, 13.203580915927887, 13.51902470111847, 13.832213311195373, 14.146799561977387, 14.461065700054169, 14.77561048746109, 15.089233133792877, 15.40266996383667, 15.716319184303284, 16.0300324010849, 16.345473139286042, 16.659572734832764, 16.97264591693878, 17.287898700237275, 17.602662878036497, 17.918843231201173, 18.23192458152771, 18.54538434267044, 18.862153005599975, 19.175395946502686, 19.48986949920654, 19.802376074790956], "min_exec_times": [1.6689300537109375e-06, 0.3017103672027588, 0.604722261428833, 0.9089083671569824, 1.2142925262451172, 1.5170912742614746, 1.8319852352142334, 2.1394190788269043, 2.4429945945739746, 2.7504756450653076, 3.055596113204956, 3.3712542057037354, 3.678258180618286, 4.016784429550171, 4.33364200592041, 4.638312578201294, 4.946455001831055, 5.24955940246582, 5.568069934844971, 5.873023271560669, 6.181372165679932, 6.484854459762573, 6.790590286254883, 7.093836545944214, 7.400057792663574, 7.7277138233184814, 8.035446643829346, 8.337540864944458, 8.644399642944336, 8.952580451965332, 9.255538702011108, 9.585431337356567, 9.924590349197388, 10.231525421142578, 10.53521466255188, 10.838242292404175, 11.14614486694336, 11.451258182525635, 11.753899335861206, 12.061094045639038, 12.36362075805664, 12.667353630065918, 12.974403619766235, 13.277670621871948, 13.638028621673584, 13.945501565933228, 14.247528791427612, 14.550967931747437, 14.852468729019165, 15.158909559249878, 15.51796841621399, 15.820105791091919, 16.12406015396118, 16.4300274848938, 16.731415033340454, 17.038876056671143, 17.343611478805542, 17.705053091049194, 18.0139422416687, 18.31756854057312, 18.627336502075195, 18.937535047531128, 19.24150252342224, 19.596410274505615], "max_exec_times": [5.245208740234375e-06, 0.6080400943756104, 1.2168874740600586, 1.8304188251495361, 2.497896194458008, 3.1682817935943604, 3.7788829803466797, 4.388329982757568, 4.994460821151733, 5.605809926986694, 6.266353368759155, 6.929929256439209, 7.542568683624268, 8.152947664260864, 8.76006293296814, 9.369214296340942, 9.973044157028198, 10.641646385192871, 11.297943115234375, 11.906017303466797, 12.511569261550903, 13.124279737472534, 13.73603343963623, 14.399460077285767, 15.066049814224243, 15.675406217575073, 16.284061193466187, 16.8940110206604, 17.50101900100708, 18.114801168441772, 18.82840609550476, 19.43585515022278, 20.04798936843872, 20.65725302696228, 21.267408847808838, 21.87719202041626, 22.542113304138184, 23.210471391677856, 23.82118558883667, 24.433001041412354, 25.044034957885742, 25.655237674713135, 26.31838035583496, 26.980183362960815, 27.59198307991028, 28.19985270500183, 28.806936264038086, 29.413991928100586, 30.02184271812439, 30.689282417297363, 31.300818920135498, 31.912747144699097, 32.52097678184509, 33.1319842338562, 33.74118232727051, 34.411261320114136, 35.080522537231445, 35.69039702415466, 36.29970574378967, 36.90634298324585, 37.51197266578674, 38.12517166137695, 38.77864599227905, 39.38465714454651], "F_evals": [1.0, 2.0, 3.0, 4.0, 5.0, 6.0, 7.0, 8.0, 9.0, 10.0, 11.0, 12.0, 13.0, 14.0, 15.0, 16.0, 17.0, 18.0, 19.0, 20.0, 21.0, 22.0, 23.0, 24.0, 25.0, 26.0, 27.0, 28.0, 29.0, 30.0, 31.0, 32.0, 33.0, 34.0, 35.0, 36.0, 37.0, 38.0, 39.0, 40.0, 41.0, 42.0, 43.0, 44.0, 45.0, 46.0, 47.0, 48.0, 49.0, 50.0, 51.0, 52.0, 53.0, 54.0, 55.0, 56.0, 57.0, 58.0, 59.0, 60.0, 61.0, 62.0, 63.0, 64.0], "A_evals": [1.0, 2.0, 3.0, 4.0, 5.0, 6.0, 7.0, 8.0, 9.0, 10.0, 11.0, 12.0, 13.0, 14.0, 15.0, 16.0, 17.0, 18.0, 19.0, 20.0, 21.0, 22.0, 23.0, 24.0, 25.0, 26.0, 27.0, 28.0, 29.0, 30.0, 31.0, 32.0, 33.0, 34.0, 35.0, 36.0, 37.0, 38.0, 39.0, 40.0, 41.0, 42.0, 43.0, 44.0, 45.0, 46.0, 47.0, 48.0, 49.0, 50.0, 51.0, 52.0, 53.0, 54.0, 55.0, 56.0, 57.0, 58.0, 59.0, 60.0, 61.0, 62.0, 63.0, 64.0], "ts": [0, 0.02350613319179376, 0.06509428560273907, 0.112651959780469, 0.16411084107710908, 0.21871119373978465, 0.27568689874696545, 0.33449585938130144, 0.39472684495354726, 0.45602893765263514, 0.5181678665663845, 0.5809851189688147, 0.6443563845965199, 0.7081907433100612, 0.7724165958463649, 0.836976727198723, 0.9018248519619567, 0.9669231392547136, 1.0322404235728426, 1.0977508513172045, 1.1634328464370853, 1.2292683320282454, 1.2952421302758101, 1.3613414912316677, 1.4275557169906894, 1.4938758578470333, 1.5602944636191636, 1.6268053778383658, 1.6934035656411568, 1.7600849684439064, 1.826694109580283, 1.8932137520340855, 1.9596429876637893, 2.025981553871234, 2.0922297492832946, 2.158388360333474, 2.2244585968774664, 2.290442035334773, 2.356340568124944, 2.4221563583931296, 2.4878917992057383, 2.553549476550973, 2.6191321356391626, 2.684642650879459, 2.7500839971302744, 2.8154592231306195, 2.8807702499324237, 2.946017526247836, 3.0112042676509527, 3.07633368781957, 3.14140897797247, 3.20643329085899, 3.2714097263194075, 3.33634131824505, 3.4012310228966753, 3.4660817085638236, 3.530896146549324, 3.5956767051173313, 3.660425659541185, 3.725145478798423, 3.7898385108094375, 3.8545069795867484, 3.919152983471412, 3.983778494390058, 4.0]}