{"exec_times": [4.403591156005859e-06, 0.8136713480949402, 1.617149405479431, 2.420523993968964, 3.2287549424171447, 4.041568558216095, 4.858135731220245, 5.678636112213135, 6.5077429342269895, 7.346338152885437, 8.18880256652832, 9.052563145160676, 9.9375128865242, 11.261510808467865, 13.075431454181672], "min_exec_times": [3.814697265625e-06, 0.8029122352600098, 1.600560188293457, 2.3986399173736572, 3.196556329727173, 3.998826503753662, 4.809954881668091, 5.622974395751953, 6.448705434799194, 7.279749870300293, 8.112041711807251, 8.971814632415771, 9.851794242858887, 11.160871982574463, 12.952229261398315], "max_exec_times": [8.821487426757812e-06, 1.6167688369750977, 3.207810163497925, 4.803659677505493, 6.410076141357422, 8.025441408157349, 9.650112628936768, 11.290833711624146, 12.96175765991211, 14.632128477096558, 16.308207988739014, 18.02618098258972, 19.803871393203735, 22.44694185256958, 26.076250076293945], "F_evals": [2.0, 4.0, 6.0, 8.0, 10.0, 12.0, 14.0, 16.0, 18.0, 20.0, 22.0, 24.0, 27.0, 31.0, 33.0], "A_evals": [2.0, 4.0, 6.0, 8.0, 10.0, 12.0, 14.0, 16.0, 18.0, 20.0, 22.0, 24.0, 27.0, 31.0, 33.0], "ts": [0, 0.01175306659589688, 0.027013017588021833, 0.04718558532327978, 0.07448150359599995, 0.11262468692088953, 0.16780941034737573, 0.2502490827252126, 0.3743478444948838, 0.5419913356590753, 0.7755787671588168, 1.1245375965802986, 1.6784846357909797, 2.5626083056576894, 3.8782455550402792, 4.0]}