{"exec_times": [4.97579574584961e-06, 0.8422774600982667, 1.6806675148010255, 2.5213593578338624, 3.3700234270095826, 4.22182557106018, 5.073309953212738, 5.934149708747864, 6.805520977973938, 7.6920252656936645, 8.576418266296386, 9.492258083820342, 10.42898232460022, 11.864533534049988, 13.852709708213807], "min_exec_times": [4.0531158447265625e-06, 0.7966628074645996, 1.5951859951019287, 2.4015591144561768, 3.2041709423065186, 4.099291801452637, 4.907261610031128, 5.736398935317993, 6.644601583480835, 7.495065212249756, 8.355077743530273, 9.291996717453003, 10.213725805282593, 11.670888662338257, 13.645693302154541], "max_exec_times": [1.811981201171875e-05, 1.886648178100586, 3.674471378326416, 5.376622200012207, 7.07610821723938, 8.880184173583984, 10.620253324508667, 12.36616039276123, 14.070664405822754, 15.915578365325928, 17.608739614486694, 19.530418872833252, 21.338956594467163, 24.32279944419861, 28.312560081481934], "F_evals": [2.0, 4.0, 6.0, 8.0, 10.0, 12.0, 14.0, 16.0, 18.0, 20.0, 22.0, 24.0, 27.0, 31.0, 33.0], "A_evals": [2.0, 4.0, 6.0, 8.0, 10.0, 12.0, 14.0, 16.0, 18.0, 20.0, 22.0, 24.0, 27.0, 31.0, 33.0], "ts": [0, 0.01175306659589688, 0.027013017588021833, 0.04718558532327978, 0.07448150359599995, 0.11262468692088953, 0.16780941034737573, 0.2502490827252126, 0.3743478444948838, 0.5419913356590753, 0.7755787671588168, 1.1245375965802986, 1.67848463579098, 2.5626083056576894, 3.878245555040292, 4.0]}