{"exec_times": [2.605915069580078e-06, 0.5569550085067749, 1.1142408990859984, 1.6714011216163636, 2.227709255218506, 2.7864845275878904, 3.3422065496444704, 3.898905482292175, 4.453640456199646, 5.010963265895843, 5.567716727256775, 6.12368577003479, 6.679479913711548, 7.235228908061981, 7.792436285018921, 8.347806580066681, 8.90503277540207, 9.460927414894105, 10.020421223640442, 10.576859204769134, 11.134060204029083, 11.6926957821846, 12.248654184341431, 12.80633385181427, 13.36284556865692, 13.92152331829071, 14.479098975658417, 15.038669426441192, 15.59754421710968, 16.15585176706314, 16.71304455280304, 17.269035329818724, 17.825267519950867, 18.38019145488739, 18.936752989292145, 19.49190341949463, 20.049081609249114, 20.605424091815948, 21.162084102630615, 21.71944100141525, 22.275347690582276, 22.832637457847596, 23.388213050365447, 23.945333964824677, 24.50075505256653, 25.05809369087219, 25.61499661922455, 26.17290160894394, 26.731073117256166, 27.287875220775604, 27.8451331782341, 28.40065892457962, 28.95808721065521, 29.514313008785248, 30.071063208580018, 30.627027206420898, 31.182513568401337, 31.73918185710907, 32.29460727453232, 32.85202564239502, 33.40827535867691, 33.96618356704712, 34.522378273010254, 35.0801872587204], "min_exec_times": [1.9073486328125e-06, 0.5478475093841553, 1.0984492301940918, 1.65451979637146, 2.2060399055480957, 2.760277271270752, 3.307593584060669, 3.8673579692840576, 4.422544956207275, 4.972747325897217, 5.527626991271973, 6.079549312591553, 6.634366989135742, 7.182580471038818, 7.734156847000122, 8.281377077102661, 8.839196681976318, 9.395492315292358, 9.945804595947266, 10.49972653388977, 11.052514791488647, 11.608177900314331, 12.156925678253174, 12.711672067642212, 13.262205839157104, 13.821229696273804, 14.378498792648315, 14.926999568939209, 15.485239505767822, 16.034497022628784, 16.589253902435303, 17.137800931930542, 17.69432520866394, 18.24153232574463, 18.79927945137024, 19.346404314041138, 19.90343999862671, 20.46298909187317, 21.013426065444946, 21.572579622268677, 22.12125873565674, 22.671241521835327, 23.22422480583191, 23.7809898853302, 24.3309063911438, 24.884493827819824, 25.433650016784668, 26.013358116149902, 26.561367750167847, 27.11519503593445, 27.664563417434692, 28.21981978416443, 28.774779796600342, 29.32713747024536, 29.879820585250854, 30.4287211894989, 30.984009742736816, 31.53219699859619, 32.08303356170654, 32.63557028770447, 33.19803309440613, 33.75970649719238, 34.31681203842163, 34.89509725570679], "max_exec_times": [1.33514404296875e-05, 1.2196693420410156, 2.4540374279022217, 3.5794684886932373, 4.711252927780151, 5.833612680435181, 6.966166019439697, 8.081080198287964, 9.21112585067749, 10.33151650428772, 11.500320672988892, 12.622695207595825, 13.736135959625244, 14.870283603668213, 16.000035285949707, 17.122496843338013, 18.24014973640442, 19.36444592475891, 20.482618808746338, 21.598535537719727, 22.722463369369507, 23.836030960083008, 24.962116241455078, 26.072407960891724, 27.204347610473633, 28.320475578308105, 29.46406888961792, 30.58090615272522, 31.703006744384766, 32.83134317398071, 33.94017815589905, 35.07038068771362, 36.17941164970398, 37.3025803565979, 38.41842269897461, 39.54157471656799, 40.669413328170776, 41.77766013145447, 42.89972114562988, 44.0076322555542, 45.13388442993164, 46.24735188484192, 47.36617565155029, 48.48267149925232, 49.60131120681763, 50.72471213340759, 51.8389048576355, 52.960811138153076, 54.08326053619385, 55.2147855758667, 56.33181619644165, 57.447531938552856, 58.566120862960815, 59.69047784805298, 60.817166566848755, 61.93360161781311, 63.06614661216736, 64.18272972106934, 65.30940985679626, 66.43171048164368, 67.56319832801819, 68.69703412055969, 69.81889867782593, 70.95651960372925], "F_evals": [1.0, 2.0, 3.0, 4.0, 5.0, 6.0, 7.0, 8.0, 9.0, 10.0, 11.0, 12.0, 13.0, 14.0, 15.0, 16.0, 17.0, 18.0, 19.0, 20.0, 21.0, 22.0, 23.0, 24.0, 25.0, 26.0, 27.0, 28.0, 29.0, 30.0, 31.0, 32.0, 33.0, 34.0, 35.0, 36.0, 37.0, 38.0, 39.0, 40.0, 41.0, 42.0, 43.0, 44.0, 45.0, 46.0, 47.0, 48.0, 49.0, 50.0, 51.0, 52.0, 53.0, 54.0, 55.0, 56.0, 57.0, 58.0, 59.0, 60.0, 61.0, 62.0, 63.0, 64.0], "A_evals": [1.0, 2.0, 3.0, 4.0, 5.0, 6.0, 7.0, 8.0, 9.0, 10.0, 11.0, 12.0, 13.0, 14.0, 15.0, 16.0, 17.0, 18.0, 19.0, 20.0, 21.0, 22.0, 23.0, 24.0, 25.0, 26.0, 27.0, 28.0, 29.0, 30.0, 31.0, 32.0, 33.0, 34.0, 35.0, 36.0, 37.0, 38.0, 39.0, 40.0, 41.0, 42.0, 43.0, 44.0, 45.0, 46.0, 47.0, 48.0, 49.0, 50.0, 51.0, 52.0, 53.0, 54.0, 55.0, 56.0, 57.0, 58.0, 59.0, 60.0, 61.0, 62.0, 63.0, 64.0], "ts": [0, 0.02350613319179376, 0.06509428560273905, 0.11265195978046899, 0.16411085582020954, 0.21871142688175724, 0.27568823534035086, 0.3345004988938928, 0.3947387915185485, 0.4560537201935062, 0.5182131063915812, 0.5810605657989425, 0.644472900874693, 0.7083602948811418, 0.7726519465679775, 0.8372911603518123, 0.9022319276104439, 0.9674364907502602, 1.032873568439866, 1.0985170463173792, 1.1643449987221575, 1.230338958409586, 1.2964833404525888, 1.3627649791728405, 1.4291727630552804, 1.4956973401868834, 1.562330876542879, 1.6290668548730833, 1.6958999053409527, 1.762825661357164, 1.8296807611707826, 1.8964521982441274, 1.963138550919705, 2.029739093129588, 2.0962537078418175, 2.162682810825424, 2.2290272830509714, 2.2952884103608895, 2.361467829290876, 2.4275674781263326, 2.4935895525718257, 2.559536466367471, 2.6254108133378953, 2.6912153328290245, 2.7569528781159542, 2.8226263872717277, 2.8882365293207974, 2.95378476922797, 3.0192742387514326, 3.084708068209217, 3.1500893659700444, 3.215421201019417, 3.280706587275148, 3.3459484695338464, 3.4111497110093003, 3.4763130824366586, 3.54144125271327, 3.606536351578972, 3.6716007140978166, 3.7366366927135037, 3.801646514332228, 3.866632277918118, 3.931595953271428, 3.9965393809024525, 4.0]}