{"exec_times": [2.2292137145996093e-06, 0.30266690731048584, 0.6187718749046326, 0.9233550715446472, 1.229754502773285, 1.536203236579895, 1.8444558525085448, 2.1503581261634825, 2.457051758766174, 2.7612992310523987, 3.067129602432251, 3.373807170391083, 3.6815331506729128, 3.9879680705070495, 4.295804190635681, 4.602594199180603, 4.9100585508346555, 5.216726353168488, 5.524844992160797, 5.831046471595764, 6.138139967918396, 6.445387554168701, 6.752224981784821, 7.057501034736633, 7.3647581839561465, 7.6694101190567014, 7.975024001598358, 8.280762729644776, 8.587486681938172, 8.893054678440095, 9.200083129405975, 9.505680546760559, 9.811020941734315, 10.117051491737366, 10.425312707424164, 10.731249272823334, 11.037628092765807, 11.343181447982788, 11.649582402706146, 11.95444372177124, 12.260748691558838, 12.56638633966446, 12.872798981666564, 13.178853433132172, 13.487796838283538, 13.793615946769714, 14.100330414772033, 14.405198147296906, 14.710393085479737, 15.014816694259643, 15.32258367061615, 15.627593824863434, 15.93362068414688, 16.23888036727905, 16.545547122955323, 16.850266478061677, 17.156988980770112, 17.46264073371887, 17.77054672718048, 18.077275071144104, 18.384299678802492, 18.689579946994783, 18.995961537361143, 19.301910717487335, 19.609878838062286], "min_exec_times": [1.6689300537109375e-06, 0.29915499687194824, 0.6096956729888916, 0.9140434265136719, 1.2177765369415283, 1.519430160522461, 1.825395107269287, 2.127007246017456, 2.43023419380188, 2.7322850227355957, 3.0387701988220215, 3.3419699668884277, 3.64316987991333, 3.943641185760498, 4.251513481140137, 4.552304267883301, 4.854611158370972, 5.16289758682251, 5.467270374298096, 5.768856048583984, 6.075569152832031, 6.376780271530151, 6.679850101470947, 6.9835569858551025, 7.287298202514648, 7.5891273021698, 7.896956920623779, 8.204474449157715, 8.508801937103271, 8.810774087905884, 9.117683172225952, 9.41970944404602, 9.723766088485718, 10.025891065597534, 10.333408117294312, 10.635098218917847, 10.937485694885254, 11.245647192001343, 11.548246622085571, 11.849915504455566, 12.158219575881958, 12.459158182144165, 12.767045736312866, 13.072983026504517, 13.376100540161133, 13.679080963134766, 13.988580465316772, 14.29114842414856, 14.59772777557373, 14.90016794204712, 15.20341968536377, 15.50819706916809, 15.811630249023438, 16.114403009414673, 16.41687846183777, 16.722882747650146, 17.024729013442993, 17.326910257339478, 17.633314847946167, 17.934195041656494, 18.237862825393677, 18.541112899780273, 18.844184398651123, 19.147786617279053, 19.451597929000854], "max_exec_times": [4.76837158203125e-06, 0.6045312881469727, 1.242995023727417, 1.8622171878814697, 2.475574493408203, 3.0957443714141846, 3.7077505588531494, 4.319805145263672, 4.929781436920166, 5.536372423171997, 6.148406028747559, 6.758082151412964, 7.368149042129517, 7.978276252746582, 8.596161842346191, 9.234275817871094, 9.861671209335327, 10.476215362548828, 11.085998058319092, 11.695185899734497, 12.307456016540527, 12.91286849975586, 13.522265911102295, 14.136249780654907, 14.752111673355103, 15.359700918197632, 15.969672679901123, 16.579746961593628, 17.189149618148804, 17.80077290534973, 18.41346526145935, 19.018357038497925, 19.625027418136597, 20.239006519317627, 20.845855712890625, 21.452330589294434, 22.064525604248047, 22.670335054397583, 23.278987646102905, 23.88948369026184, 24.498738288879395, 25.10354256629944, 25.71512508392334, 26.32738184928894, 26.951876878738403, 27.558027982711792, 28.17675495147705, 28.784325122833252, 29.394617080688477, 30.00240969657898, 30.6160786151886, 31.223597288131714, 31.835100889205933, 32.44205641746521, 33.04947280883789, 33.65454864501953, 34.27655506134033, 34.91390252113342, 35.52300977706909, 36.1362566947937, 36.75216007232666, 37.35751962661743, 37.971322774887085, 38.58315992355347, 39.190778732299805], "F_evals": [1.0, 2.0, 3.0, 4.0, 5.0, 6.0, 7.0, 8.0, 9.0, 10.0, 11.0, 12.0, 13.0, 14.0, 15.0, 16.0, 17.0, 18.0, 19.0, 20.0, 21.0, 22.0, 23.0, 24.0, 25.0, 26.0, 27.0, 28.0, 29.0, 30.0, 31.0, 32.0, 33.0, 34.0, 35.0, 36.0, 37.0, 38.0, 39.0, 40.0, 41.0, 42.0, 43.0, 44.0, 45.0, 46.0, 47.0, 48.0, 49.0, 50.0, 51.0, 52.0, 53.0, 54.0, 55.0, 56.0, 57.0, 58.0, 59.0, 60.0, 61.0, 62.0, 63.0, 64.0, 65.0], "A_evals": [1.0, 2.0, 3.0, 4.0, 5.0, 6.0, 7.0, 8.0, 9.0, 10.0, 11.0, 12.0, 13.0, 14.0, 15.0, 16.0, 17.0, 18.0, 19.0, 20.0, 21.0, 22.0, 23.0, 24.0, 25.0, 26.0, 27.0, 28.0, 29.0, 30.0, 31.0, 32.0, 33.0, 34.0, 35.0, 36.0, 37.0, 38.0, 39.0, 40.0, 41.0, 42.0, 43.0, 44.0, 45.0, 46.0, 47.0, 48.0, 49.0, 50.0, 51.0, 52.0, 53.0, 54.0, 55.0, 56.0, 57.0, 58.0, 59.0, 60.0, 61.0, 62.0, 63.0, 64.0, 65.0], "ts": [0, 0.01175306659589688, 0.02920398579428192, 0.05757246853639948, 0.10318908937637714, 0.15344585954264525, 0.20712639678446898, 0.2634162699745848, 0.32170575915705313, 0.38153861947491274, 0.44254906460248167, 0.5044567357203782, 0.5670885535053887, 0.6303078205817306, 0.6940157081044236, 0.7581351616911134, 0.8226049121656193, 0.887375599097942, 0.9524070195811613, 1.017666139255875, 1.0831256254953145, 1.1487627122951862, 1.2145583514173335, 1.2804965625166582, 1.3465639256602724, 1.4127491785543294, 1.479042892325988, 1.5454372072168683, 1.611925614621853, 1.6785027754281887, 1.7451643671005508, 1.8117900752557539, 1.8783269353424927, 1.944773840746016, 2.0111303565686236, 2.0773966316884516, 2.1435733223756843, 2.209661525443262, 2.2756627193317196, 2.3415787118218643, 2.407411593309015, 2.473163694769633, 2.538837549713938, 2.6044358595546995, 2.669961462660403, 2.735417305259412, 2.8008064141042657, 2.8661315403445333, 2.9313922616117845, 2.9965917845046177, 3.0617333204897528, 3.1268200629307876, 3.1918551706154132, 3.2568417529395646, 3.321782856514184, 3.3866814531407607, 3.451540429135596, 3.5163625759869928, 3.5811504512986803, 3.645906178961967, 3.7106322529480975, 3.7753310471194457, 3.840004812108498, 3.904655673299996, 3.9692856298508383, 4.0]}