{"exec_times": [4.284381866455078e-06, 0.7670027470588684, 1.5377785873413086, 2.3074262619018553, 3.082141087055206, 3.86143753528595, 4.645397651195526, 5.435707991123199, 6.233864929676056, 7.0423114252090455, 7.857952055931091, 8.692372484207153, 9.553524179458618, 10.87388635635376, 12.708188018798829], "min_exec_times": [3.5762786865234375e-06, 0.7417244911193848, 1.4878170490264893, 2.235522508621216, 2.989820957183838, 3.7933475971221924, 4.561605453491211, 5.334629058837891, 6.151728630065918, 6.940790414810181, 7.743352890014648, 8.596023321151733, 9.431151151657104, 10.735776424407959, 12.569765329360962], "max_exec_times": [8.58306884765625e-06, 1.6007106304168701, 3.107124090194702, 4.6091578006744385, 6.226135492324829, 7.741629123687744, 9.327066421508789, 10.929840326309204, 12.489241361618042, 14.177334308624268, 15.760564804077148, 17.44360852241516, 19.187100887298584, 21.916626930236816, 25.64486336708069], "F_evals": [2.0, 4.0, 6.0, 8.0, 10.0, 12.0, 14.0, 16.0, 18.0, 20.0, 22.0, 24.0, 27.0, 31.0, 33.0], "A_evals": [2.0, 4.0, 6.0, 8.0, 10.0, 12.0, 14.0, 16.0, 18.0, 20.0, 22.0, 24.0, 27.0, 31.0, 33.0], "ts": [0, 0.01175306659589688, 0.027013017588021833, 0.04718558532327978, 0.07448150359599995, 0.11262468692088953, 0.16780941034737573, 0.2502490827252126, 0.3743478444948838, 0.5419913356590753, 0.7755787671588168, 1.1245375965802986, 1.67848463579098, 2.5626083056576894, 3.878245555040292, 4.0]}