{"exec_times": [4.496574401855469e-06, 1.3459012556076049, 2.6914821457862854, 4.037666463851929, 5.392865653038025, 6.758024928569793, 8.129803516864776, 9.510189530849457, 10.906133766174316, 12.317889676094055, 13.737126188278198, 15.195176401138305, 16.694751443862916, 18.992413778305053, 21.495172610282896], "min_exec_times": [4.0531158447265625e-06, 1.3336796760559082, 2.6694490909576416, 4.013419151306152, 5.35796046257019, 6.716980218887329, 8.08226490020752, 9.452871561050415, 10.846679449081421, 12.248271703720093, 13.66437578201294, 15.118355989456177, 16.61406970024109, 18.90842628479004, 21.395880460739136], "max_exec_times": [9.298324584960938e-06, 2.712902307510376, 5.417067050933838, 8.118857860565186, 10.851008415222168, 13.601567268371582, 16.363150119781494, 19.149298906326294, 21.937831163406372, 24.775171995162964, 27.627894163131714, 30.55323600769043, 33.6015784740448, 38.26390743255615, 43.34685039520264], "F_evals": [2.0, 4.0, 6.0, 8.0, 10.0, 12.0, 14.0, 16.0, 18.0, 20.0, 22.0, 24.0, 27.0, 30.0, 32.0], "A_evals": [2.0, 4.0, 6.0, 8.0, 10.0, 12.0, 14.0, 16.0, 18.0, 20.0, 22.0, 24.0, 27.0, 30.0, 32.0], "ts": [0, 0.01175306659589688, 0.027013017202703424, 0.047185582516161194, 0.0744814957617025, 0.11262470348481635, 0.1678091712061115, 0.2502464759848152, 0.37435425863603033, 0.5423995779668866, 0.7769966474233247, 1.1279726928440081, 1.6816077817138821, 2.5625108018242155, 3.850686834387276, 4.0]}