{"exec_times": [2.276897430419922e-06, 0.2652943849563599, 0.5300955986976623, 0.7971486878395081, 1.065559251308441, 1.3338638019561768, 1.604298849105835, 1.8724554133415223, 2.1428391432762144, 2.4104926705360414, 2.678411524295807, 2.9463211584091185, 3.214411997795105, 3.4821866297721864, 3.750672342777252, 4.019086775779724, 4.289208056926728, 4.556531836986542, 4.824671275615692, 5.0927462792396545, 5.361215615272522, 5.627045042514801, 5.893728668689728, 6.1611524987220765, 6.428636040687561, 6.698272910118103, 6.963661210536957, 7.2303118014335634, 7.497826924324036, 7.765818102359772, 8.034056413173676, 8.301677346229553, 8.56925366640091, 8.837473666667938], "min_exec_times": [1.9073486328125e-06, 0.24091577529907227, 0.4847419261932373, 0.7264328002929688, 0.9719007015228271, 1.2124195098876953, 1.457181692123413, 1.6978905200958252, 1.9415011405944824, 2.1826682090759277, 2.431478977203369, 2.672102451324463, 2.919748306274414, 3.1612586975097656, 3.4071431159973145, 3.6485435962677, 3.890597105026245, 4.132476091384888, 4.373929738998413, 4.624222040176392, 4.865425109863281, 5.107668161392212, 5.351341962814331, 5.595687627792358, 5.8382954597473145, 6.07907509803772, 6.324979066848755, 6.569232702255249, 6.809698104858398, 7.052571058273315, 7.293959617614746, 7.542367935180664, 7.78308367729187, 8.029459953308105], "max_exec_times": [1.1682510375976562e-05, 0.5107872486114502, 1.0109918117523193, 1.509124517440796, 2.0081653594970703, 2.5081467628479004, 3.010253667831421, 3.5441219806671143, 4.038251876831055, 4.518494606018066, 5.017861604690552, 5.518954753875732, 6.020978927612305, 6.5238001346588135, 7.0217976570129395, 7.555535078048706, 8.055658340454102, 8.548460483551025, 9.046942234039307, 9.548316955566406, 10.042844295501709, 10.539841175079346, 11.040643215179443, 11.535879850387573, 12.04604172706604, 12.557571649551392, 13.072048902511597, 13.56481671333313, 14.074275493621826, 14.584858894348145, 15.081319808959961, 15.589001655578613, 16.08916687965393, 16.577157497406006], "F_evals": [2.0, 4.0, 6.0, 8.0, 10.0, 12.0, 14.0, 16.0, 18.0, 20.0, 22.0, 24.0, 26.0, 28.0, 30.0, 32.0, 34.0, 36.0, 38.0, 40.0, 42.0, 44.0, 46.0, 48.0, 50.0, 52.0, 54.0, 56.0, 58.0, 60.0, 62.0, 64.0, 66.0, 68.0], "A_evals": [0.0, 0.0, 0.0, 0.0, 0.0, 0.0, 0.0, 0.0, 0.0, 0.0, 0.0, 0.0, 0.0, 0.0, 0.0, 0.0, 0.0, 0.0, 0.0, 0.0, 0.0, 0.0, 0.0, 0.0, 0.0, 0.0, 0.0, 0.0, 0.0, 0.0, 0.0, 0.0, 0.0, 0.0, 0.0], "ts": [0, 0.011758452836496444, 0.02921842580741158, 0.05760603940496684, 0.11506818452076194, 0.19660324830074366, 0.3389374074805702, 0.5140767443681054, 0.6435192016043717, 0.7799680807694673, 0.9068909670215108, 1.0418942270287164, 1.17176109485328, 1.3069045520938651, 1.4384400682032639, 1.573635844084551, 1.7044219944736074, 1.8401513490013697, 1.970225319708133, 2.105842805842319, 2.2359385402178367, 2.371393175705884, 2.501365715886417, 2.6366518696606223, 2.7664294885102882, 2.901618421731461, 3.031128937535726, 3.166263863192691, 3.29553593284562, 3.430613539709624, 3.559726845832673, 3.6946766701121403, 3.823644692355045, 3.958464706232056, 4.0]}