{"exec_times": [2.167224884033203e-06, 0.13155229330062868, 0.26283797502517703, 0.39497406244277955, 0.5268513917922973, 0.670428454875946, 0.802485671043396, 0.9334149289131165, 1.0647396039962769, 1.1957185339927674, 1.3266701889038086, 1.457234959602356, 1.588908121585846, 1.7196748042106629, 1.8508861374855041, 1.9818744921684266, 2.112505156993866, 2.2435240054130556, 2.37439994096756, 2.505172870159149, 2.635805034637451, 2.766580650806427, 2.897533302307129, 3.0282244229316713, 3.1593501496315004, 3.2902928233146667, 3.4215121769905092, 3.5522096872329714, 3.6831759881973265, 3.8140498423576354, 3.9450910568237303, 4.075556490421295, 4.206547753810883, 4.337149512767792], "min_exec_times": [1.6689300537109375e-06, 0.12755799293518066, 0.2554605007171631, 0.3839592933654785, 0.5128135681152344, 0.6516354084014893, 0.7814404964447021, 0.9100408554077148, 1.0385985374450684, 1.1678869724273682, 1.2962563037872314, 1.427246332168579, 1.5528924465179443, 1.6782004833221436, 1.807612419128418, 1.937312364578247, 2.066420078277588, 2.199941396713257, 2.329364776611328, 2.459057331085205, 2.588061571121216, 2.7164857387542725, 2.845106363296509, 2.9774858951568604, 3.107715129852295, 3.237306594848633, 3.3661954402923584, 3.498136043548584, 3.6269967555999756, 3.7563247680664062, 3.8850812911987305, 4.013880014419556, 4.14274001121521, 4.271794319152832], "max_exec_times": [4.5299530029296875e-06, 0.2528398036956787, 0.5074906349182129, 0.7562413215637207, 1.0056986808776855, 1.2989919185638428, 1.559345006942749, 1.8151416778564453, 2.0702290534973145, 2.328875780105591, 2.5918869972229004, 2.8476784229278564, 3.103436231613159, 3.3649935722351074, 3.62015962600708, 3.8750598430633545, 4.129194498062134, 4.387179613113403, 4.641702890396118, 4.896057844161987, 5.150065183639526, 5.409421920776367, 5.663827896118164, 5.918817043304443, 6.174493789672852, 6.4309141635894775, 6.684805393218994, 6.940028429031372, 7.194878816604614, 7.456035852432251, 7.711891174316406, 7.967273712158203, 8.22311282157898, 8.480912685394287], "F_evals": [2.0, 4.0, 6.0, 8.0, 10.0, 12.0, 14.0, 16.0, 18.0, 20.0, 22.0, 24.0, 26.0, 28.0, 30.0, 32.0, 34.0, 36.0, 38.0, 40.0, 42.0, 44.0, 46.0, 48.0, 50.0, 52.0, 54.0, 56.0, 58.0, 60.0, 62.0, 64.0, 66.0, 68.0], "A_evals": [0.0, 0.0, 0.0, 0.0, 0.0, 0.0, 0.0, 0.0, 0.0, 0.0, 0.0, 0.0, 0.0, 0.0, 0.0, 0.0, 0.0, 0.0, 0.0, 0.0, 0.0, 0.0, 0.0, 0.0, 0.0, 0.0, 0.0, 0.0, 0.0, 0.0, 0.0, 0.0, 0.0, 0.0, 0.0], "ts": [0, 0.011758452836496444, 0.02921842580741158, 0.05760604396217202, 0.11506820215874797, 0.19657720883656207, 0.33893563748811484, 0.5133543881418832, 0.6430343455996832, 0.7796253867897806, 0.9063089742669423, 1.0411356421742597, 1.1707782820731572, 1.3055477055973708, 1.4368351620593487, 1.571546855751117, 1.7019581106117636, 1.8371985040184653, 1.9668823251866243, 2.1019783705794746, 2.2316635514543246, 2.366572385138176, 2.49612541925322, 2.6308461046078353, 2.7602012197209227, 2.8948028728688087, 3.023894349812126, 3.1584294833490114, 3.287277284268552, 3.4217568177038387, 3.550449481840493, 3.6848045527600704, 3.813355848973137, 3.947590502394906, 4.0]}