{"exec_times": [2.2649765014648438e-06, 0.45844554901123047, 0.9177766513824462, 1.3755114150047303, 1.8331235432624817, 2.288064591884613, 2.7446669292449952, 3.201016540527344, 3.657055072784424, 4.111214733123779, 4.569484434127808, 5.0256117248535155, 5.4817032051086425, 5.936613614559174, 6.3925208616256715, 6.846436142921448, 7.304467120170593, 7.759216034412384, 8.21540126800537, 8.67124315738678, 9.127897403240205, 9.581926376819611, 10.03731168270111, 10.493147761821747, 10.948044276237487, 11.402340705394744, 11.857787396907806, 12.312379212379456, 12.766800208091736, 13.222961435317993, 13.677730898857117, 14.131491413116455, 14.5880322265625, 15.043320186138153, 15.497979307174683, 15.952099814414979, 16.408227746486663, 16.86254784822464, 17.318578519821166, 17.773209192752837, 18.230119907855986, 18.68611614704132, 19.14262674331665, 19.597666306495668, 20.054277040958404, 20.509602987766264, 20.964000153541566, 21.419437987804415, 21.875545809268953, 22.329740340709687, 22.78586599826813, 23.24307524204254, 23.69863287448883, 24.154278790950777, 24.611501533985138, 25.06650644302368, 25.52146683216095, 25.977344505786895, 26.431111402511597, 26.884108629226684, 27.33935749053955, 27.792913417816163, 28.24702795267105, 28.702475168704986], "min_exec_times": [1.6689300537109375e-06, 0.44467711448669434, 0.892327070236206, 1.3411333560943604, 1.792137622833252, 2.2455103397369385, 2.6947784423828125, 3.1437461376190186, 3.59226131439209, 4.038447141647339, 4.493282318115234, 4.936828374862671, 5.386096000671387, 5.830904722213745, 6.290667772293091, 6.742169618606567, 7.185843229293823, 7.646539926528931, 8.108189821243286, 8.554084062576294, 9.000178337097168, 9.4481680393219, 9.895136833190918, 10.3520348072052, 10.801929950714111, 11.251067876815796, 11.696412563323975, 12.165216207504272, 12.615742206573486, 13.07902717590332, 13.52748441696167, 13.970499753952026, 14.432164907455444, 14.876312255859375, 15.32909607887268, 15.777887344360352, 16.2373628616333, 16.68484139442444, 17.133811235427856, 17.581661224365234, 18.027023792266846, 18.482661724090576, 18.92811942100525, 19.381653547286987, 19.828108549118042, 20.285508155822754, 20.72995400428772, 21.17619228363037, 21.622504949569702, 22.078463077545166, 22.53054165840149, 22.97533631324768, 23.421738862991333, 23.86707615852356, 24.32788395881653, 24.776947498321533, 25.222170114517212, 25.677446365356445, 26.130983352661133, 26.590856075286865, 27.037272214889526, 27.487730979919434, 27.9331157207489, 28.39554238319397], "max_exec_times": [6.198883056640625e-06, 0.9542102813720703, 1.8705792427062988, 2.771328926086426, 3.6729423999786377, 4.635921478271484, 5.555325746536255, 6.462401390075684, 7.388373851776123, 8.306029319763184, 9.226779222488403, 10.137148380279541, 11.046269178390503, 11.918433666229248, 12.837800741195679, 13.72412633895874, 14.626164197921753, 15.509022951126099, 16.423192024230957, 17.348641395568848, 18.258737564086914, 19.163655757904053, 20.064807891845703, 20.969627141952515, 21.879966735839844, 22.783467292785645, 23.681106328964233, 24.594041109085083, 25.50090527534485, 26.41621422767639, 27.343028783798218, 28.24635124206543, 29.161107540130615, 30.084956169128418, 30.993345737457275, 31.889045000076294, 32.796050786972046, 33.693360328674316, 34.60491418838501, 35.50544810295105, 36.41962480545044, 37.32309436798096, 38.24410009384155, 39.15151333808899, 40.05084991455078, 40.96325731277466, 41.86952304840088, 42.784703731536865, 43.68568396568298, 44.60646867752075, 45.51618003845215, 46.42652773857117, 47.335970401763916, 48.246079206466675, 49.16084289550781, 50.06453585624695, 50.972848892211914, 51.86906814575195, 52.782593727111816, 53.656014919281006, 54.54356074333191, 55.43526220321655, 56.34106230735779, 57.22329092025757], "F_evals": [1.171828171828172, 2.361638361638362, 3.5614385614385613, 4.561438561438561, 5.561438561438561, 6.561438561438561, 7.561438561438561, 8.56143856143856, 9.56143856143856, 10.56143856143856, 11.56143856143856, 12.56143856143856, 13.56143856143856, 14.56143856143856, 15.56143856143856, 16.56143856143856, 17.56143856143856, 18.56143856143856, 19.56143856143856, 20.56143856143856, 21.56143856143856, 22.56143856143856, 23.56143856143856, 24.56143856143856, 25.56143856143856, 26.56143856143856, 27.56143856143856, 28.56143856143856, 29.56143856143856, 30.56143856143856, 31.56143856143856, 32.561438561438564, 33.561438561438564, 34.561438561438564, 35.561438561438564, 36.561438561438564, 37.561438561438564, 38.561438561438564, 39.561438561438564, 40.561438561438564, 41.561438561438564, 42.561438561438564, 43.561438561438564, 44.561438561438564, 45.561438561438564, 46.561438561438564, 47.561438561438564, 48.561438561438564, 49.561438561438564, 50.561438561438564, 51.561438561438564, 52.561438561438564, 53.561438561438564, 54.561438561438564, 55.561438561438564, 56.561438561438564, 57.561438561438564, 58.561438561438564, 59.561438561438564, 60.561438561438564, 61.561438561438564, 62.561438561438564, 63.561438561438564, 64.56143856143856], "A_evals": [1.0, 2.0, 3.0, 4.0, 5.0, 6.0, 7.0, 8.0, 9.0, 10.0, 11.0, 12.0, 13.0, 14.0, 15.0, 16.0, 17.0, 18.0, 19.0, 20.0, 21.0, 22.0, 23.0, 24.0, 25.0, 26.0, 27.0, 28.0, 29.0, 30.0, 31.0, 32.0, 33.0, 34.0, 35.0, 36.0, 37.0, 38.0, 39.0, 40.0, 41.0, 42.0, 43.0, 44.0, 45.0, 46.0, 47.0, 48.0, 49.0, 50.0, 51.0, 52.0, 53.0, 54.0, 55.0, 56.0, 57.0, 58.0, 59.0, 60.0, 61.0, 62.0, 63.0, 64.0], "ts": [0, 0.02350613319179376, 0.06275834777081143, 0.10876192007447094, 0.15949564177201192, 0.2139648560139012, 0.2709040323734697, 0.3297413342856584, 0.3900334930360021, 0.45141614750964626, 0.513660847148575, 0.5765905248964696, 0.6400832157343999, 0.7040448413186317, 0.7684013194208594, 0.8330933698488815, 0.8980729136003506, 0.9632975957793593, 1.0287321741879372, 1.0943494795844495, 1.1601267445622012, 1.2260447957993477, 1.2920874361622618, 1.3582409611376045, 1.424493773975693, 1.4908360752178407, 1.557259609307798, 1.6237574556619934, 1.6903238548003499, 1.756954062423224, 1.8236442259680445, 1.890391279388768, 1.9571928528027727, 2.024003294261071, 2.0907126383683834, 2.157320876784001, 2.2238284611091697, 2.290236249521576, 2.3565454600253144, 2.4227576290692157, 2.4888745746102754, 2.5548983628599724, 2.6208312780849994, 2.686675795219095, 2.752434554752921, 2.8181103384276636, 2.883706046889105, 2.949224678671017, 3.0146693103190763, 3.080043077529966, 3.145349157217287, 3.2105882850531797, 3.2757623248580687, 3.340874564568291, 3.405928277573975, 3.4709267079718713, 3.535873057706726, 3.6007704746169393, 3.6656220413458214, 3.7304307651470117, 3.7951995686224995, 3.8599312814275453, 3.92462863296856, 3.98929424611035, 4.0]}