{"exec_times": [2.1648406982421875e-06, 0.24612516403198242, 0.4919192051887512, 0.7372561383247376, 0.982591609954834, 1.2281431317329408, 1.4743227314949037, 1.719534924030304, 1.964703495502472, 2.210374276638031, 2.455341019630432, 2.700825803279877, 2.945409083366394, 3.191114373207092, 3.4356439661979676, 3.680907266139984, 3.925808539390564, 4.171428661346436, 4.416406819820404, 4.662339580059052, 4.907550683021546, 5.154537708759308, 5.402536554336548, 5.64801985502243, 5.893806195259094, 6.139783551692963, 6.385263543128968, 6.630569126605987, 6.876446373462677, 7.1222209239006045, 7.369648385047912, 7.616076350212097, 7.861250116825103, 8.107028925418854], "min_exec_times": [1.6689300537109375e-06, 0.24161696434020996, 0.4845705032348633, 0.7264094352722168, 0.9698023796081543, 1.2162411212921143, 1.4577443599700928, 1.7014682292938232, 1.945495367050171, 2.1912176609039307, 2.4331276416778564, 2.6781039237976074, 2.9244818687438965, 3.1670234203338623, 3.4082205295562744, 3.653536081314087, 3.896878957748413, 4.140311241149902, 4.380528211593628, 4.627482891082764, 4.870252370834351, 5.112687587738037, 5.354018211364746, 5.603594541549683, 5.847626209259033, 6.0921790599823, 6.333921432495117, 6.579205751419067, 6.822555780410767, 7.065147876739502, 7.3062663078308105, 7.552871227264404, 7.794845104217529, 8.045412540435791], "max_exec_times": [4.5299530029296875e-06, 0.5820856094360352, 1.1278395652770996, 1.6678211688995361, 2.2065930366516113, 2.7304229736328125, 3.231180191040039, 3.723633289337158, 4.230035066604614, 4.723264694213867, 5.222312688827515, 5.714433193206787, 6.206190824508667, 6.7063307762146, 7.204129457473755, 7.69698166847229, 8.195613622665405, 8.69067931175232, 9.194622278213501, 9.689300537109375, 10.192570209503174, 10.691168308258057, 11.25304889678955, 11.756638288497925, 12.300994634628296, 12.832530498504639, 13.337756395339966, 13.831458330154419, 14.348471403121948, 14.86532998085022, 15.37700080871582, 15.87369990348816, 16.370163440704346, 16.897484302520752], "F_evals": [2.0, 4.0, 6.0, 8.0, 10.0, 12.0, 14.0, 16.0, 18.0, 20.0, 22.0, 24.0, 26.0, 28.0, 30.0, 32.0, 34.0, 36.0, 38.0, 40.0, 42.0, 44.0, 46.0, 48.0, 50.0, 52.0, 54.0, 56.0, 58.0, 60.0, 62.0, 64.0, 66.0, 68.0], "A_evals": [0.0, 0.0, 0.0, 0.0, 0.0, 0.0, 0.0, 0.0, 0.0, 0.0, 0.0, 0.0, 0.0, 0.0, 0.0, 0.0, 0.0, 0.0, 0.0, 0.0, 0.0, 0.0, 0.0, 0.0, 0.0, 0.0, 0.0, 0.0, 0.0, 0.0, 0.0, 0.0, 0.0, 0.0, 0.0], "ts": [0, 0.011758452836496444, 0.02921842580741158, 0.05760603940496684, 0.11506818452076194, 0.19660324830074366, 0.3389374074805702, 0.5140767443681054, 0.6435192016043717, 0.7799680807694673, 0.9068909670215108, 1.0418942270287164, 1.17176109485328, 1.3069045520938651, 1.4384400682032639, 1.573635844084551, 1.7044219944736074, 1.8401513490013697, 1.970225319708133, 2.105842805842319, 2.2359385402178367, 2.371393175705884, 2.501365715886417, 2.6366518696606223, 2.7664294885102882, 2.901618421731461, 3.031128937535726, 3.166263863192691, 3.29553593284562, 3.430613539709624, 3.559726845832673, 3.6946766701121403, 3.823644692355045, 3.958464706232056, 4.0]}