{"exec_times": [2.281665802001953e-06, 0.4552681183815002, 0.9141438889503479, 1.3672061157226563, 1.669978883266449, 1.9763189768791198, 2.2829555249214173, 2.588590135574341, 2.8945348191261293, 3.1999660992622374, 3.505055935382843, 3.810172839164734, 4.1161323833465575, 4.422443859577179, 4.729243440628052, 5.036213023662567, 5.34227368593216, 5.648026282787323, 5.95375590801239, 6.25984692811966, 6.565685622692108, 6.871084430217743, 7.176514050960541, 7.483136579990387, 7.789727749824524, 8.095567376613618, 8.401348304748534, 8.70683263540268, 9.013942079544067, 9.319897482395172, 9.625289497375489, 9.931227045059204, 10.238103225231171, 10.543598124980926, 10.84831193447113, 11.154067356586456, 11.459603490829467, 11.764564642906189, 12.070860040187835, 12.377213191986083, 12.682490954399109, 12.987969970703125, 13.29404726266861, 13.600390744209289, 13.906788799762726, 14.212579283714295, 14.517852454185485, 14.823805830478669, 15.129333181381226, 15.435221586227417, 15.741181588172912, 16.04711169719696, 16.35272665977478, 16.658802683353425, 16.964658079147338, 17.270569972991943, 17.576038000583647, 17.8823193526268, 18.18894382715225, 18.49401897907257, 18.80044901609421, 19.105842266082764, 19.411348271369935, 19.71697731256485], "min_exec_times": [1.6689300537109375e-06, 0.4441554546356201, 0.8951852321624756, 1.344778060913086, 1.6444194316864014, 1.9477856159210205, 2.252068042755127, 2.555570363998413, 2.85782527923584, 3.160707473754883, 3.4640583992004395, 3.766204357147217, 4.071082830429077, 4.372494697570801, 4.675791501998901, 4.983007907867432, 5.28666615486145, 5.588274240493774, 5.8901238441467285, 6.194624662399292, 6.497192144393921, 6.798712730407715, 7.1030659675598145, 7.403655767440796, 7.704635858535767, 8.012089729309082, 8.313507318496704, 8.61488962173462, 8.91946792602539, 9.221723794937134, 9.522908210754395, 9.82388949394226, 10.128557682037354, 10.429040670394897, 10.730155229568481, 11.035893678665161, 11.336403608322144, 11.638059139251709, 11.942371845245361, 12.248650074005127, 12.549415826797485, 12.849923849105835, 13.16071629524231, 13.462274551391602, 13.763622760772705, 14.069721460342407, 14.370850801467896, 14.671943187713623, 14.977518558502197, 15.28548264503479, 15.586596250534058, 15.888390302658081, 16.195003271102905, 16.496233224868774, 16.796435117721558, 17.1043758392334, 17.412838220596313, 17.713786840438843, 18.02106213569641, 18.32297396659851, 18.626927375793457, 18.93251061439514, 19.23851203918457, 19.543924570083618], "max_exec_times": [4.291534423828125e-06, 0.9130535125732422, 1.8317773342132568, 2.752264976501465, 3.354743242263794, 3.9600508213043213, 4.570619344711304, 5.179462909698486, 5.784555912017822, 6.393811941146851, 7.00126576423645, 7.605194091796875, 8.215015411376953, 8.82369065284729, 9.431149005889893, 10.035480737686157, 10.644936800003052, 11.248096704483032, 11.849810361862183, 12.456624031066895, 13.066171407699585, 13.669610977172852, 14.274897813796997, 14.891533374786377, 15.522447109222412, 16.13011384010315, 16.738538026809692, 17.34581732749939, 17.950782537460327, 18.56146812438965, 19.169503688812256, 19.777586460113525, 20.394160747528076, 21.003061056137085, 21.605730056762695, 22.215415239334106, 22.82672667503357, 23.432693481445312, 24.037119388580322, 24.64457941055298, 25.251575708389282, 25.855048894882202, 26.463743925094604, 27.067429780960083, 27.672588109970093, 28.279805898666382, 28.885119676589966, 29.491334199905396, 30.095321655273438, 30.7067973613739, 31.312684535980225, 31.918965339660645, 32.53740429878235, 33.14616131782532, 33.75855803489685, 34.36822581291199, 34.98353934288025, 35.58889126777649, 36.19821763038635, 36.80403470993042, 37.402934551239014, 38.00239109992981, 38.615195751190186, 39.22029137611389], "F_evals": [1.171828171828172, 2.361638361638362, 3.5614385614385613, 4.561438561438561, 5.561438561438561, 6.561438561438561, 7.561438561438561, 8.56143856143856, 9.56143856143856, 10.56143856143856, 11.56143856143856, 12.56143856143856, 13.56143856143856, 14.56143856143856, 15.56143856143856, 16.56143856143856, 17.56143856143856, 18.56143856143856, 19.56143856143856, 20.56143856143856, 21.56143856143856, 22.56143856143856, 23.56143856143856, 24.56143856143856, 25.56143856143856, 26.56143856143856, 27.56143856143856, 28.56143856143856, 29.56143856143856, 30.56143856143856, 31.56143856143856, 32.561438561438564, 33.561438561438564, 34.561438561438564, 35.561438561438564, 36.561438561438564, 37.561438561438564, 38.561438561438564, 39.561438561438564, 40.561438561438564, 41.561438561438564, 42.561438561438564, 43.561438561438564, 44.561438561438564, 45.561438561438564, 46.561438561438564, 47.561438561438564, 48.561438561438564, 49.561438561438564, 50.561438561438564, 51.561438561438564, 52.561438561438564, 53.561438561438564, 54.561438561438564, 55.561438561438564, 56.561438561438564, 57.561438561438564, 58.561438561438564, 59.561438561438564, 60.561438561438564, 61.561438561438564, 62.561438561438564, 63.561438561438564, 64.56143856143856], "A_evals": [1.0, 2.0, 3.0, 4.0, 5.0, 6.0, 7.0, 8.0, 9.0, 10.0, 11.0, 12.0, 13.0, 14.0, 15.0, 16.0, 17.0, 18.0, 19.0, 20.0, 21.0, 22.0, 23.0, 24.0, 25.0, 26.0, 27.0, 28.0, 29.0, 30.0, 31.0, 32.0, 33.0, 34.0, 35.0, 36.0, 37.0, 38.0, 39.0, 40.0, 41.0, 42.0, 43.0, 44.0, 45.0, 46.0, 47.0, 48.0, 49.0, 50.0, 51.0, 52.0, 53.0, 54.0, 55.0, 56.0, 57.0, 58.0, 59.0, 60.0, 61.0, 62.0, 63.0, 64.0], "ts": [0, 0.02350613319179376, 0.06275834777081143, 0.10876192007447094, 0.15949564177201192, 0.2139648560139012, 0.2709040323734697, 0.3297413342856584, 0.3900334930360021, 0.45141614750964626, 0.513660847148575, 0.5765905248964696, 0.6400832157343999, 0.7040448413186317, 0.7684013194208594, 0.8330933698488815, 0.8980729136003506, 0.9632975957793593, 1.0287321741879372, 1.0943494795844495, 1.1601267445622012, 1.2260447957993477, 1.2920874361622618, 1.3582409611376045, 1.424493773975693, 1.4908360752178407, 1.557259609307798, 1.6237574556619934, 1.6903238548003499, 1.756954062423224, 1.8236442259680445, 1.890391279388768, 1.9571928528027727, 2.024003294261071, 2.0907126383683834, 2.157320876784001, 2.2238284611091697, 2.290236249521576, 2.3565454600253144, 2.4227576290692157, 2.4888745746102754, 2.5548983628599724, 2.6208312780849994, 2.686675795219095, 2.752434554752921, 2.8181103384276636, 2.883706046889105, 2.949224678671017, 3.0146693103190763, 3.080043077529966, 3.145349157217287, 3.2105882850531797, 3.2757623248580687, 3.340874564568291, 3.405928277573975, 3.4709267079718713, 3.535873057706726, 3.6007704746169393, 3.6656220413458214, 3.7304307651470117, 3.7951995686224995, 3.8599312814275453, 3.92462863296856, 3.98929424611035, 4.0]}