{"exec_times": [2.436637878417969e-06, 0.9256397986412048, 1.8452410626411437, 2.7659222221374513, 3.684138741493225, 4.604229862689972, 5.524493882656097, 6.445926649570465, 7.365056428909302, 8.285516078472137, 9.20408989429474, 10.123766446113587, 11.041741054058075, 11.962053306102753, 12.881168260574341, 13.802343187332154, 14.722131187915801, 15.642486350536347, 16.561023676395415, 17.481178243160247, 18.4000847864151, 19.319525804519653, 20.238720693588256, 21.158756105899812, 22.077948944568632, 22.99868614435196, 23.91746213912964, 24.837937908172606, 25.758234641551972, 26.67827866792679, 27.596670110225677, 28.516775681972504, 29.43586181640625, 30.35767524957657, 31.27728916168213, 32.19846765041351, 33.11791938304901, 34.037915358543394, 34.95569977760315, 35.878022022247315, 36.79928107500076, 37.7226174902916, 38.644254219532016, 39.5660688662529, 40.48663354873657, 41.40872695684433, 42.33074400901794, 43.25215800523758, 44.1709486579895, 45.09385223150253, 46.01350681304932, 46.9370645070076, 47.85702911376953, 48.77752598285675, 49.69705147504806, 50.618975174427035, 51.53945749521255, 52.460484952926635, 53.38059555053711, 54.30275879621506, 55.222940008640286, 56.14633789300919, 57.066182725429535, 57.98823734283447, 58.90847729921341], "min_exec_times": [1.9073486328125e-06, 0.9112434387207031, 1.8238050937652588, 2.736050605773926, 3.646148443222046, 4.560063123703003, 5.473970890045166, 6.388365983963013, 7.298232078552246, 8.21586799621582, 9.144474267959595, 10.057123899459839, 10.969717979431152, 11.883987188339233, 12.795009851455688, 13.709658861160278, 14.6207115650177, 15.535745859146118, 16.450381994247437, 17.365437746047974, 18.2801513671875, 19.195464849472046, 20.106282234191895, 21.024535417556763, 21.928794622421265, 22.840550899505615, 23.749430418014526, 24.66035008430481, 25.569828271865845, 26.487507820129395, 27.417388200759888, 28.326963663101196, 29.242704153060913, 30.152031660079956, 31.058567762374878, 31.970788955688477, 32.881269216537476, 33.793633460998535, 34.704461336135864, 35.62385892868042, 36.53862762451172, 37.45059013366699, 38.35848569869995, 39.27016019821167, 40.1742377281189, 41.085944414138794, 41.99433612823486, 42.90851974487305, 43.82118821144104, 44.743738889694214, 45.655667543411255, 46.57185769081116, 47.48642826080322, 48.4048433303833, 49.31727862358093, 50.220820903778076, 51.13285565376282, 52.04203510284424, 52.96420669555664, 53.90776228904724, 54.84720182418823, 55.772239446640015, 56.68661975860596, 57.624645709991455, 58.549832344055176], "max_exec_times": [5.9604644775390625e-06, 1.8521275520324707, 3.7115836143493652, 5.574783086776733, 7.425708770751953, 9.273566007614136, 11.12836480140686, 12.968846082687378, 14.810545921325684, 16.64965319633484, 18.48617672920227, 20.32161831855774, 22.162131309509277, 24.001813650131226, 25.835386276245117, 27.679952144622803, 29.519163370132446, 31.360023021697998, 33.201819896698, 35.05078625679016, 36.90508556365967, 38.75585079193115, 40.60060429573059, 42.43740367889404, 44.30518841743469, 46.14797067642212, 47.98602223396301, 49.82694959640503, 51.67023277282715, 53.5130820274353, 55.34689950942993, 57.178197622299194, 59.008310079574585, 60.850939989089966, 62.68199586868286, 64.53479337692261, 66.39302659034729, 68.22896575927734, 70.07255220413208, 71.91518950462341, 73.75344133377075, 75.58411359786987, 77.43172407150269, 79.28700399398804, 81.14704918861389, 82.98454236984253, 84.83177399635315, 86.6839108467102, 88.52216362953186, 90.3546769618988, 92.18916583061218, 94.04921340942383, 95.88675308227539, 97.7295606136322, 99.57291674613953, 101.4080753326416, 103.24660038948059, 105.08940863609314, 106.92403221130371, 108.76099419593811, 110.60442399978638, 112.4428379535675, 114.2803909778595, 116.1175172328949, 117.96032857894897], "F_evals": [1.0, 2.0, 3.0, 4.0, 5.0, 6.0, 7.0, 8.0, 9.0, 10.0, 11.0, 12.0, 13.0, 14.0, 15.0, 16.0, 17.0, 18.0, 19.0, 20.0, 21.0, 22.0, 23.0, 24.0, 25.0, 26.0, 27.0, 28.0, 29.0, 30.0, 31.0, 32.0, 33.0, 34.0, 35.0, 36.0, 37.0, 38.0, 39.0, 40.0, 41.0, 42.0, 43.0, 44.0, 45.0, 46.0, 47.0, 48.0, 49.0, 50.0, 51.0, 52.0, 53.0, 54.0, 55.0, 56.0, 57.0, 58.0, 59.0, 60.0, 61.0, 62.0, 63.0, 64.0, 65.0], "A_evals": [1.0, 2.0, 3.0, 4.0, 5.0, 6.0, 7.0, 8.0, 9.0, 10.0, 11.0, 12.0, 13.0, 14.0, 15.0, 16.0, 17.0, 18.0, 19.0, 20.0, 21.0, 22.0, 23.0, 24.0, 25.0, 26.0, 27.0, 28.0, 29.0, 30.0, 31.0, 32.0, 33.0, 34.0, 35.0, 36.0, 37.0, 38.0, 39.0, 40.0, 41.0, 42.0, 43.0, 44.0, 45.0, 46.0, 47.0, 48.0, 49.0, 50.0, 51.0, 52.0, 53.0, 54.0, 55.0, 56.0, 57.0, 58.0, 59.0, 60.0, 61.0, 62.0, 63.0, 64.0, 65.0], "ts": [0, 0.011753066595896878, 0.029203985794281906, 0.057572464003349935, 0.10318908565601838, 0.15344588211358434, 0.2071266356012639, 0.26341749976477646, 0.3217100118482073, 0.3815498665862545, 0.4425732349953462, 0.5045024502499466, 0.5671669343901979, 0.6304330051173608, 0.6942034255926213, 0.7584028962918709, 0.8229715699813382, 0.8878611875726832, 0.9530323535068802, 1.018452566905773, 1.0840947790139617, 1.1499363245440353, 1.2159581173438707, 1.2821440345045598, 1.3484804368640717, 1.4149557981142367, 1.4815603977215779, 1.5482860665570184, 1.6151259791442552, 1.682074480585975, 1.7491269402852048, 1.8161481558987496, 1.883094318899651, 1.949963509936587, 2.016754534324648, 2.083466835885334, 2.150100420850077, 2.216655790082019, 2.283133878252965, 2.3495359988725806, 2.4158637947729398, 2.4821191934711773, 2.5483043638483234, 2.614421677060066, 2.680473670416393, 2.7464630138640413, 2.812392478851043, 2.878264909407227, 2.944080061599567, 3.009840138983706, 3.075548149257121, 3.141207085828543, 3.2068199079930344, 3.272389523469203, 3.337918772753095, 3.4034104152162694, 3.4688671169242893, 3.5342913180284254, 3.59968502653861, 3.6650506049488456, 3.730390289566766, 3.7957061863981716, 3.861000268476474, 3.9262743746101934, 3.9915302092974723, 4.0]}