{"exec_times": [2.4843215942382812e-06, 0.8119172930717469, 1.610604841709137, 2.4098712372779847, 2.956781346797943, 3.5202202868461607, 4.08385945558548, 4.646003289222717, 5.21019581079483, 5.773750340938568, 6.336539483070373, 6.8987768936157225, 7.4612484812736515, 8.025373651981354, 8.58806928396225, 9.152433989048005, 9.715713810920715, 10.279764082431793, 10.84260330915451, 11.40545471906662, 11.969107470512391, 12.532946860790252, 13.096567432880402, 13.660307462215423, 14.224756848812103, 14.788315284252167, 15.353367788791656, 15.917764992713929, 16.482228746414183, 17.046074538230897, 17.61017444849014, 18.173117969036102, 18.73726943731308, 19.30114816904068, 19.863349878787993, 20.425706214904785, 20.988016946315767, 21.55062703847885, 22.113526911735534, 22.6754611492157, 23.23763783454895, 23.801423873901367, 24.364026172161104, 24.927429797649385, 25.49094160079956, 26.055174555778503, 26.619714894294738, 27.183364808559418, 27.747286071777342, 28.310803899765016, 28.873760571479796, 29.437834672927856, 30.001460044384004, 30.565971736907958, 31.129774985313414, 31.69540442943573, 32.259725022315976, 32.82280316352844, 33.38571647644043, 33.94957065105438, 34.51320664167404, 35.07785197496414, 35.64710683822632], "min_exec_times": [1.9073486328125e-06, 0.7987422943115234, 1.5917611122131348, 2.3828673362731934, 2.9288036823272705, 3.4863624572753906, 4.041813373565674, 4.600526571273804, 5.155410528182983, 5.7186033725738525, 6.271485805511475, 6.831703186035156, 7.384700059890747, 7.942302465438843, 8.496542692184448, 9.056479930877686, 9.613399505615234, 10.1718430519104, 10.731619358062744, 11.284531831741333, 11.847205638885498, 12.415169954299927, 12.969728708267212, 13.5305495262146, 14.087292432785034, 14.647840738296509, 15.201706647872925, 15.760896682739258, 16.313286542892456, 16.871708393096924, 17.432828664779663, 17.991297721862793, 18.554179191589355, 19.115138292312622, 19.678863286972046, 20.232740879058838, 20.798001527786255, 21.35121989250183, 21.913450717926025, 22.47549080848694, 23.031123638153076, 23.59378409385681, 24.14915943145752, 24.70993947982788, 25.26341676712036, 25.822506427764893, 26.377551078796387, 26.938384294509888, 27.50407385826111, 28.06431794166565, 28.62292742729187, 29.17929768562317, 29.743642330169678, 30.3131320476532, 30.873512983322144, 31.434211254119873, 31.990628242492676, 32.55231261253357, 33.108728647232056, 33.67041754722595, 34.22871017456055, 34.791571378707886, 35.34791350364685], "max_exec_times": [5.245208740234375e-06, 1.61796236038208, 3.223978281021118, 4.817078590393066, 5.902651786804199, 7.029484510421753, 8.146682024002075, 9.275641918182373, 10.394068717956543, 11.511130571365356, 12.626905679702759, 13.741727352142334, 14.871808290481567, 15.983589172363281, 17.103715896606445, 18.22024941444397, 19.340322732925415, 20.460100412368774, 21.58014154434204, 22.695847511291504, 23.808186531066895, 24.93734908103943, 26.053958415985107, 27.17515516281128, 28.305000066757202, 29.417202949523926, 30.5367431640625, 31.661662340164185, 32.785154819488525, 33.893842697143555, 35.018863916397095, 36.13798689842224, 37.267008781433105, 38.38894510269165, 39.506014823913574, 40.63062262535095, 41.74298810958862, 42.86020541191101, 43.9697744846344, 45.09181475639343, 46.20750451087952, 47.32657504081726, 48.44707703590393, 49.56630325317383, 50.68471598625183, 51.80523681640625, 52.929537773132324, 54.049519777297974, 55.185378313064575, 56.299028396606445, 57.41369605064392, 58.55169892311096, 59.683249950408936, 60.808247566223145, 61.915953159332275, 63.03748822212219, 64.14813470840454, 65.26809740066528, 66.3878881931305, 67.503502368927, 68.63818645477295, 69.7673077583313, 70.89778208732605], "F_evals": [1.1291291291291292, 2.2717717717717725, 3.4219219219219226, 4.421921921921923, 5.421921921921923, 6.421921921921923, 7.421921921921923, 8.421921921921923, 9.421921921921923, 10.421921921921923, 11.421921921921923, 12.421921921921923, 13.421921921921923, 14.421921921921923, 15.421921921921923, 16.42192192192192, 17.42192192192192, 18.42192192192192, 19.42192192192192, 20.42192192192192, 21.42192192192192, 22.42192192192192, 23.42192192192192, 24.42192192192192, 25.42192192192192, 26.42192192192192, 27.42192192192192, 28.42192192192192, 29.42192192192192, 30.42192192192192, 31.42192192192192, 32.42192192192192, 33.42192192192192, 34.42192192192192, 35.42192192192192, 36.42192192192192, 37.42192192192192, 38.42192192192192, 39.42192192192192, 40.42192192192192, 41.42192192192192, 42.42192192192192, 43.42192192192192, 44.42192192192192, 45.42192192192192, 46.42192192192192, 47.42192192192192, 48.42192192192192, 49.42192192192192, 50.42192192192192, 51.42192192192192, 52.42192192192192, 53.42192192192192, 54.42192192192192, 55.42192192192192, 56.42192192192192, 57.42192192192192, 58.42192192192192, 59.42192192192192, 60.42192192192192, 61.42192192192192, 62.42192192192192, 63.42192192192192], "A_evals": [1.0, 2.0, 3.0, 4.0, 5.0, 6.0, 7.0, 8.0, 9.0, 10.0, 11.0, 12.0, 13.0, 14.0, 15.0, 16.0, 17.0, 18.0, 19.0, 20.0, 21.0, 22.0, 23.0, 24.0, 25.0, 26.0, 27.0, 28.0, 29.0, 30.0, 31.0, 32.0, 33.0, 34.0, 35.0, 36.0, 37.0, 38.0, 39.0, 40.0, 41.0, 42.0, 43.0, 44.0, 45.0, 46.0, 47.0, 48.0, 49.0, 50.0, 51.0, 52.0, 53.0, 54.0, 55.0, 56.0, 57.0, 58.0, 59.0, 60.0, 61.0, 62.0, 63.0], "ts": [0, 0.02350613319179376, 0.06275834777081143, 0.10876192007447094, 0.15949565455758785, 0.21396506323816178, 0.27090523978270853, 0.32974561389004897, 0.3900447256446394, 0.45144018224131455, 0.5137047068423886, 0.576663398714789, 0.6401957161218942, 0.7042086917797007, 0.7686290483486714, 0.8333980294493675, 0.8984678345392957, 0.9637979074210793, 1.029351437470252, 1.095101024428322, 1.1610235593536407, 1.2270994638138568, 1.293312101676733, 1.359647326015155, 1.4260931063970637, 1.4926392233536474, 1.5592770206589257, 1.625999200765582, 1.692799653710644, 1.7596733125488733, 1.8266160301186964, 1.8936244731508798, 1.9606960305970254, 2.0277668633514474, 2.0947407301985748, 2.1616172197653847, 2.228396426525525, 2.295078894397597, 2.361665566768007, 2.4281577417759137, 2.4945570321237995, 2.5608653293538395, 2.6270847696927255, 2.6932177028835618, 2.759266663424238, 2.8252343437233676, 2.8911235689113544, 2.956937273100996, 3.0226784769422808, 3.0883502663591558, 3.1539557723924134, 3.219494395074193, 3.284969217404909, 3.3503834907170833, 3.415740448435889, 3.481043290889235, 3.546295171418578, 3.6114991835615466, 3.6766583492985094, 3.7417756083924125, 3.8068538088531874, 3.8718956985503525, 3.936903917986888, 4.0]}