{"exec_times": [4.889965057373047e-06, 1.3637584829330445, 2.722086801528931, 4.0810182309150695, 5.447198011875153, 6.821519765853882, 8.205081062316895, 9.597279298305512, 11.006922476291656, 12.432733883857727, 13.866887629032135, 15.340782871246338, 16.856893515586854, 19.201753709316254, 21.73637715101242], "min_exec_times": [3.814697265625e-06, 1.3471801280975342, 2.6973490715026855, 4.047206163406372, 5.404850482940674, 6.774775981903076, 8.148795366287231, 9.533324003219604, 10.938770532608032, 12.354095220565796, 13.779515266418457, 15.241414546966553, 16.754185676574707, 19.05715250968933, 21.562877416610718], "max_exec_times": [2.6941299438476562e-05, 3.238847017288208, 5.985572099685669, 8.74089241027832, 11.505158185958862, 14.27841567993164, 17.100842237472534, 19.920568227767944, 22.74191427230835, 25.630924463272095, 28.51117515563965, 31.470197677612305, 34.533945083618164, 41.42344665527344, 46.589096784591675], "F_evals": [2.0, 4.0, 6.0, 8.0, 10.0, 12.0, 14.0, 16.0, 18.0, 20.0, 22.0, 24.0, 27.0, 30.0, 32.0], "A_evals": [2.0, 4.0, 6.0, 8.0, 10.0, 12.0, 14.0, 16.0, 18.0, 20.0, 22.0, 24.0, 27.0, 30.0, 32.0], "ts": [0, 0.01175306659589688, 0.027013017202703424, 0.047185582516161194, 0.0744814957617025, 0.11262470348481635, 0.1678091712061115, 0.2502464759848152, 0.37435425863603033, 0.5423995779668866, 0.7769966474233247, 1.1279726928440081, 1.6816077817138821, 2.5625108018242155, 3.850686834387276, 4.0]}