{"exec_times": [2.110004425048828e-06, 0.303091983795166, 0.613329668045044, 0.923324637413025, 1.2334770369529724, 1.5431917572021485, 1.8526725840568543, 2.16274929523468, 2.4722227811813355, 2.78250248670578, 3.09399961233139, 3.4025802206993103, 3.71262845993042, 4.021189470291137, 4.329141907691955, 4.63746365070343, 4.948192024230957, 5.258446726799011, 5.569754981994629, 5.880022687911987, 6.1900526142120365, 6.498903532028198, 6.80932384967804, 7.118535523414612, 7.4284892272949214, 7.736178379058838, 8.045328693389893, 8.353784685134888, 8.662474851608277, 8.971234068870544, 9.282052750587463, 9.59185055732727, 9.901221694946289, 10.209684038162232, 10.519382982254028, 10.827992000579833, 11.137668483257293, 11.446166605949402, 11.75700084209442, 12.066103069782256, 12.375884952545166, 12.684989840984345, 12.99376077413559, 13.302385544776916, 13.610133504867553, 13.920043873786927, 14.230355412960053, 14.539747562408447, 14.849512989521026, 15.159317059516907, 15.468159627914428, 15.776889300346374, 16.088042819499968, 16.39766037225723, 16.707980585098266, 17.01994671344757, 17.329773375988008, 17.64018569469452, 17.949113764762878, 18.258340303897857, 18.569127442836763, 18.87869439840317, 19.188845026493073, 19.49836324453354, 19.808072378635405], "min_exec_times": [1.6689300537109375e-06, 0.29816555976867676, 0.599860429763794, 0.9023704528808594, 1.2090425491333008, 1.5102028846740723, 1.8175172805786133, 2.1233878135681152, 2.4247336387634277, 2.7284438610076904, 3.0342957973480225, 3.335319757461548, 3.637692451477051, 3.9579877853393555, 4.267427206039429, 4.570000648498535, 4.8843772411346436, 5.187545299530029, 5.494408369064331, 5.795721054077148, 6.115524053573608, 6.417595386505127, 6.727519750595093, 7.038815021514893, 7.347060918807983, 7.6539037227630615, 7.958863973617554, 8.260622262954712, 8.5648353099823, 8.878284692764282, 9.181297302246094, 9.487692594528198, 9.79062819480896, 10.099345922470093, 10.401106595993042, 10.702812910079956, 11.007831811904907, 11.315554857254028, 11.618249893188477, 11.919511318206787, 12.226835250854492, 12.52920126914978, 12.844459295272827, 13.149435997009277, 13.451808452606201, 13.752076625823975, 14.057868242263794, 14.35834789276123, 14.667694807052612, 14.989652872085571, 15.29360842704773, 15.596213579177856, 15.899928331375122, 16.206942796707153, 16.51045274734497, 16.83368706703186, 17.139487266540527, 17.442662477493286, 17.74587845802307, 18.053590059280396, 18.358095169067383, 18.66971182823181, 18.993090391159058, 19.30166983604431, 19.60810947418213], "max_exec_times": [4.0531158447265625e-06, 0.599714994430542, 1.2075226306915283, 1.8185536861419678, 2.432750701904297, 3.0554754734039307, 3.690396547317505, 4.335142135620117, 4.9503092765808105, 5.5624518394470215, 6.1826012134552, 6.805191516876221, 7.425939083099365, 8.076792001724243, 8.693553924560547, 9.306528568267822, 9.918981552124023, 10.530992984771729, 11.203185319900513, 11.829978466033936, 12.441076755523682, 13.045135259628296, 13.65709400177002, 14.268365859985352, 14.898886442184448, 15.507810592651367, 16.131710529327393, 16.737818241119385, 17.349224090576172, 17.965206146240234, 18.590521097183228, 19.23694372177124, 19.889610528945923, 20.503715991973877, 21.120161294937134, 21.733840465545654, 22.376808881759644, 22.99004054069519, 23.610886812210083, 24.221973180770874, 24.83067035675049, 25.44012212753296, 26.05107545852661, 26.677754402160645, 27.28751492500305, 27.911499977111816, 28.52566146850586, 29.143692016601562, 29.756096124649048, 30.364948749542236, 30.984974145889282, 31.6063129901886, 32.26123595237732, 32.90096044540405, 33.52504253387451, 34.14320778846741, 34.825478076934814, 35.44132590293884, 36.067078828811646, 36.6900155544281, 37.30156230926514, 37.90933132171631, 38.52714276313782, 39.14095497131348, 39.76793909072876], "F_evals": [1.0, 2.0, 3.0, 4.0, 5.0, 6.0, 7.0, 8.0, 9.0, 10.0, 11.0, 12.0, 13.0, 14.0, 15.0, 16.0, 17.0, 18.0, 19.0, 20.0, 21.0, 22.0, 23.0, 24.0, 25.0, 26.0, 27.0, 28.0, 29.0, 30.0, 31.0, 32.0, 33.0, 34.0, 35.0, 36.0, 37.0, 38.0, 39.0, 40.0, 41.0, 42.0, 43.0, 44.0, 45.0, 46.0, 47.0, 48.0, 49.0, 50.0, 51.0, 52.0, 53.0, 54.0, 55.0, 56.0, 57.0, 58.0, 59.0, 60.0, 61.0, 62.0, 63.0, 64.0, 65.0], "A_evals": [1.0, 2.0, 3.0, 4.0, 5.0, 6.0, 7.0, 8.0, 9.0, 10.0, 11.0, 12.0, 13.0, 14.0, 15.0, 16.0, 17.0, 18.0, 19.0, 20.0, 21.0, 22.0, 23.0, 24.0, 25.0, 26.0, 27.0, 28.0, 29.0, 30.0, 31.0, 32.0, 33.0, 34.0, 35.0, 36.0, 37.0, 38.0, 39.0, 40.0, 41.0, 42.0, 43.0, 44.0, 45.0, 46.0, 47.0, 48.0, 49.0, 50.0, 51.0, 52.0, 53.0, 54.0, 55.0, 56.0, 57.0, 58.0, 59.0, 60.0, 61.0, 62.0, 63.0, 64.0, 65.0], "ts": [0, 0.01175306659589688, 0.02920398579428192, 0.05757246853639948, 0.10318908937637714, 0.15344585954264525, 0.20712639678446898, 0.2634162699745848, 0.32170575915705313, 0.38153861947491274, 0.44254906460248167, 0.5044567357203782, 0.5670885535053887, 0.6303078205817306, 0.6940157081044236, 0.7581351616911134, 0.8226049121656193, 0.887375599097942, 0.9524070195811613, 1.017666139255875, 1.0831256254953145, 1.1487627122951862, 1.2145583514173335, 1.2804965625166582, 1.3465639256602724, 1.4127491785543294, 1.479042892325988, 1.5454372072168683, 1.611925614621853, 1.6785027754281887, 1.7451643671005508, 1.8117900752557539, 1.8783269353424927, 1.944773840746016, 2.0111303565686236, 2.0773966316884516, 2.1435733223756843, 2.209661525443262, 2.2756627193317196, 2.3415787118218643, 2.407411593309015, 2.473163694769633, 2.538837549713938, 2.6044358595546995, 2.669961462660403, 2.735417305259412, 2.8008064141042657, 2.8661315403445333, 2.9313922616117845, 2.9965917845046177, 3.0617333204897528, 3.1268200629307876, 3.1918551706154132, 3.2568417529395646, 3.321782856514184, 3.3866814531407607, 3.451540429135596, 3.5163625759869928, 3.5811504512986803, 3.645906178961967, 3.7106322529480975, 3.7753310471194457, 3.840004812108498, 3.904655673299996, 3.9692856298508383, 4.0]}