{"exec_times": [2.2602081298828126e-06, 0.5515627336502075, 1.103908498287201, 1.6564673638343812, 2.2082228088378906, 2.7607007670402526, 3.3128512835502626, 3.8645948719978334, 4.416297571659088, 4.968611440658569, 5.521742269992829, 6.0742192196846005, 6.626613209247589, 7.178209350109101, 7.730484049320221, 8.282740497589112, 8.835070111751556, 9.387009680271149, 9.939188590049744, 10.491528763771058, 11.044115722179413, 11.596398859024047, 12.148640129566193, 12.700996832847595, 13.253285191059113, 13.805842747688294, 14.358090658187866, 14.910669445991516, 15.463153824806213, 16.01578340291977, 16.568662469387053, 17.121415894031525, 17.67334869146347, 18.226142644882202, 18.779425692558288, 19.332021403312684, 19.884160208702088, 20.43617037534714, 20.98777410030365, 21.53953288793564, 22.091458349227906, 22.643838849067688, 23.196342158317567, 23.74821776866913, 24.300457756519318, 24.852712993621825, 25.40458162307739, 25.95691603422165, 26.508741238117217, 27.06127682685852, 27.613303287029268, 28.165029277801512, 28.717515561580658, 29.26949694633484, 29.8225900554657, 30.37484652996063, 30.926827957630156, 31.47900703907013, 32.031447517871854, 32.58347462415695, 33.1354874753952, 33.687629070281986, 34.240234003067016, 34.7927091050148], "min_exec_times": [1.6689300537109375e-06, 0.5450663566589355, 1.095125436782837, 1.6428208351135254, 2.1955533027648926, 2.741426944732666, 3.2894833087921143, 3.8361244201660156, 4.388525485992432, 4.941751956939697, 5.487086772918701, 6.04042911529541, 6.587147235870361, 7.13843297958374, 7.683559417724609, 8.233892679214478, 8.778369903564453, 9.327299356460571, 9.872456789016724, 10.424631595611572, 10.978457927703857, 11.5245840549469, 12.075361967086792, 12.620933532714844, 13.174863815307617, 13.722600221633911, 14.274331092834473, 14.820072412490845, 15.375754117965698, 15.93345046043396, 16.482008695602417, 17.037824392318726, 17.583500385284424, 18.139050722122192, 18.688618183135986, 19.24026608467102, 19.790470361709595, 20.34134578704834, 20.890241622924805, 21.43930721282959, 21.991701364517212, 22.538239002227783, 23.087836265563965, 23.63352060317993, 24.18569850921631, 24.73069143295288, 25.283305644989014, 25.835440635681152, 26.38127040863037, 26.94198989868164, 27.48776412010193, 28.041115283966064, 28.587090015411377, 29.13656973838806, 29.682711601257324, 30.23179817199707, 30.777276515960693, 31.3316068649292, 31.884397745132446, 32.43033027648926, 32.98358607292175, 33.53256916999817, 34.084267377853394, 34.631282567977905], "max_exec_times": [4.291534423828125e-06, 1.1052212715148926, 2.213202953338623, 3.3223021030426025, 4.431612253189087, 5.542773723602295, 6.643336296081543, 7.753499507904053, 8.853058099746704, 9.959712982177734, 11.066360235214233, 12.166268348693848, 13.271950960159302, 14.37447214126587, 15.482569932937622, 16.582199573516846, 17.694396018981934, 18.791937351226807, 19.897188901901245, 21.000475645065308, 22.107624530792236, 23.21214509010315, 24.314661979675293, 25.423768758773804, 26.51799702644348, 27.624202013015747, 28.719470500946045, 29.825374841690063, 30.928324222564697, 32.03064560890198, 33.13649940490723, 34.23613667488098, 35.34858417510986, 36.44507145881653, 37.554922103881836, 38.65220856666565, 39.76007676124573, 40.85695433616638, 41.97120118141174, 43.07102298736572, 44.16914224624634, 45.27028846740723, 46.37781572341919, 47.48708152770996, 48.58245611190796, 49.684441566467285, 50.781291007995605, 51.88150191307068, 52.98516798019409, 54.08367562294006, 55.18257021903992, 56.28302764892578, 57.39607548713684, 58.49346351623535, 59.621031522750854, 60.72127413749695, 61.83337450027466, 62.94367814064026, 64.0535843372345, 65.16409730911255, 66.2770299911499, 67.38471961021423, 68.49093985557556, 69.60733580589294], "F_evals": [1.0, 2.0, 3.0, 4.0, 5.0, 6.0, 7.0, 8.0, 9.0, 10.0, 11.0, 12.0, 13.0, 14.0, 15.0, 16.0, 17.0, 18.0, 19.0, 20.0, 21.0, 22.0, 23.0, 24.0, 25.0, 26.0, 27.0, 28.0, 29.0, 30.0, 31.0, 32.0, 33.0, 34.0, 35.0, 36.0, 37.0, 38.0, 39.0, 40.0, 41.0, 42.0, 43.0, 44.0, 45.0, 46.0, 47.0, 48.0, 49.0, 50.0, 51.0, 52.0, 53.0, 54.0, 55.0, 56.0, 57.0, 58.0, 59.0, 60.0, 61.0, 62.0, 63.0, 64.0], "A_evals": [1.0, 2.0, 3.0, 4.0, 5.0, 6.0, 7.0, 8.0, 9.0, 10.0, 11.0, 12.0, 13.0, 14.0, 15.0, 16.0, 17.0, 18.0, 19.0, 20.0, 21.0, 22.0, 23.0, 24.0, 25.0, 26.0, 27.0, 28.0, 29.0, 30.0, 31.0, 32.0, 33.0, 34.0, 35.0, 36.0, 37.0, 38.0, 39.0, 40.0, 41.0, 42.0, 43.0, 44.0, 45.0, 46.0, 47.0, 48.0, 49.0, 50.0, 51.0, 52.0, 53.0, 54.0, 55.0, 56.0, 57.0, 58.0, 59.0, 60.0, 61.0, 62.0, 63.0, 64.0], "ts": [0, 0.02350613319179376, 0.06509428560273905, 0.11265195978046899, 0.16411085582020954, 0.21871142688175724, 0.27568823534035086, 0.3345004988938928, 0.3947387915185485, 0.4560537201935062, 0.5182131063915812, 0.5810605657989425, 0.644472900874693, 0.7083602948811418, 0.7726519465679775, 0.8372911603518123, 0.9022319276104439, 0.9674364907502602, 1.032873568439866, 1.0985170463173792, 1.1643449987221575, 1.230338958409586, 1.2964833404525888, 1.3627649791728405, 1.4291727630552804, 1.4956973401868834, 1.562330876542879, 1.6290668548730833, 1.6958999053409527, 1.762825661357164, 1.8296807611707826, 1.8964521982441274, 1.963138550919705, 2.029739093129588, 2.0962537078418175, 2.162682810825424, 2.2290272830509714, 2.2952884103608895, 2.361467829290876, 2.4275674781263326, 2.4935895525718257, 2.559536466367471, 2.6254108133378953, 2.6912153328290245, 2.7569528781159542, 2.8226263872717277, 2.8882365293207974, 2.95378476922797, 3.0192742387514326, 3.084708068209217, 3.1500893659700444, 3.215421201019417, 3.280706587275148, 3.3459484695338464, 3.4111497110093003, 3.4763130824366586, 3.54144125271327, 3.606536351578972, 3.6716007140978166, 3.7366366927135037, 3.801646514332228, 3.866632277918118, 3.931595953271428, 3.9965393809024525, 4.0]}