{"exec_times": [4.465579986572266e-06, 0.8077366781234742, 1.616931631565094, 2.42556667804718, 3.240819194316864, 4.057293763160706, 4.878285002708435, 5.702563388347626, 6.536268444061279, 7.3842408871650695, 8.230331976413726, 9.107231831550598, 9.99965754032135, 11.335648131370544, 13.16144969701767], "min_exec_times": [3.814697265625e-06, 0.7922360897064209, 1.580096960067749, 2.3796918392181396, 3.1815202236175537, 3.9887444972991943, 4.809441328048706, 5.620840311050415, 6.444352626800537, 7.289444208145142, 8.125936508178711, 8.982091903686523, 9.857195615768433, 11.192873239517212, 12.980935335159302], "max_exec_times": [8.58306884765625e-06, 1.6204662322998047, 3.2961244583129883, 4.89988899230957, 6.518406629562378, 8.154430627822876, 9.799802780151367, 11.4423086643219, 13.096803426742554, 14.865486145019531, 16.55190682411194, 18.327531814575195, 20.084201097488403, 22.810187578201294, 26.50787901878357], "F_evals": [2.0, 4.0, 6.0, 8.0, 10.0, 12.0, 14.0, 16.0, 18.0, 20.0, 22.0, 24.0, 27.0, 31.0, 33.0], "A_evals": [2.0, 4.0, 6.0, 8.0, 10.0, 12.0, 14.0, 16.0, 18.0, 20.0, 22.0, 24.0, 27.0, 31.0, 33.0], "ts": [0, 0.01175306659589688, 0.027013017588021833, 0.04718558532327978, 0.07448150359599995, 0.11262468692088953, 0.16780941034737573, 0.2502490827252126, 0.3743478444948838, 0.5419913356590753, 0.7755787671588168, 1.1245375965802986, 1.6784846357909797, 2.5626083056576894, 3.8782455550402792, 4.0]}