{"exec_times": [2.4151802062988283e-06, 0.5584144973754883, 1.109742569923401, 1.6608359813690186, 2.212550046443939, 2.761998691558838, 3.3126013445854188, 3.861820390224457, 4.413371543884278, 4.965057601928711, 5.517058298587799, 6.0687098526954655, 6.619634964466095, 7.171131522655487, 7.721320431232453, 8.27290894985199, 8.824652783870697, 9.376648502349854, 9.92887556552887, 10.480248191356658, 11.03117056131363, 11.583890137672425, 12.137487480640411, 12.689203107357026, 13.2419881939888, 13.793030395507813, 14.344218077659606, 14.893666784763337, 15.445489597320556, 15.997160103321075, 16.548161263465882, 17.099496273994447, 17.650237951278687, 18.20117833852768, 18.7534677028656, 19.30464540719986, 19.853848884105684, 20.40577790260315, 20.957810773849488, 21.5088946890831, 22.060016026496886, 22.610368065834045, 23.161166417598725, 23.7122909617424, 24.263710963726044, 24.81462299823761, 25.367296869754792, 25.91860857486725, 26.470174612998964, 27.020768849849702, 27.571872732639314, 28.12398890733719, 28.675478711128235, 29.226985034942626, 29.779242718219756, 30.332770736217498, 30.883305366039277, 31.435273694992066, 31.985926570892335, 32.537383251190185, 33.090481905937196, 33.64223511219025, 34.193482534885405, 34.746098849773404, 35.297579352855685], "min_exec_times": [1.9073486328125e-06, 0.5470428466796875, 1.0936589241027832, 1.641535758972168, 2.1887857913970947, 2.731201648712158, 3.281761884689331, 3.828921318054199, 4.375212669372559, 4.9180638790130615, 5.468392372131348, 6.012773513793945, 6.563333034515381, 7.1179914474487305, 7.6621222496032715, 8.213107824325562, 8.75555968284607, 9.309194087982178, 9.85484504699707, 10.405710220336914, 10.953421354293823, 11.496140241622925, 12.044398307800293, 12.589509963989258, 13.139402151107788, 13.682498455047607, 14.231835126876831, 14.774080991744995, 15.32163953781128, 15.868068218231201, 16.41446828842163, 16.96989107131958, 17.514892101287842, 18.06654930114746, 18.611406087875366, 19.16065764427185, 19.70454478263855, 20.255584478378296, 20.798995971679688, 21.344473600387573, 21.89660334587097, 22.439246892929077, 22.98967671394348, 23.53421950340271, 24.089441537857056, 24.634162425994873, 25.185822010040283, 25.729966640472412, 26.28008460998535, 26.823076963424683, 27.37526273727417, 27.925905466079712, 28.469624519348145, 29.015679836273193, 29.560439348220825, 30.10846781730652, 30.658281087875366, 31.199919939041138, 31.753846406936646, 32.295799016952515, 32.84627175331116, 33.386871099472046, 33.93564510345459, 34.479182720184326, 35.031750202178955], "max_exec_times": [5.245208740234375e-06, 1.1103990077972412, 2.210223436355591, 3.3599014282226562, 4.478751182556152, 5.585575819015503, 6.7033774852752686, 7.801640272140503, 8.910683870315552, 10.042178630828857, 11.149460554122925, 12.269355535507202, 13.389384031295776, 14.49126410484314, 15.596487760543823, 16.70025324821472, 17.80378746986389, 18.91977334022522, 20.051931619644165, 21.159181594848633, 22.273388862609863, 23.38437509536743, 24.494624853134155, 25.608713626861572, 26.7100727558136, 27.812625646591187, 28.923598527908325, 30.027693271636963, 31.179959774017334, 32.32721281051636, 33.42904829978943, 34.528653144836426, 35.63087296485901, 36.732622385025024, 37.85724711418152, 38.96377682685852, 40.06983137130737, 41.174867391586304, 42.29049801826477, 43.39212131500244, 44.515031814575195, 45.62013244628906, 46.7160587310791, 47.82930088043213, 48.92418074607849, 50.03361892700195, 51.13715958595276, 52.269718647003174, 53.37145686149597, 54.46768498420715, 55.56975793838501, 56.67490029335022, 57.781641483306885, 58.87750220298767, 60.00347352027893, 61.10397934913635, 62.21206760406494, 63.318504333496094, 64.42252159118652, 65.53050899505615, 66.63413405418396, 67.74180722236633, 68.83669805526733, 69.95207810401917, 71.06181287765503], "F_evals": [1.0, 2.0, 3.0, 4.0, 5.0, 6.0, 7.0, 8.0, 9.0, 10.0, 11.0, 12.0, 13.0, 14.0, 15.0, 16.0, 17.0, 18.0, 19.0, 20.0, 21.0, 22.0, 23.0, 24.0, 25.0, 26.0, 27.0, 28.0, 29.0, 30.0, 31.0, 32.0, 33.0, 34.0, 35.0, 36.0, 37.0, 38.0, 39.0, 40.0, 41.0, 42.0, 43.0, 44.0, 45.0, 46.0, 47.0, 48.0, 49.0, 50.0, 51.0, 52.0, 53.0, 54.0, 55.0, 56.0, 57.0, 58.0, 59.0, 60.0, 61.0, 62.0, 63.0, 64.0, 65.0], "A_evals": [1.0, 2.0, 3.0, 4.0, 5.0, 6.0, 7.0, 8.0, 9.0, 10.0, 11.0, 12.0, 13.0, 14.0, 15.0, 16.0, 17.0, 18.0, 19.0, 20.0, 21.0, 22.0, 23.0, 24.0, 25.0, 26.0, 27.0, 28.0, 29.0, 30.0, 31.0, 32.0, 33.0, 34.0, 35.0, 36.0, 37.0, 38.0, 39.0, 40.0, 41.0, 42.0, 43.0, 44.0, 45.0, 46.0, 47.0, 48.0, 49.0, 50.0, 51.0, 52.0, 53.0, 54.0, 55.0, 56.0, 57.0, 58.0, 59.0, 60.0, 61.0, 62.0, 63.0, 64.0, 65.0], "ts": [0, 0.01175306659589688, 0.02920398579428192, 0.05757246400335016, 0.10318908565601861, 0.1534458819097569, 0.2071266313298028, 0.26341746052343096, 0.32170980164334884, 0.38154909282145455, 0.4425710881717024, 0.5044974866424853, 0.5671569416593845, 0.630414796324691, 0.6941729886630026, 0.7583553355435771, 0.822901154049887, 0.8877614184938651, 0.9528960476509594, 1.0182719408288223, 1.0838615352432504, 1.1496417339157003, 1.2155931033847704, 1.281699259658268, 1.3479463678925663, 1.4143227502583848, 1.4808185715348745, 1.5474255823956817, 1.614136906725852, 1.680946863194507, 1.7478508138868623, 1.8147211567145578, 1.8815086188135017, 1.94821156772113, 2.014829093159421, 2.081360917031886, 2.147807314349412, 2.214169043249944, 2.2804472826626987, 2.3466435764304774, 2.412759782918746, 2.4787980293532224, 2.54476067130761, 2.6106502541567354, 2.6764694775108206, 2.74222116288286, 2.8079082238889987, 2.8735321649252015, 2.939093569173407, 3.004595559122882, 3.070041262392784, 3.1354337893690283, 3.200776215271144, 3.266071564037267, 3.331322793861592, 3.3965327843359994, 3.4617043251681974, 3.5268401064479034, 3.5919424375013373, 3.6570135136958872, 3.7220557134242456, 3.7870712904042567, 3.8520623709796538, 3.9170309526244265, 3.9819789035647637, 4.0]}