{"exec_times": [4.985332489013672e-06, 2.2829861521720884, 4.558413953781128, 6.8328122663497926, 9.118654696941375, 11.419383254051208, 13.737787690162659, 16.064897413253785, 18.41383014678955, 20.788713936805724, 23.176400830745695, 25.62535247325897, 28.132034180164336, 31.949466733932496, 36.04740608692169], "min_exec_times": [4.0531158447265625e-06, 2.2542922496795654, 4.514132738113403, 6.770401239395142, 9.04176139831543, 11.332403421401978, 13.623871564865112, 15.93149447441101, 18.26705265045166, 20.62215518951416, 22.99211835861206, 25.428197145462036, 27.925285816192627, 31.697582006454468, 35.773515462875366], "max_exec_times": [2.5510787963867188e-05, 4.63253116607666, 9.153011798858643, 13.69275689125061, 18.25983238220215, 22.866863250732422, 27.496997356414795, 32.11615824699402, 36.823058128356934, 41.59746170043945, 46.36253905296326, 51.228100061416626, 56.2198371887207, 63.9533429145813, 72.20092034339905], "F_evals": [2.0, 4.0, 6.0, 8.0, 10.0, 12.0, 14.0, 16.0, 18.0, 20.0, 22.0, 24.0, 27.0, 30.0, 32.0], "A_evals": [2.0, 4.0, 6.0, 8.0, 10.0, 12.0, 14.0, 16.0, 18.0, 20.0, 22.0, 24.0, 27.0, 30.0, 32.0], "ts": [0, 0.011753066595896878, 0.02701301659558702, 0.047185580273197233, 0.07448149028872336, 0.11262469260848759, 0.16780911715899355, 0.2502460028019978, 0.374355432746999, 0.5425490484669648, 0.7776659211107014, 1.1302543764184465, 1.6835069662946642, 2.5603311141239753, 3.829060300804138, 4.0]}