{"exec_times": [2.1982192993164064e-06, 0.5530504441261291, 1.1055358266830444, 1.6585832595825196, 2.2111674118041993, 2.7644347882270814, 3.3167370986938476, 3.870166916847229, 4.422146699428558, 4.975075793266297, 5.528217062950135, 6.081500563621521, 6.633922894001007, 7.186692082881928, 7.738643946647644, 8.291880979537964, 8.843864500522614, 9.39700358390808, 9.94983922958374, 10.502881498336793, 11.055172915458678, 11.608522419929505, 12.161375257968903, 12.714406089782715, 13.266269376277924, 13.818429284095764, 14.371028234958649, 14.924554343223571, 15.476550595760346, 16.02947636604309, 16.58164439201355, 17.13371037244797, 17.685648841857912, 18.238494439125063, 18.79023144721985, 19.34291414499283, 19.89473979473114, 20.446993353366853, 21.000146543979646, 21.552098553180695, 22.10359914779663, 22.65654491186142, 23.208226025104523, 23.76051335334778, 24.3128182554245, 24.865124106407166, 25.41717546224594, 25.969730889797212, 26.521413815021514, 27.073783297538757, 27.625386121273042, 28.17779752254486, 28.72977876186371, 29.282543694972993, 29.834573323726655, 30.38780607461929, 30.939532225131988, 31.492468440532683, 32.04443475484848, 32.59688198566437, 33.148734297752384, 33.701683449745175, 34.25426842927933, 34.80715812444687, 35.35963932991028], "min_exec_times": [1.6689300537109375e-06, 0.5450594425201416, 1.094149112701416, 1.6400368213653564, 2.1912338733673096, 2.7427151203155518, 3.2870216369628906, 3.8385562896728516, 4.386198997497559, 4.9370198249816895, 5.4805755615234375, 6.036068677902222, 6.582784414291382, 7.136671543121338, 7.687096834182739, 8.233520269393921, 8.785226345062256, 9.32952880859375, 9.881381273269653, 10.427419900894165, 10.980468034744263, 11.525073289871216, 12.07775592803955, 12.624914646148682, 13.17141842842102, 13.728261232376099, 14.27855134010315, 14.83273458480835, 15.38062596321106, 15.9322669506073, 16.483724117279053, 17.03439474105835, 17.579129457473755, 18.13394045829773, 18.68206524848938, 19.232830286026, 19.777252435684204, 20.330981016159058, 20.87708282470703, 21.42590355873108, 21.98286247253418, 22.530075788497925, 23.082086086273193, 23.629765510559082, 24.18389868736267, 24.730725288391113, 25.27908730506897, 25.82816457748413, 26.372567653656006, 26.920855045318604, 27.47496461868286, 28.01814556121826, 28.570287942886353, 29.114888429641724, 29.666671752929688, 30.211668729782104, 30.76325249671936, 31.312793970108032, 31.86347246170044, 32.41250443458557, 32.963199615478516, 33.516377449035645, 34.06485295295715, 34.64115023612976, 35.18652009963989], "max_exec_times": [4.5299530029296875e-06, 1.1028451919555664, 2.2147746086120605, 3.321265697479248, 4.432639837265015, 5.544726610183716, 6.6559388637542725, 7.770352363586426, 8.876178741455078, 9.996615886688232, 11.113912105560303, 12.227994680404663, 13.3384850025177, 14.45447301864624, 15.565928220748901, 16.676005125045776, 17.79130482673645, 18.90014147758484, 20.013346433639526, 21.119996070861816, 22.233474731445312, 23.342940092086792, 24.457093954086304, 25.565489292144775, 26.672964811325073, 27.784928560256958, 28.89676833152771, 30.014458179473877, 31.123666524887085, 32.235984325408936, 33.34654664993286, 34.46411728858948, 35.57286286354065, 36.68351340293884, 37.80510067939758, 38.92361879348755, 40.031283378601074, 41.14487266540527, 42.2527801990509, 43.36052846908569, 44.470428466796875, 45.58150815963745, 46.69491529464722, 47.80803298950195, 48.91911482810974, 50.04108476638794, 51.15385842323303, 52.26675248146057, 53.375243186950684, 54.488938331604004, 55.60004377365112, 56.70865535736084, 57.82518482208252, 58.94297790527344, 60.06304717063904, 61.202704191207886, 62.317829608917236, 63.43167781829834, 64.54173922538757, 65.64905500411987, 66.76451444625854, 67.87156629562378, 68.98992991447449, 70.09706544876099, 71.21150326728821], "F_evals": [1.0, 2.0, 3.0, 4.0, 5.0, 6.0, 7.0, 8.0, 9.0, 10.0, 11.0, 12.0, 13.0, 14.0, 15.0, 16.0, 17.0, 18.0, 19.0, 20.0, 21.0, 22.0, 23.0, 24.0, 25.0, 26.0, 27.0, 28.0, 29.0, 30.0, 31.0, 32.0, 33.0, 34.0, 35.0, 36.0, 37.0, 38.0, 39.0, 40.0, 41.0, 42.0, 43.0, 44.0, 45.0, 46.0, 47.0, 48.0, 49.0, 50.0, 51.0, 52.0, 53.0, 54.0, 55.0, 56.0, 57.0, 58.0, 59.0, 60.0, 61.0, 62.0, 63.0, 64.0, 65.0], "A_evals": [1.0, 2.0, 3.0, 4.0, 5.0, 6.0, 7.0, 8.0, 9.0, 10.0, 11.0, 12.0, 13.0, 14.0, 15.0, 16.0, 17.0, 18.0, 19.0, 20.0, 21.0, 22.0, 23.0, 24.0, 25.0, 26.0, 27.0, 28.0, 29.0, 30.0, 31.0, 32.0, 33.0, 34.0, 35.0, 36.0, 37.0, 38.0, 39.0, 40.0, 41.0, 42.0, 43.0, 44.0, 45.0, 46.0, 47.0, 48.0, 49.0, 50.0, 51.0, 52.0, 53.0, 54.0, 55.0, 56.0, 57.0, 58.0, 59.0, 60.0, 61.0, 62.0, 63.0, 64.0, 65.0], "ts": [0, 0.01175306659589688, 0.02920398579428192, 0.05757246400335016, 0.10318908565601861, 0.1534458819097569, 0.2071266313298028, 0.26341746052343096, 0.32170980164334884, 0.38154909282145455, 0.4425710881717024, 0.5044974866424853, 0.5671569416593845, 0.630414796324691, 0.6941729886630026, 0.7583553355435771, 0.822901154049887, 0.8877614184938651, 0.9528960476509594, 1.0182719408288223, 1.0838615352432504, 1.1496417339157003, 1.2155931033847704, 1.281699259658268, 1.3479463678925663, 1.4143227502583848, 1.4808185715348745, 1.5474255823956817, 1.614136906725852, 1.680946863194507, 1.7478508138868623, 1.8147211567145578, 1.8815086188135017, 1.94821156772113, 2.014829093159421, 2.081360917031886, 2.147807314349412, 2.214169043249944, 2.2804472826626987, 2.3466435764304774, 2.412759782918746, 2.4787980293532224, 2.54476067130761, 2.6106502541567354, 2.6764694775108206, 2.74222116288286, 2.8079082238889987, 2.8735321649252015, 2.939093569173407, 3.004595559122882, 3.070041262392784, 3.1354337893690283, 3.200776215271144, 3.266071564037267, 3.331322793861592, 3.3965327843359994, 3.4617043251681974, 3.5268401064479034, 3.5919424375013373, 3.6570135136958872, 3.7220557134242456, 3.7870712904042567, 3.8520623709796538, 3.9170309526244265, 3.9819789035647637, 4.0]}