{"exec_times": [2.4318695068359373e-06, 0.4058645510673523, 0.8217267227172852, 1.2285817050933838, 1.6354454159736633, 2.0425690984725953, 2.447981300354004, 2.8541219568252565, 3.260025751590729, 3.6651014566421507, 4.0717103791236875, 4.476877262592316, 4.883036224842072, 5.28952311038971, 5.694947447776794, 6.10160924911499, 6.50631329536438, 6.912240149974823, 7.317880718708039, 7.723112690448761, 8.129161489009856, 8.534059603214263, 8.940016992092133, 9.345692670345306, 9.751300699710846, 10.159033465385438, 10.564735999107361, 10.971151435375214, 11.376935255527496, 11.782658300399781, 12.189165968894958, 12.594350390434265, 13.00089673280716, 13.407142109870911], "min_exec_times": [1.9073486328125e-06, 0.3999652862548828, 0.8091292381286621, 1.2143092155456543, 1.6161489486694336, 2.0217108726501465, 2.424219846725464, 2.825249671936035, 3.231813430786133, 3.6333141326904297, 4.0418009757995605, 4.443316459655762, 4.844127178192139, 5.255972862243652, 5.656970262527466, 6.067244529724121, 6.469716787338257, 6.871620416641235, 7.28118634223938, 7.682225942611694, 8.091934442520142, 8.494282960891724, 8.895451784133911, 9.30309772491455, 9.7036612033844, 10.110441207885742, 10.513015985488892, 10.915359735488892, 11.322941064834595, 11.726285457611084, 12.133684635162354, 12.535508632659912, 12.937612533569336, 13.348045587539673], "max_exec_times": [5.7220458984375e-06, 0.8282105922698975, 1.6551001071929932, 2.473431348800659, 3.292229413986206, 4.110807180404663, 4.932963132858276, 5.744197130203247, 6.5628533363342285, 7.37455415725708, 8.197192907333374, 9.017894983291626, 9.830265283584595, 10.65681004524231, 11.469334363937378, 12.285613298416138, 13.101284503936768, 13.913557052612305, 14.739505767822266, 15.55061674118042, 16.369988918304443, 17.189547538757324, 18.001604318618774, 18.826799154281616, 19.639848947525024, 20.468210697174072, 21.28140616416931, 22.09416675567627, 22.925323724746704, 23.7377610206604, 24.563202142715454, 25.374140977859497, 26.18540644645691, 27.01306962966919], "F_evals": [2.0, 4.0, 6.0, 8.0, 10.0, 12.0, 14.0, 16.0, 18.0, 20.0, 22.0, 24.0, 26.0, 28.0, 30.0, 32.0, 34.0, 36.0, 38.0, 40.0, 42.0, 44.0, 46.0, 48.0, 50.0, 52.0, 54.0, 56.0, 58.0, 60.0, 62.0, 64.0, 66.0, 68.0], "A_evals": [0.0, 0.0, 0.0, 0.0, 0.0, 0.0, 0.0, 0.0, 0.0, 0.0, 0.0, 0.0, 0.0, 0.0, 0.0, 0.0, 0.0, 0.0, 0.0, 0.0, 0.0, 0.0, 0.0, 0.0, 0.0, 0.0, 0.0, 0.0, 0.0, 0.0, 0.0, 0.0, 0.0, 0.0, 0.0], "ts": [0, 0.011758452836497707, 0.029218425807412254, 0.057606039404972595, 0.11506818452092567, 0.19660445786378256, 0.3389375408000334, 0.5143224678739197, 0.6436734321511668, 0.7800376319224327, 0.907080207993445, 1.0420928934595726, 1.1720899350271354, 1.3073490383888478, 1.4390416357769473, 1.5744517672402298, 1.7054633946336595, 1.841461287370998, 1.9718025089672029, 2.1077562559963554, 2.2381533373566116, 2.3740022765059923, 2.504303286060071, 2.6400337228620305, 2.7701612439621504, 2.9058244912457525, 3.035708015649523, 3.171348571654982, 3.300991069993155, 3.4366140932416656, 3.566112177764682, 3.701626284825721, 3.8309893377420647, 3.966384419576531, 4.0]}