{"exec_times": [3.790855407714844e-06, 0.48763525009155273, 0.9726638793945312, 1.4554981637001037, 1.928518431186676, 2.4286474108695986, 2.9135748958587646, 3.4039210891723632, 3.897969148159027, 4.3948601770401, 4.881404657363891, 5.374222402572632, 5.865746593475341, 6.346846084594727, 6.830648183822632, 7.315872864723206, 7.7873284316062925, 8.271056113243104, 8.756188282966614, 9.229189929962159, 9.71940212726593, 10.202739729881287, 10.689118149280548, 11.167757530212402, 11.645832936763764, 12.126363816261291, 12.603600192070008, 13.083282439708709, 13.56610651254654, 14.042378087043762, 14.538040997982025, 15.012621083259582, 15.505415377616883, 15.997269492149353, 16.473889584541322, 16.958294961452484, 17.444405443668366, 17.91737058877945, 18.396336479187013, 18.879580607414244, 19.353211612701415, 19.837175252437593, 20.301241717338563, 20.766234977245333, 21.24949673652649, 21.729108347892762, 22.209912865161897, 22.693946323394776, 23.166217184066774, 23.661070573329926, 24.149860544204714, 24.62605079650879, 25.113617169857026, 25.594042768478392, 26.07798989534378, 26.563848588466644, 27.02940337896347, 27.504584510326385, 27.987459676265715, 28.474640989303587, 28.9582213139534, 29.452025299072265, 29.935480535030365, 30.421611416339875, 30.901942098140715], "min_exec_times": [1.9073486328125e-06, 0.33304882049560547, 0.6697931289672852, 1.009498119354248, 1.3440942764282227, 1.7344305515289307, 2.1034634113311768, 2.446260452270508, 2.823894500732422, 3.171816825866699, 3.524768352508545, 3.861114740371704, 4.191989183425903, 4.542791366577148, 4.949170112609863, 5.282438039779663, 5.617172479629517, 5.952798843383789, 6.309283018112183, 6.686831712722778, 7.066576957702637, 7.399011135101318, 7.752201080322266, 8.094770669937134, 8.44125509262085, 8.810884952545166, 9.22526502609253, 9.559828042984009, 9.905993938446045, 10.256436109542847, 10.598325729370117, 10.952085256576538, 11.350440263748169, 11.687308311462402, 12.019087553024292, 12.375001907348633, 12.717585325241089, 13.096547603607178, 13.447173595428467, 13.790045499801636, 14.133788108825684, 14.479305505752563, 14.82074522972107, 15.229557752609253, 15.586610317230225, 15.929033517837524, 16.285300731658936, 16.631417751312256, 17.019840240478516, 17.350621461868286, 17.71749997138977, 18.054824352264404, 18.435692310333252, 18.769428730010986, 19.135009050369263, 19.469171285629272, 19.852911233901978, 20.196173429489136, 20.56867480278015, 20.903035163879395, 21.238292694091797, 21.657696962356567, 21.998760223388672, 22.335923194885254, 22.668317556381226], "max_exec_times": [2.2649765014648438e-05, 1.4307916164398193, 2.303262233734131, 3.6123130321502686, 4.470395565032959, 5.557610034942627, 6.812653064727783, 7.735297918319702, 8.445664644241333, 9.08454442024231, 10.104181289672852, 11.17307996749878, 12.076212882995605, 12.946621179580688, 13.800868272781372, 14.809149742126465, 15.640887260437012, 16.47217583656311, 17.28784680366516, 18.233967304229736, 19.216469526290894, 20.042253971099854, 20.914164066314697, 21.924821376800537, 22.77417540550232, 23.695062398910522, 24.53020191192627, 25.53316307067871, 26.408384084701538, 27.309784650802612, 28.350369930267334, 29.298776149749756, 30.070544719696045, 30.837685108184814, 31.614769220352173, 32.590500354766846, 33.47443413734436, 34.31013607978821, 35.13102316856384, 36.04501175880432, 36.87804079055786, 37.69638013839722, 38.51461839675903, 39.350279808044434, 40.21677112579346, 41.14301347732544, 41.97560095787048, 42.83313059806824, 43.78466510772705, 44.637412309646606, 45.50034022331238, 46.269216775894165, 47.03222608566284, 47.89573359489441, 48.661120653152466, 49.518131256103516, 50.27899765968323, 51.04129409790039, 51.826241970062256, 52.59081840515137, 53.341293811798096, 54.097633600234985, 54.85308885574341, 55.70080614089966, 56.4579074382782], "F_evals": [1.0, 2.0, 3.0, 4.0, 5.0, 6.0, 7.0, 8.0, 9.0, 10.0, 11.0, 12.0, 13.0, 14.0, 15.0, 16.0, 17.0, 18.0, 19.0, 20.0, 21.0, 22.0, 23.0, 24.0, 25.0, 26.0, 27.0, 28.0, 29.0, 30.0, 31.0, 32.0, 33.0, 34.0, 35.0, 36.0, 37.0, 38.0, 39.0, 40.0, 41.0, 42.0, 43.0, 44.0, 45.0, 46.0, 47.0, 48.0, 49.0, 50.0, 51.0, 52.0, 53.0, 54.0, 55.0, 56.0, 57.0, 58.0, 59.0, 60.0, 61.0, 62.0, 63.0, 64.0, 65.0], "A_evals": [1.0, 2.0, 3.0, 4.0, 5.0, 6.0, 7.0, 8.0, 9.0, 10.0, 11.0, 12.0, 13.0, 14.0, 15.0, 16.0, 17.0, 18.0, 19.0, 20.0, 21.0, 22.0, 23.0, 24.0, 25.0, 26.0, 27.0, 28.0, 29.0, 30.0, 31.0, 32.0, 33.0, 34.0, 35.0, 36.0, 37.0, 38.0, 39.0, 40.0, 41.0, 42.0, 43.0, 44.0, 45.0, 46.0, 47.0, 48.0, 49.0, 50.0, 51.0, 52.0, 53.0, 54.0, 55.0, 56.0, 57.0, 58.0, 59.0, 60.0, 61.0, 62.0, 63.0, 64.0, 65.0], "ts": [0, 0.01175306659589688, 0.02920398579428192, 0.05757246853639948, 0.10318908937637714, 0.15344585954264525, 0.20712639678446898, 0.2634162699745848, 0.32170575915705313, 0.38153861947491274, 0.44254906460248167, 0.5044567357203782, 0.5670885535053887, 0.6303078205817306, 0.6940157081044236, 0.7581351616911134, 0.8226049121656193, 0.887375599097942, 0.9524070195811613, 1.017666139255875, 1.0831256254953145, 1.1487627122951862, 1.2145583514173335, 1.2804965625166582, 1.3465639256602724, 1.4127491785543294, 1.479042892325988, 1.5454372072168683, 1.611925614621853, 1.6785027754281887, 1.7451643671005508, 1.8117900752557539, 1.8783269353424927, 1.944773840746016, 2.0111303565686236, 2.0773966316884516, 2.1435733223756843, 2.209661525443262, 2.2756627193317196, 2.3415787118218643, 2.407411593309015, 2.473163694769633, 2.538837549713938, 2.6044358595546995, 2.669961462660403, 2.735417305259412, 2.8008064141042657, 2.8661315403445333, 2.9313922616117845, 2.9965917845046177, 3.0617333204897528, 3.1268200629307876, 3.1918551706154132, 3.2568417529395646, 3.321782856514184, 3.3866814531407607, 3.451540429135596, 3.5163625759869928, 3.5811504512986803, 3.645906178961967, 3.7106322529480975, 3.7753310471194457, 3.840004812108498, 3.904655673299996, 3.9692856298508383, 4.0]}