{"ts": [0, 0.02908658445824154, 0.06965801931051036, 0.1, 0.12886451350439393, 0.169889782730399, 0.2, 0.2277395074353853, 0.2679349854901491, 0.30000000000000004, 0.3248419806373448, 0.35990010290972363, 0.4, 0.42625352688903273, 0.4650517689636334, 0.5, 0.5264201222368329, 0.5644717680417445, 0.6000000000000001, 0.6267485417700999, 0.6682016755089968, 0.7000000000000001, 0.7263411206221609, 0.7666320153279554, 0.8, 0.8248832425130567, 0.8598861643958342, 0.9, 0.9232604427572407, 0.9542889122515577, 0.9916475151538098, 1.0], "counts": [[[1.0, 3385, 249.60906457901]], [[1.0, 3385, 248.98879408836365]], [[1.0, 3385, 248.38202023506165]], [[1.0, 3385, 249.12155199050903]]]}