{"exec_times": [2.4318695068359373e-06, 0.3202256798744202, 0.648231053352356, 0.9791264295578003, 1.3029051780700684, 1.6294113874435425, 1.9565207839012146, 2.283625042438507, 2.612744891643524, 2.9477356314659118, 3.2711724758148195, 3.598574328422546, 3.9246145725250243, 4.254616904258728, 4.581289291381836, 4.90926216840744, 5.239231467247009, 5.582672536373138, 5.916375517845154, 6.25580540895462, 6.583845472335815, 6.908116364479065, 7.233740735054016, 7.566715860366822, 7.888659524917602, 8.20697054862976, 8.524923741817474, 8.847682583332062, 9.180077648162841, 9.506265330314637, 9.833008050918579, 10.165606260299683, 10.495408987998962, 10.828612840175628, 11.151351583003997, 11.48176622390747, 11.806136167049408, 12.134006631374358, 12.456431591510773, 12.786974430084229, 13.110827815532684, 13.447213852405548, 13.772299027442932, 14.10089350938797, 14.421748852729797, 14.746465766429901, 15.0669535279274, 15.392276418209075, 15.720501446723938, 16.048880672454835, 16.383309626579283, 16.709962677955627, 17.03676018714905, 17.368031311035157, 17.694800972938538, 18.027514660358428, 18.355198872089385, 18.689574277400972, 19.01997596025467, 19.342140626907348, 19.66496719121933, 19.990733480453493, 20.31025621891022, 20.62666050195694, 20.947567057609557, 21.2753804564476], "min_exec_times": [1.6689300537109375e-06, 0.3058021068572998, 0.6185534000396729, 0.9351248741149902, 1.2468147277832031, 1.557206392288208, 1.8696744441986084, 2.1903624534606934, 2.503485679626465, 2.823028326034546, 3.141991376876831, 3.451389789581299, 3.761204957962036, 4.074230194091797, 4.385116100311279, 4.695921897888184, 5.02211594581604, 5.347675800323486, 5.657452344894409, 5.97417950630188, 6.288439512252808, 6.601010799407959, 6.928778886795044, 7.240744590759277, 7.548799276351929, 7.8625969886779785, 8.173160076141357, 8.511670589447021, 8.833179950714111, 9.148794889450073, 9.467518091201782, 9.78249216079712, 10.092515468597412, 10.413067817687988, 10.72437834739685, 11.041600704193115, 11.362519025802612, 11.67359972000122, 11.987788438796997, 12.305567502975464, 12.61920690536499, 12.947858572006226, 13.25824522972107, 13.57283067703247, 13.887920379638672, 14.19818925857544, 14.513556480407715, 14.830797910690308, 15.14468789100647, 15.462296485900879, 15.773486375808716, 16.097493886947632, 16.420768976211548, 16.732603073120117, 17.057048797607422, 17.37757682800293, 17.690507888793945, 18.01194930076599, 18.32749843597412, 18.640464067459106, 18.95819616317749, 19.273362159729004, 19.588443994522095, 19.905976057052612, 20.21551823616028, 20.531542539596558], "max_exec_times": [5.245208740234375e-06, 0.6275935173034668, 1.2962429523468018, 2.070377826690674, 2.7382168769836426, 3.4113147258758545, 4.062938928604126, 4.694721698760986, 5.3332297801971436, 6.081045866012573, 6.756535291671753, 7.428402423858643, 8.084474086761475, 8.724944114685059, 9.354722499847412, 9.97651195526123, 10.620790719985962, 11.325703144073486, 11.977527618408203, 12.63218879699707, 13.269408464431763, 13.891932964324951, 14.521919250488281, 15.312389135360718, 16.09655499458313, 16.774547576904297, 17.395493745803833, 18.017815828323364, 18.6529700756073, 19.280072927474976, 19.90588068962097, 20.533114671707153, 21.174599647521973, 21.89302110671997, 22.563615560531616, 23.373059034347534, 24.034629583358765, 24.735549926757812, 25.373918056488037, 26.07936930656433, 26.74069571495056, 27.596403121948242, 28.3282732963562, 29.162943124771118, 29.823251962661743, 30.46579885482788, 31.087811708450317, 31.734503030776978, 32.43753433227539, 33.09618830680847, 33.75782227516174, 34.38458180427551, 35.005292654037476, 35.6606707572937, 36.29905700683594, 36.92373061180115, 37.547446489334106, 38.26883625984192, 38.938053369522095, 39.58958983421326, 40.228408098220825, 40.88227081298828, 41.52656316757202, 42.151731729507446, 42.77488589286804, 43.5007541179657], "F_evals": [1.0, 2.0, 3.0, 4.0, 5.0, 6.0, 7.0, 8.0, 9.0, 10.0, 11.0, 12.0, 13.0, 14.0, 15.0, 16.0, 17.0, 18.0, 19.0, 20.0, 21.0, 22.0, 23.0, 24.0, 25.0, 26.0, 27.0, 28.0, 29.0, 30.0, 31.0, 32.0, 33.0, 34.0, 35.0, 36.0, 37.0, 38.0, 39.0, 40.0, 41.0, 42.0, 43.0, 44.0, 45.0, 46.0, 47.0, 48.0, 49.0, 50.0, 51.0, 52.0, 53.0, 54.0, 55.0, 56.0, 57.0, 58.0, 59.0, 60.0, 61.0, 62.0, 63.0, 64.0, 65.0, 66.0], "A_evals": [1.0, 2.0, 3.0, 4.0, 5.0, 6.0, 7.0, 8.0, 9.0, 10.0, 11.0, 12.0, 13.0, 14.0, 15.0, 16.0, 17.0, 18.0, 19.0, 20.0, 21.0, 22.0, 23.0, 24.0, 25.0, 26.0, 27.0, 28.0, 29.0, 30.0, 31.0, 32.0, 33.0, 34.0, 35.0, 36.0, 37.0, 38.0, 39.0, 40.0, 41.0, 42.0, 43.0, 44.0, 45.0, 46.0, 47.0, 48.0, 49.0, 50.0, 51.0, 52.0, 53.0, 54.0, 55.0, 56.0, 57.0, 58.0, 59.0, 60.0, 61.0, 62.0, 63.0, 64.0, 65.0, 66.0], "ts": [0, 0.007129399241678536, 0.01606844142296033, 0.02753329050881254, 0.042751631674349436, 0.06415860887393816, 0.09688922974433677, 0.14460306788118385, 0.19598398199183525, 0.25022413251835623, 0.30679590984612587, 0.36522877408167626, 0.42514477350528745, 0.486248314956607, 0.5483171982044038, 0.6111830200257287, 0.6747141957426672, 0.7388063288749493, 0.8033756441637865, 0.8683543109274138, 0.9336869389128537, 0.9992869649314161, 1.0650396472877643, 1.1309289091185353, 1.1969431391007945, 1.2630733995808614, 1.3293129291969563, 1.3956567153116481, 1.4620891816278554, 1.528607892378888, 1.595211584402389, 1.6618982313306818, 1.7286602376863422, 1.795498345361039, 1.8624135251651825, 1.9294068884076159, 1.9964796185386846, 2.0636329040780144, 2.130867870596741, 2.1981797627694233, 2.26556354467717, 2.3330203604252104, 2.400551126790192, 2.468156602658519, 2.535837409210234, 2.603583469069619, 2.6713678268531, 2.7391897270721346, 2.807048536762153, 2.8749436829695885, 2.9428746297672737, 3.010840863740256, 3.07884188486258, 3.1468772004404224, 3.214933200667587, 3.282996227063855, 3.3510661279778433, 3.419142770978131, 3.4872260409938165, 3.5553158337550084, 3.623412052782563, 3.691514607530044, 3.7596234121618264, 3.8277383847172155, 3.895859446531498, 3.963986521837011, 4.0]}