{"ts": [0, 0.008340189497816604, 0.019146747444727275, 0.03354295101482703, 0.05361765925524607, 0.08407954864301008, 0.1, 0.10811220389349264, 0.11862765811617014, 0.1326734026814408, 0.1524168857535372, 0.18225961787137657, 0.2, 0.20859145921773511, 0.21991249437417126, 0.23538008190801674, 0.25793417520897205, 0.2936702147187371, 0.30000000000000004, 0.307262842530294, 0.3163664737935258, 0.32797590657260633, 0.3431590126696118, 0.3638028371181704, 0.393622917474198, 0.4, 0.40825516462026584, 0.41900682714051407, 0.4334550334203817, 0.45387229939024143, 0.4853753172402748, 0.5, 0.5073651165439816, 0.5166392655017735, 0.5285526226206922, 0.5443349300314921, 0.5662187966755589, 0.5987826217783974, 0.6000000000000001, 0.6077297445420586, 0.6176188922756933, 0.6306232947576041, 0.648511018047273, 0.6749138739974968, 0.7000000000000001, 0.7070420504177373, 0.7158512835655267, 0.727110237533676, 0.7419769773723027, 0.762691566140795, 0.7945191426613575, 0.8, 0.80743446677951, 0.8168470666123916, 0.8290721208500854, 0.8456088214055594, 0.869670668772472, 0.9, 0.9075416316731891, 0.9171347857812993, 0.9296651185611299, 0.9467468835786036, 0.9719278443326934, 1.0], "counts": [[[1.0, 2754, 130.46085834503174]], [[1.0, 2754, 130.18669438362122]], [[1.0, 2754, 129.67233848571777]], [[1.0, 2754, 129.99454045295715]]]}