{"ts": [0, 0.03068208554612117, 0.07333788830384973, 0.12317761565775875, 0.178403664640219, 0.23780358259267326, 0.3011063861287615, 0.3674421616338615, 0.43628745211379183, 0.5, 0.5274097031102134, 0.5652758063287628, 0.6102213387709916, 0.6601018085071573, 0.7136633740108326, 0.7706726942433797, 0.8297087192440427, 0.8902325238177796, 0.9518901892552288, 1.0, 1.0293777833582896, 1.0681110036727575, 1.1128519143208118, 1.1618221983708785, 1.213957384882599, 1.2689763098723017, 1.3256522327978504, 1.3836893207601209, 1.4428156194093116, 1.5, 1.5242299135769557, 1.5570135087144394, 1.5953795351084272, 1.6376151945173054, 1.6827220694449714, 1.730569136243216, 1.7802429183416426, 1.8314578801984265, 1.8840019732902242, 1.9377001253903265, 1.9924085531891094, 2.0, 2.027017428016331, 2.065116071702131, 2.1113285622512, 2.163039779804809, 2.2181542388830975, 2.2758043889153035, 2.334579593289919, 2.3938312361276264, 2.4535195347911882, 2.5, 2.5239212128707953, 2.556511652565066, 2.5952374789676114, 2.638621242708613, 2.6858044739782434, 2.736223376753569, 2.790279108226092, 2.846876207080487, 2.904963478949944, 2.964325213234913, 3.0, 3.025499263447292, 3.060180936174934, 3.1012630494924647, 3.146898807148145, 3.1960625569674006, 3.248099272076953, 3.3031040966264333, 3.3599670043522845, 3.418355303849498, 3.4779900634481242, 3.5, 3.524872599868369, 3.5585921200446, 3.598490435581579, 3.6427124507682986, 3.6901399598643683, 3.74067847565929, 3.7931372874393743, 3.847130114717368, 3.9023461912145794, 3.9585448948072055, 4.0, 4.028172298203172, 4.068877796483243, 4.118914556804825, 4.176369193880646, 4.2352330139544625, 4.294517035715462, 4.354219793463158, 4.414339456489179, 4.474868943104272, 4.5, 4.529491592827123, 4.5686487459035225, 4.613306412525942, 4.661462901419033, 4.712157320753428, 4.765100698441476, 4.819458411577461, 4.8748798306284655, 4.931120241911978, 4.988012486305389, 5.0], "counts": [[[5.0, 4106, 1191.669094324112]], [[5.0, 4106, 1191.2242395877838]], [[5.0, 4106, 1191.9574530124664]], [[5.0, 4106, 1192.1883835792542]]]}