{"ts": [0, 0.008490150508311818, 0.016980301016623636, 0.025470451524935454, 0.03396060203324727, 0.04245075254155909, 0.05, 0.05849015050831182, 0.06698030101662364, 0.07547045152493545, 0.08396060203324726, 0.09245075254155907, 0.1, 0.10849015050831182, 0.11698030101662363, 0.12547045152493544, 0.13396060203324725, 0.14245075254155906, 0.15000000000000002, 0.15849015050831183, 0.16698030101662364, 0.17547045152493546, 0.18396060203324727, 0.19245075254155908, 0.2, 0.20849015050831182, 0.21698030101662363, 0.22547045152493544, 0.23396060203324726, 0.24245075254155907, 0.25, 0.2584901505083118, 0.2669803010166236, 0.27547045152493543, 0.28396060203324724, 0.29245075254155906, 0.30000000000000004, 0.30849015050831186, 0.31698030101662367, 0.3254704515249355, 0.3339606020332473, 0.3424507525415591, 0.35000000000000003, 0.35849015050831184, 0.36698030101662366, 0.37547045152493547, 0.3839606020332473, 0.3924507525415591, 0.4, 0.40849015050831183, 0.41698030101662364, 0.42547045152493546, 0.43396060203324727, 0.4424507525415591, 0.45, 0.4584901505083118, 0.46698030101662363, 0.47547045152493544, 0.48396060203324726, 0.49245075254155907, 0.5], "counts": [[[0.5, 3385, 80.37888979911804]], [[0.5, 3385, 80.14629459381104]], [[0.5, 3385, 80.07325172424316]], [[0.5, 3385, 79.67142295837402]]]}