{"ts": [0, 0.008466271609865047, 0.019561465607861532, 0.03437117735914382, 0.05488400122924533, 0.0850574577194082, 0.13194116019139007, 0.19874590917131077, 0.2846926993355285, 0.4002938256372882, 0.555108197396045, 0.7560977114259934, 0.9923785336863791, 1.0, 1.0081114755379859, 1.0186263441813883, 1.0326724790348736, 1.0524244348988996, 1.0822809747595725, 1.133050739169458, 1.2011382846648457, 1.3044334776247313, 1.471060826332929, 1.7825972128503982, 2.0, 2.0080933126224663, 2.018583004554038, 2.032618552236402, 2.0524346728486624, 2.0833792740802988, 2.1402083166678776, 2.2069182626280415, 2.311829701755761, 2.467767672624987, 2.6586481151769212, 2.8193481408218193, 2.943264502498374, 3.0, 3.007350251445599, 3.0166371949699413, 3.028654335553263, 3.044783544818217, 3.0678072833099996, 3.1044834645613237, 3.176049157911721, 3.2705286972294467, 3.3965206212038193, 3.5546822676825527, 3.735923379282601, 3.8952069247880123, 4.0, 4.007464525306936, 4.016935099690321, 4.029246564726939, 4.045892126111808, 4.069799229594418, 4.108098854854786, 4.173521794687199, 4.2616031529936444, 4.401122512161045, 4.6084588284017896, 4.81131342200658, 4.964340430076414, 5.0, 5.007334983885374, 5.016615318552181, 5.028687059979822, 5.045042913847164, 5.068781790066084, 5.1070689763120205, 5.169389781030781, 5.251484160942535, 5.362385176954698, 5.513328181735975, 5.725012761932289, 5.969195134661146, 6.0, 6.007173972383667, 6.016188489096539, 6.027788690138417, 6.043290916518966, 6.065320833963596, 6.099640680792141, 6.162888537251666, 6.244045715839733, 6.362580198705968, 6.512904219584648, 6.692713818779773, 6.84709571559614, 6.974734928075534, 7.0, 7.00747500277279, 7.016962386344252, 7.029321721465527, 7.046119117698247, 7.0706899335689695, 7.110608042040976, 7.171607340692216, 7.254585792203484, 7.3788118294282965, 7.5794842412521355, 7.880889984035666, 8.0, 8.007527471816847, 8.017081551873176, 8.02950839777234, 8.046282785275547, 8.070215464810852, 8.107699792264793, 8.172569379508303, 8.257092474004402, 8.385658759336387, 8.575257352429304, 8.814527272455862, 9.0, 9.008362655715775, 9.01928791973408, 9.03400133982963, 9.05488068005835, 9.086978194022464, 9.1419793465475, 9.21334787419581, 9.326354489787908, 9.50864750332432, 9.750774664620753, 9.951564346851201, 10.0], "counts": [[[10.0, 4106, 576.7007896900177]], [[10.0, 4106, 577.729243516922]], [[10.0, 4106, 577.6541500091553]], [[10.0, 4106, 576.5703518390656]]]}