{"ts": [0, 0.029233166552653133, 0.08372788105578247, 0.1, 0.12450296509150453, 0.1580404616365166, 0.19784863398357086, 0.2, 0.22674993012387704, 0.2650172127962479, 0.30000000000000004, 0.3255343708937168, 0.3599202422149852, 0.4, 0.42753698574088445, 0.469460337932997, 0.5, 0.5288270873798624, 0.569201926836447, 0.6000000000000001, 0.6264614890675471, 0.6651134347874378, 0.7000000000000001, 0.7283809625557637, 0.7665740776063205, 0.8, 0.8282243821202464, 0.8681169969116314, 0.9, 0.929934476292183, 0.9738967841247608, 1.0], "counts": [[[1.0, 2207, 106.6088445186615]], [[1.0, 2207, 106.89205598831177]], [[1.0, 2207, 106.6182074546814]], [[1.0, 2207, 106.95625138282776]]]}