{"exec_times": [4.291534423828125e-06, 0.791209053993225, 1.586426603794098, 2.3828076124191284, 3.182226228713989, 3.9825265526771547, 4.7819663166999815, 5.581668448448181, 6.386301708221436, 7.1924641013145445, 8.002324211597443, 8.816612112522126, 9.635174083709718, 10.457548129558564, 11.289981496334075, 12.131106388568877, 12.984549820423126, 13.847833847999572, 14.720847558975219, 15.975948476791382, 17.262551391124724], "min_exec_times": [3.814697265625e-06, 0.7861835956573486, 1.577584981918335, 2.370922088623047, 3.1687848567962646, 3.9656822681427, 4.759140729904175, 5.551674842834473, 6.352875232696533, 7.157883167266846, 7.961177825927734, 8.770055770874023, 9.583422422409058, 10.401547908782959, 11.234171152114868, 12.067734003067017, 12.923428773880005, 13.790282487869263, 14.657472372055054, 15.904295921325684, 17.18972659111023], "max_exec_times": [8.58306884765625e-06, 1.5803124904632568, 3.157855987548828, 4.7439470291137695, 6.339903354644775, 7.923949480056763, 9.516514778137207, 11.102644920349121, 12.708097457885742, 14.320251703262329, 15.935153722763062, 17.552172660827637, 19.1776602268219, 20.81665015220642, 22.476242542266846, 24.14853572845459, 25.8579044342041, 27.58802342414856, 29.328731060028076, 31.841655492782593, 34.409706354141235], "F_evals": [2.0, 4.0, 6.0, 8.0, 10.0, 12.0, 14.0, 16.0, 18.0, 20.0, 22.0, 24.0, 26.0, 28.0, 30.0, 32.0, 34.0, 36.0, 39.0, 42.0, 45.0], "A_evals": [2.0, 4.0, 6.0, 8.0, 10.0, 12.0, 14.0, 16.0, 18.0, 20.0, 22.0, 24.0, 26.0, 28.0, 30.0, 32.0, 34.0, 36.0, 39.0, 42.0, 45.0], "ts": [0, 0.007129399241678536, 0.015610655358350174, 0.025785595282603314, 0.03812106750294737, 0.05327275306465419, 0.07221944079793222, 0.09640664133706094, 0.1279425156189048, 0.16969957422162177, 0.22588236771861106, 0.3018866238022112, 0.4037273671272671, 0.5310351932478804, 0.6978751958784203, 0.9252729551135063, 1.2346288391330782, 1.6344945151237342, 2.1336151206549143, 2.736165063113053, 3.4587883569112092, 4.0]}