{"exec_times": [2.491474151611328e-06, 0.3279471039772034, 0.6470716953277588, 0.9690535068511963, 1.2886643171310426, 1.6060544490814208, 1.9178150296211243, 2.233264422416687, 2.5477993965148924, 2.863612473011017, 3.177805042266846, 3.493910884857178, 3.805034804344177, 4.118443334102631, 4.4306115984916685, 4.747009444236755, 5.063729012012482, 5.379225063323974, 5.700000524520874, 6.0166895389556885, 6.331731629371643, 6.647674250602722, 6.967109942436219, 7.281072843074798, 7.596718907356262, 7.911128830909729, 8.228646194934845, 8.54516110420227, 8.860429215431214, 9.174134635925293, 9.486502075195313, 9.802033472061158, 10.11697598695755, 10.429544496536256, 10.74638216495514, 11.060031855106354, 11.376991760730743, 11.692411530017853, 12.008376920223236, 12.324086093902588, 12.638736581802368, 12.952786707878113, 13.267760705947875, 13.585652196407318, 13.900491833686829, 14.218909096717834, 14.531765365600586, 14.846822381019592, 15.159282779693603, 15.472464334964751, 15.788589370250701, 16.102923452854156, 16.416824066638945, 16.731576871871948, 17.045255613327026, 17.36056344509125, 17.676966309547424, 17.988357532024384, 18.30399469137192, 18.619634246826173, 18.932075607776643, 19.246683359146118], "min_exec_times": [2.1457672119140625e-06, 0.31438612937927246, 0.6257703304290771, 0.93929123878479, 1.2495479583740234, 1.561218023300171, 1.8755478858947754, 2.184096574783325, 2.4917893409729004, 2.8008246421813965, 3.1146554946899414, 3.423165798187256, 3.732936143875122, 4.041923761367798, 4.347867012023926, 4.660045862197876, 4.969641208648682, 5.279244899749756, 5.5963218212127686, 5.907508373260498, 6.213481664657593, 6.527587652206421, 6.832565069198608, 7.139388561248779, 7.4518883228302, 7.767901659011841, 8.072685718536377, 8.387609720230103, 8.694092750549316, 9.001028776168823, 9.322551727294922, 9.62949013710022, 9.946001768112183, 10.254321575164795, 10.5706045627594, 10.875990390777588, 11.18119192123413, 11.491838932037354, 11.796616077423096, 12.102608442306519, 12.413511276245117, 12.720191955566406, 13.026548147201538, 13.34182620048523, 13.645634889602661, 13.95113205909729, 14.255935668945312, 14.569581747055054, 14.874126434326172, 15.180613040924072, 15.488468885421753, 15.794620513916016, 16.10038948059082, 16.414233684539795, 16.719871520996094, 17.02634835243225, 17.33907651901245, 17.644683361053467, 17.950730323791504, 18.257518768310547, 18.567688941955566, 18.87401533126831], "max_exec_times": [6.198883056640625e-06, 0.6692473888397217, 1.2981009483337402, 1.9434823989868164, 2.587690591812134, 3.228600263595581, 3.862555742263794, 4.510906219482422, 5.142867088317871, 5.776749849319458, 6.424904108047485, 7.087615966796875, 7.714310169219971, 8.34805703163147, 8.986989259719849, 9.6446852684021, 10.281739234924316, 10.92601728439331, 11.600772380828857, 12.238656759262085, 12.87918758392334, 13.508063316345215, 14.147855758666992, 14.781946420669556, 15.41662049293518, 16.054604291915894, 16.681472778320312, 17.316423416137695, 17.962114572525024, 18.579866409301758, 19.22505211830139, 19.865302085876465, 20.516359090805054, 21.142818689346313, 21.826968908309937, 22.45060086250305, 23.09892463684082, 23.72589111328125, 24.382856607437134, 25.01899290084839, 25.66088604927063, 26.29505157470703, 26.950367212295532, 27.599658966064453, 28.25726556777954, 28.913516759872437, 29.548145055770874, 30.183300733566284, 30.81278896331787, 31.434045791625977, 32.094019651412964, 32.72795367240906, 33.36590123176575, 33.99957513809204, 34.64887046813965, 35.283020973205566, 35.91581130027771, 36.530256509780884, 37.1597900390625, 37.80846977233887, 38.425644874572754, 39.06070828437805], "F_evals": [1.2997002997002998, 2.5994005994005995, 3.959040959040959, 5.333666333666333, 6.723276723276722, 7.723276723276722, 8.723276723276722, 9.723276723276722, 10.723276723276722, 11.723276723276722, 12.723276723276722, 13.723276723276722, 14.723276723276722, 15.723276723276722, 16.723276723276722, 17.723276723276722, 18.723276723276722, 19.723276723276722, 20.723276723276722, 21.723276723276722, 22.723276723276722, 23.723276723276722, 24.723276723276722, 25.723276723276722, 26.723276723276722, 27.723276723276722, 28.723276723276722, 29.723276723276722, 30.723276723276722, 31.723276723276722, 32.723276723276726, 33.723276723276726, 34.723276723276726, 35.723276723276726, 36.723276723276726, 37.723276723276726, 38.723276723276726, 39.723276723276726, 40.723276723276726, 41.723276723276726, 42.723276723276726, 43.723276723276726, 44.723276723276726, 45.723276723276726, 46.723276723276726, 47.723276723276726, 48.723276723276726, 49.723276723276726, 50.723276723276726, 51.723276723276726, 52.723276723276726, 53.723276723276726, 54.723276723276726, 55.723276723276726, 56.723276723276726, 57.723276723276726, 58.723276723276726, 59.723276723276726, 60.723276723276726, 61.723276723276726, 62.723276723276726, 63.723276723276726], "A_evals": [1.0, 2.0, 3.0, 4.0, 5.0, 6.0, 7.0, 8.0, 9.0, 10.0, 11.0, 12.0, 13.0, 14.0, 15.0, 16.0, 17.0, 18.0, 19.0, 20.0, 21.0, 22.0, 23.0, 24.0, 25.0, 26.0, 27.0, 28.0, 29.0, 30.0, 31.0, 32.0, 33.0, 34.0, 35.0, 36.0, 37.0, 38.0, 39.0, 40.0, 41.0, 42.0, 43.0, 44.0, 45.0, 46.0, 47.0, 48.0, 49.0, 50.0, 51.0, 52.0, 53.0, 54.0, 55.0, 56.0, 57.0, 58.0, 59.0, 60.0, 61.0, 62.0], "ts": [0, 0.026675769335887032, 0.06357786843496754, 0.10727783593482082, 0.15582267169096803, 0.2080661751574948, 0.26326097770515056, 0.32140110134315175, 0.3812725931301191, 0.44254051409065576, 0.5049120239800404, 0.5681770403035351, 0.6321764833765781, 0.6967872132706153, 0.7619119499077043, 0.8274729524756148, 0.8934076101564239, 0.9596136796376578, 1.0260012662843139, 1.09255307615915, 1.159255767704692, 1.2260990537383227, 1.293065862046209, 1.3601499840956628, 1.4273370174165738, 1.4946206472424235, 1.5619990937227977, 1.6294711700783406, 1.6970316625204347, 1.7646757108916742, 1.8324035610351788, 1.9002047032738443, 1.9680774209288066, 2.036022437807816, 2.104040368095701, 2.172131734035205, 2.2402969579917746, 2.308533413726651, 2.3768030122206607, 2.445103861048213, 2.5134350636267513, 2.581795840564614, 2.6501843375875835, 2.7185734754878914, 2.7869630468336384, 2.8553528951586897, 2.9237429158176864, 2.992133041165986, 3.060523231059787, 3.12891346639653, 3.1973037443644734, 3.2656940748350123, 3.334084477579493, 3.4024749801063527, 3.4708656159760674, 3.5392564234889505, 3.6076474446659166, 3.67603872446018, 3.7444303101511203, 3.8128222508816725, 3.8812145973084755, 3.9496074013402183, 4.0]}