{"ts": [0, 0.03068208554612117, 0.07333788830384973, 0.1, 0.1274143892247786, 0.16529029795969982, 0.2, 0.2295496081537581, 0.26859044189078024, 0.30000000000000004, 0.3243693401884839, 0.3573774172780212, 0.39602930891987637, 0.4, 0.42719758526331514, 0.46563069221631864, 0.5, 0.5243215239629035, 0.5576709051169495, 0.5973902684493966, 0.6000000000000001, 0.625656306962781, 0.6606630124129881, 0.7000000000000001, 0.7250723822676439, 0.7592176900585019, 0.7996953275277662, 0.8, 0.8282112616095388, 0.8690742093813867, 0.9, 0.9295279279063152, 0.9686016039572612, 1.0], "counts": [[[1.0, 4106, 393.8409466743469]], [[1.0, 4106, 394.8609244823456]], [[1.0, 4106, 393.9749095439911]], [[1.0, 4106, 393.9095416069031]]]}