{"ts": [0, 0.008486312452234121, 0.018867805356853774, 0.03170038539358592, 0.047783236075672336, 0.05, 0.058160751981829364, 0.06806462736570368, 0.08019168095887218, 0.09521810231206511, 0.1, 0.10858448041555606, 0.11908994698547856, 0.13208932211113378, 0.1484154646336348, 0.15000000000000002, 0.1572669210030942, 0.16594016474131837, 0.17638071979852651, 0.1890824733665625, 0.2, 0.2070165816447926, 0.21534571945965447, 0.2253159121353223, 0.23737341250334554, 0.25, 0.25706165610820864, 0.26545193350784263, 0.27550656443360116, 0.28768436451483287, 0.30000000000000004, 0.3071491224408125, 0.3156203358600941, 0.32572152224366335, 0.33786391002360056, 0.35000000000000003, 0.3570398366845411, 0.36541707777759497, 0.37546556444420964, 0.3876376648913757, 0.4, 0.40734618767915287, 0.41612702946110963, 0.42671595442388144, 0.4396255934768183, 0.45, 0.45774530935452834, 0.46706832470787923, 0.47840288998292113, 0.49234630349859887, 0.5], "counts": [[[0.5, 3385, 769.5147218704224]], [[0.5, 3385, 775.7977690696716]], [[0.5, 3385, 769.4382483959198]], [[0.5, 3385, 771.1878151893616]]]}