{"ts": [0, 0.008490150508311818, 0.019653109205137843, 0.03482262968782671, 0.056600966992880405, 0.09127511091888238, 0.15086861833496074, 0.22582532857544307, 0.3461866536942138, 0.5, 0.5081707666877978, 0.5187657184392798, 0.5328849778645317, 0.5525909177687168, 0.5820257790535067, 0.6312336217116702, 0.6982407271155451, 0.7901592118466061, 0.9270104680876071, 1.0, 1.0085918353867247, 1.0199112339696874, 1.035371368275673, 1.0579116816322016, 1.0934807220523055, 1.1537175926700753, 1.2320446845318596, 1.3657616920959037, 1.5, 1.5072746834027808, 1.5164481049683696, 1.5282917605784938, 1.544160250496047, 1.5667295219653836, 1.6023271540944217, 1.6628647791277062, 1.7403433441969598, 1.8514487828051052, 2.0, 2.0070206964775457, 2.015791572761434, 2.026991431590571, 2.0417728687900336, 2.062329655287572, 2.093085209874199, 2.145322218798643, 2.2323623627938747, 2.3417597546160946, 2.5, 2.507063443966637, 2.5159028547221944, 2.5272212590472214, 2.542229449122284, 2.563305485265706, 2.5955942478231586, 2.653340533482204, 2.732529975030429, 2.8378929236405885, 2.979267702542499, 3.0, 3.0071561803475184, 3.0160436192222084, 3.0272494950273225, 3.041697781813843, 3.0610264459109153, 3.0882311707832883, 3.126200991405082, 3.178913343720218, 3.249246230813867, 3.343737408060332, 3.472996907532473, 3.5, 3.507047556617168, 3.5158799966033367, 3.5271911016383246, 3.5421414738435004, 3.5629085640309954, 3.5943208266212205, 3.650189197287557, 3.747268375636485, 3.8657554793077953, 4.0, 4.007348684553874, 4.016635745774787, 4.028661837782299, 4.044836844394018, 4.06800107833805, 4.104533626370776, 4.1678421859949015, 4.2502416639883025, 4.375975883635311, 4.5, 4.5078360266455215, 4.517973428577406, 4.531488005856015, 4.5503856429052565, 4.578790126647794, 4.620092235534201, 4.673101944223432, 4.745529958107304, 4.850770585118577, 5.0], "counts": [[[5.0, 3385, 309.3071119785309]], [[5.0, 3385, 308.75582218170166]], [[5.0, 3385, 307.59489035606384]], [[5.0, 3385, 310.22899532318115]]]}