{"ts": [0, 0.031191833593890005, 0.07869713400749126, 0.1377887604043493, 0.20559506114051607, 0.27934734855745397, 0.35797484135188046, 0.4408152820416857, 0.5, 0.5273848960125355, 0.565215004402328, 0.6101194547109664, 0.6599480165939973, 0.7134420357756467, 0.7703741679221687, 0.8293278155542481, 0.8897681241600455, 0.9513394143103799, 1.0, 1.0275620768819171, 1.06754325779747, 1.114257597420373, 1.1654928147367978, 1.2200143032263382, 1.2777323308828512, 1.3372543489080357, 1.3982315469848172, 1.460360085917628, 1.5, 1.525745903556357, 1.5621681563032888, 1.606541673447588, 1.6574827625499549, 1.7143225189801576, 1.776532708266617, 1.8420073799841619, 1.9075424658988969, 1.9731295598950465, 2.0, 2.0290910977448675, 2.0675680854343224, 2.1118952638936257, 2.1605450228059375, 2.212598948407101, 2.267560226058785, 2.3243416801920973, 2.3823660798507857, 2.4413672648243976, 2.5, 2.52754964989733, 2.569406178009226, 2.6209338750155733, 2.6794436052944532, 2.741608914610449, 2.8042133054880303, 2.867149461568951, 2.9303822864402713, 2.993883298322565, 3.0, 3.0289255061667806, 3.0717472789398355, 3.123185379181735, 3.1808559808364594, 3.2435180465065176, 3.3080225172182063, 3.3726931341104156, 3.4375221763125783, 3.5, 3.526331010495559, 3.571605691547209, 3.6253667537637466, 3.68415765934127, 3.7470072501745504, 3.8126550575662437, 3.8784378880657595, 3.9442410568497706, 4.0, 4.024897016804795, 4.058707461275307, 4.098741009442326, 4.143447603365813, 4.191978643828638, 4.243899351465098, 4.2993922012272305, 4.357525452818417, 4.4177460889842335, 4.479379699117146, 4.5, 4.527635370164285, 4.564652605901017, 4.607826817448731, 4.655254897863738, 4.705787310796441, 4.758899814324963, 4.81457629918144, 4.871922187780474, 4.930600231512811, 4.990360694790645, 5.0], "counts": [[[5.0, 2754, 508.6580810546875]], [[5.0, 2754, 508.78588604927063]], [[5.0, 2754, 508.7131311893463]], [[5.0, 2754, 508.86355924606323]]]}