{"ts": [0, 0.008466271609865047, 0.019561465607861532, 0.03437117735914382, 0.05488400122924533, 0.0850574577194082, 0.13194116019139007, 0.19874590917131077, 0.2846926993355285, 0.4002938256372882, 0.5, 0.5081118636691209, 0.5186268088321795, 0.5326718408604032, 0.5524155251283135, 0.5822583735946266, 0.6329873213392042, 0.7010312366039626, 0.8041942206352259, 0.9709221425050127, 1.0, 1.008094218285683, 1.0185854314291218, 1.0326176303233223, 1.052410050147667, 1.0832721262782914, 1.1404863297284127, 1.2072731524600435, 1.3127014140344035, 1.469061667241447, 1.5, 1.5073481521335144, 1.5166321874260957, 1.5286431390867394, 1.5447586950599266, 1.5677493954784458, 1.6043338370012663, 1.6759827295535639, 1.77029443836298, 1.8963361993035828, 2.0, 2.0074620767025455, 2.016926698052907, 2.0292251740302425, 2.045837444987471, 2.0696623162058216, 2.107740441924195, 2.173122024128044, 2.2607472772449024, 2.4001760016675346, 2.5, 2.5072815179360464, 2.5164653429576886, 2.5283571888433483, 2.544376349047215, 2.567431773709182, 2.6041626336122494, 2.669031466634109, 2.7543218163976304, 2.8682570261940707, 3.0, 3.007173636972796, 3.0161864918390076, 3.027779595861369, 3.043250066257744, 3.065204058216558, 3.0993498844600094, 3.162676274578216, 3.2433259149154994, 3.3613043865626424, 3.5, 3.5074758083684814, 3.5169629652809515, 3.5293184995777374, 3.5460986622418424, 3.5706254065828227, 3.610456844462176, 3.6715262754690943, 3.7544243746782517, 3.878632024571315, 4.0, 4.007532110753233, 4.017099739610322, 4.029577707499406, 4.0464481282938465, 4.070592598937778, 4.108591450036362, 4.174385666652508, 4.260168575456603, 4.387113101789799, 4.5, 4.508366435262092, 4.519293439827571, 4.5340109101333415, 4.554927781488629, 4.587080083460889, 4.641863697702347, 4.7129979658925265, 4.823709052472772, 5.0], "counts": [[[5.0, 4106, 433.9520740509033]], [[5.0, 4106, 437.4666745662689]], [[5.0, 4106, 437.5827238559723]], [[5.0, 4106, 438.42852687835693]]]}