{"ts": [0, 0.008336368183828722, 0.01846339374591764, 0.030878722007905632, 0.04630263747256351, 0.06577996574729189, 0.09091979878506201, 0.12432139253887049, 0.16933724364804364, 0.22887890431770358, 0.3064746628423509, 0.40726312901013667, 0.5, 0.5081092725690255, 0.5179491925290799, 0.5300090173677816, 0.5449815621607313, 0.563909490131318, 0.5883786496952846, 0.620567080609043, 0.6636013906618851, 0.7220806369311932, 0.8021560757956546, 0.9104781382268683, 1.0, 1.0085906150982116, 1.019109351213848, 1.0321359607856335, 1.0485246035829745, 1.0695718797018412, 1.0973039946176322, 1.1344054963727395, 1.184868325178586, 1.2548119344770636, 1.3525941851027934, 1.4729031429105635, 1.5, 1.50726210026493, 1.5159178084833274, 1.526304497717249, 1.5388734305096563, 1.5542430672600416, 1.5732811056279004, 1.5972347399464866, 1.6279187264573411, 1.668001487135446, 1.721388684469285, 1.7937399738656667, 1.8912876593899663, 2.0, 2.0082562263138226, 2.018303437317967, 2.0306597479681328, 2.046047843337789, 2.0655309478633193, 2.0907273508516, 2.1241140326668777, 2.1692711130102533, 2.231714890320788, 2.319188801573365, 2.4263385714208416, 2.5, 2.507362911586063, 2.516165108328871, 2.526772132386995, 2.539680321581722, 2.5556065951382796, 2.5755577557331457, 2.600989880754329, 2.6340550540292496, 2.677960443153431, 2.7374710272133593, 2.8189337861996338, 2.9149249621016566, 3.0, 3.0077308500611726, 3.0170405130382396, 3.0283597719680317, 3.042291635660407, 3.0597089741591876, 3.081937092805763, 3.1109735902953615, 3.149598453792703, 3.202199545976732, 3.275059756159463, 3.3758833867376734, 3.499072990524961, 3.5, 3.507037326569268, 3.515398730750858, 3.5254131045255264, 3.5375275220222266, 3.552367052325917, 3.5708410394518144, 3.59435442513351, 3.6249355275889834, 3.665558437491567, 3.7202946115533484, 3.793922186624059, 3.8828925150410214, 3.987139377241584, 4.0, 4.007436848386327, 4.016335336585663, 4.027081666371043, 4.040213887027678, 4.056507429236918, 4.0771491512294125, 4.104009336363249, 4.139387634048987, 4.186670102118068, 4.250220354472016, 4.334341190210134, 4.439193937720326, 4.5, 4.507545526950628, 4.516598474799828, 4.527560541274341, 4.540991461033794, 4.5577028556153465, 4.578925958301176, 4.606596950435523, 4.643613059126878, 4.6941023117665495, 4.764140603608588, 4.854009952672052, 4.961688629466778, 5.0], "counts": [[[5.0, 2754, 1450.145536184311]], [[5.0, 2754, 1450.024570465088]], [[5.0, 2754, 1449.5546579360962]], [[5.0, 2754, 1449.560854434967]]]}