{"ts": [0, 0.007812892397894823, 0.01726279645606322, 0.02879814114813626, 0.04300958835042104, 0.05, 0.05726017179538395, 0.06591992459680701, 0.07633907390160043, 0.0890108030122027, 0.1, 0.10717216812967008, 0.11571744721719165, 0.1259817227172898, 0.13843497796994272, 0.15000000000000002, 0.1574938187258022, 0.1664851277328937, 0.1773659055752149, 0.19067643088370564, 0.2, 0.20735924285036653, 0.21615587071681697, 0.22675425078807318, 0.23964887812544097, 0.25, 0.257705151852787, 0.26698136582913834, 0.2782607001078052, 0.2921476851226544, 0.30000000000000004, 0.30706904708934346, 0.31542405132052626, 0.3253625130582277, 0.3372833920454458, 0.35000000000000003, 0.35834136154831076, 0.36850994141662746, 0.3810355570419737, 0.3966681701032569, 0.4, 0.40754368843637706, 0.41658689676216054, 0.42752080164762296, 0.4408860745918274, 0.45, 0.4579982506521902, 0.4676377260133538, 0.4793355235933174, 0.49364368994059704, 0.5], "counts": [[[0.5, 2207, 377.40314507484436]], [[0.5, 2207, 378.1366488933563]], [[0.5, 2207, 377.16511511802673]], [[0.5, 2207, 378.1035273075104]]]}