{"ts": [0, 0.031191833593890005, 0.05, 0.07741412901821641, 0.1, 0.12771489841388897, 0.15000000000000002, 0.17585285082595822, 0.2, 0.2292168241127362, 0.25, 0.27754064242236726, 0.30000000000000004, 0.3289103831737516, 0.35000000000000003, 0.37633626990179453, 0.4, 0.42507111158423644, 0.45, 0.4779206616836324, 0.5], "counts": [[[0.5, 2754, 90.68014597892761]], [[0.5, 2754, 90.72038793563843]], [[0.5, 2754, 90.47233653068542]], [[0.5, 2754, 90.49139380455017]]]}