{"ts": [0, 0.007812892397894823, 0.01777072924391515, 0.030687914283647144, 0.04780014697611655, 0.07108649127707917, 0.10376062617502932, 0.1517522735828538, 0.22027389912553794, 0.3155259218624594, 0.4139005735843568, 0.5, 0.5072606634928855, 0.5164019602309817, 0.5281825034184365, 0.5439229667216677, 0.5662513909071861, 0.6004733733215906, 0.645661989263811, 0.6939839179480514, 0.7447437953267059, 0.7974890611583715, 0.8518405359641393, 0.9074522068194917, 0.964082599510455, 1.0, 1.0071720289507444, 1.0161674192296528, 1.027685874737258, 1.0428926229465232, 1.063901091664786, 1.094862837099279, 1.1450464427126357, 1.2013157657309024, 1.2608743067630184, 1.3207820938883335, 1.380991752396559, 1.4414651135815943, 1.5, 1.507497138643337, 1.5170263844634888, 1.5294330415192237, 1.5462067857066626, 1.5703835112816817, 1.6094587327010934, 1.6544558027974687, 1.7020836710072569, 1.7516627121935557, 1.802828548245249, 1.855285673046953, 1.9088015957148272, 1.963195914836359, 2.0, 2.0073643074576424, 2.016643108622315, 2.028580180292226, 2.0444324145328796, 2.066456519472295, 2.099324849077639, 2.153974380041095, 2.210830967541669, 2.2680646498607753, 2.325630341202846, 2.383490510210112, 2.441613684256528, 2.4999733325812263, 2.5, 2.507700144519696, 2.517556138313115, 2.530541054816757, 2.548440992467813, 2.5751393854246993, 2.619906580202606, 2.6738508446504077, 2.7313802169728305, 2.790628742655795, 2.8500226224039666, 2.9095533743310114, 2.969213908967056, 3.0, 3.0071029638394235, 3.0159138385893978, 3.0270154982490802, 3.0413477252963923, 3.0605376010634138, 3.0873294050233646, 3.124559266479659, 3.17606821873696, 3.2362449303818375, 3.2965315303814835, 3.3569266393594863, 3.4174294767321864, 3.4780397962700915, 3.5, 3.508324889091765, 3.519207983673516, 3.5339102093003283, 3.5548949499369993, 3.5876598971375784, 3.634024978518501, 3.684130043129645, 3.7371336174280687, 3.7924397567968797, 3.849579616171326, 3.90818086092148, 3.967958402997616, 4.0, 4.007544559883141, 4.017126988235472, 4.029605513683835, 4.046519095754307, 4.071155571071094, 4.111667249158884, 4.16320016238884, 4.218383082010044, 4.276503737520037, 4.3368522336474395, 4.398892112633598, 4.461468487740161, 4.5, 4.508009392687758, 4.518262366254032, 4.5316386331039995, 4.549560959531573, 4.574454527119035, 4.610883543513283, 4.664478551781041, 4.727726308735478, 4.791144768154409, 4.854738941880209, 4.918513984871705, 4.982475135693214, 5.0], "counts": [[[5.0, 2207, 443.08076643943787]], [[5.0, 2207, 442.7072858810425]], [[5.0, 2207, 443.0640916824341]], [[5.0, 2207, 442.8545000553131]]]}