{"ts": [0, 0.008466271609865047, 0.016932543219730093, 0.02539881482959514, 0.033865086439460186, 0.04233135804932523, 0.05, 0.05846627160986505, 0.06693254321973009, 0.07539881482959514, 0.08386508643946018, 0.09233135804932523, 0.1, 0.10846627160986505, 0.1169325432197301, 0.12539881482959514, 0.13386508643946018, 0.14233135804932523, 0.15000000000000002, 0.15846627160986507, 0.1669325432197301, 0.17539881482959516, 0.1838650864394602, 0.19233135804932525, 0.2, 0.20846627160986506, 0.2169325432197301, 0.22539881482959515, 0.2338650864394602, 0.24233135804932524, 0.25, 0.2584662716098651, 0.26693254321973015, 0.2753988148295952, 0.2838650864394603, 0.29233135804932536, 0.30000000000000004, 0.3084662716098651, 0.3169325432197302, 0.32539881482959526, 0.33386508643946033, 0.3423313580493254, 0.35000000000000003, 0.3584662716098651, 0.3669325432197302, 0.37539881482959525, 0.3838650864394603, 0.3923313580493254, 0.4, 0.4084662716098651, 0.41693254321973017, 0.42539881482959524, 0.4338650864394603, 0.4423313580493254, 0.45, 0.4584662716098651, 0.46693254321973016, 0.47539881482959523, 0.4838650864394603, 0.4923313580493254, 0.5], "counts": [[[0.5, 4106, 119.94602966308594]], [[0.5, 4106, 119.37714338302612]], [[0.5, 4106, 120.55404305458069]], [[0.5, 4106, 120.11562538146973]]]}