{"exec_times": [2.4199485778808595e-06, 0.17108834981918336, 0.34307698011398313, 0.5137902021408081, 0.6883390069007873, 0.9053706407546998, 1.1775535464286804, 1.5928399682044982, 2.3622149229049683, 2.5365971446037294, 3.6163695812225343, 4.790778398513794, 5.950355184078217], "min_exec_times": [1.6689300537109375e-06, 0.16742634773254395, 0.3374800682067871, 0.5060782432556152, 0.6804289817810059, 0.8989269733428955, 1.1678547859191895, 1.5826208591461182, 2.3485116958618164, 2.526059150695801, 3.5985472202301025, 4.767143249511719, 5.924230575561523], "max_exec_times": [8.106231689453125e-06, 0.3379511833190918, 0.678558349609375, 1.0172626972198486, 1.3699631690979004, 1.809274435043335, 2.3527047634124756, 3.181320905685425, 4.723006963729858, 5.0715649127960205, 7.239356994628906, 9.600733995437622, 11.935860872268677], "F_evals": [2.2997002997002998, 4.869130869130869, 7.243756243756243, 10.262737262737263, 15.61938061938062, 22.48951048951049, 32.1018981018981, 46.08991008991009, 49.333666333666336, 65.47952047952049, 82.43456543456544, 99.31468531468532, 116.31468531468532], "A_evals": [0.0, 0.0, 0.0, 0.0, 0.0, 0.0, 0.0, 0.0, 0.0, 0.0, 0.0, 0.0, 0.0, 0.0], "ts": [0, 0.02668725328628137, 0.0770073671166986, 0.18473477308739256, 0.3119563775170052, 0.7564937553198788, 1.038412389525175, 1.448579727033859, 1.944346170179824, 2.1108083908130917, 2.7375407883314664, 3.2911109703375656, 3.6352050227660775, 4.0]}