{"exec_times": [3.0159950256347657e-06, 1.38775691986084, 2.744361090660095, 4.117468214035034, 5.465418589115143, 6.840667796134949, 8.19970360994339, 9.57710372209549, 10.946133041381836, 12.295079755783082, 13.659165000915527, 15.022559714317321, 16.396705329418182, 17.77445958852768, 19.137702965736388, 20.487701785564422, 21.85913324356079, 23.221584248542786, 24.577351808547974, 25.955305218696594, 27.309169590473175, 28.659453976154328, 30.039347922801973, 31.40611219406128, 32.7631717801094, 34.13369293212891, 35.493048787117004, 36.85384646654129, 38.22028141021728, 39.57093385457993, 40.9256129860878, 42.27448455095291, 43.63557118177414, 44.98604382276535, 46.34632229804993, 47.714540123939514, 49.07552171945572, 50.42147035598755], "min_exec_times": [2.384185791015625e-06, 1.3046233654022217, 2.6298177242279053, 3.955516815185547, 5.290461778640747, 6.66718864440918, 8.007559061050415, 9.362478971481323, 10.717002630233765, 12.060340881347656, 13.410290002822876, 14.747221231460571, 16.096285820007324, 17.430862426757812, 18.746198654174805, 20.06289005279541, 21.43916416168213, 22.77517294883728, 24.091633081436157, 25.491166591644287, 26.922077655792236, 28.239137649536133, 29.72762632369995, 31.05782413482666, 32.3850359916687, 33.79750895500183, 35.11920166015625, 36.44003391265869, 37.763936042785645, 39.103641510009766, 40.42871856689453, 41.74921107292175, 43.187398195266724, 44.514461278915405, 45.848917722702026, 47.262099504470825, 48.66844344139099, 50.007155656814575], "max_exec_times": [7.62939453125e-06, 2.8265388011932373, 5.505794048309326, 8.230851173400879, 10.949974298477173, 13.796218395233154, 16.48056197166443, 19.311381101608276, 22.019484281539917, 24.747334718704224, 27.603374004364014, 30.275153398513794, 32.94206142425537, 35.72801113128662, 38.51810669898987, 41.18872904777527, 43.91965198516846, 46.55900192260742, 49.219114542007446, 51.976266384124756, 54.667316913604736, 57.33305883407593, 59.99856090545654, 62.64616513252258, 65.36264443397522, 68.02958536148071, 70.78385376930237, 73.53283452987671, 76.20389938354492, 79.03343367576599, 81.69858121871948, 84.35717368125916, 87.18602442741394, 89.81785726547241, 92.54039454460144, 95.32684707641602, 97.98889589309692, 100.70972061157227], "F_evals": [2.0, 4.0, 6.0, 8.0, 10.0, 12.0, 14.0, 16.0, 18.0, 20.0, 22.0, 24.0, 26.0, 28.0, 30.0, 32.0, 34.0, 36.0, 38.0, 40.0, 42.0, 44.0, 46.0, 48.0, 50.0, 52.0, 54.0, 56.0, 58.0, 60.0, 62.0, 64.0, 66.0, 68.0, 70.0, 72.0, 74.0, 76.0], "A_evals": [0.0, 0.0, 0.0, 0.0, 0.0, 0.0, 0.0, 0.0, 0.0, 0.0, 0.0, 0.0, 0.0, 0.0, 0.0, 0.0, 0.0, 0.0, 0.0, 0.0, 0.0, 0.0, 0.0, 0.0, 0.0, 0.0, 0.0, 0.0, 0.0, 0.0, 0.0, 0.0, 0.0, 0.0, 0.0, 0.0, 0.0, 0.0, 0.0], "ts": [0, 0.007132468456522828, 0.016075520304251044, 0.027545887173066167, 0.04277261643052903, 0.06419396713469057, 0.0969527072361453, 0.15462640887029527, 0.23101476588066017, 0.34397143670024427, 0.5105372421815026, 0.6798909100207371, 0.8320876908915518, 0.9547641424479837, 1.079578494061499, 1.2010705901310383, 1.3248807799400755, 1.4473961547015275, 1.5710651811974496, 1.6942255297247826, 1.81783363202122, 1.9414155145425345, 2.0649635927436565, 2.1888935986516547, 2.3125713430423946, 2.436695585087515, 2.560646600129285, 2.6848432380308016, 2.8089884056256116, 2.9332236763393627, 3.0575505644052927, 3.181730626326261, 3.306290924691138, 3.430421664743111, 3.555173687884945, 3.679257747569259, 3.8041685605457283, 3.928207109886097, 4.0]}