{"ts": [0, 0.03068208554612117, 0.05, 0.07741441219265563, 0.1, 0.12958675452094515, 0.15000000000000002, 0.17441520224231186, 0.2, 0.2272422031275851, 0.25, 0.2743803417975301, 0.30000000000000004, 0.32569381813596804, 0.35000000000000003, 0.37510245439005724, 0.4, 0.42820130355744374, 0.45, 0.4795863049635857, 0.5], "counts": [[[0.5, 4106, 210.11798191070557]], [[0.5, 4106, 226.49409747123718]], [[0.5, 4106, 219.3984444141388]], [[0.5, 4106, 215.60012650489807]]]}