{"ts": [0, 0.02908658445824154, 0.06965801931051036, 0.11643840482391443, 0.16696707341112077, 0.22018306971259993, 0.2758065352505822, 0.33302195373696164, 0.3915358346443494, 0.4511351756881335, 0.5, 0.5287931473174894, 0.5696319190304587, 0.6184556148612167, 0.6722443247359952, 0.7297016387247713, 0.7905494237856131, 0.8534421392870276, 0.9177898482403668, 0.9825573667061969, 1.0, 1.0276708507563699, 1.067697792427753, 1.114340643180236, 1.1654053021695203, 1.219632806349882, 1.2768352056445724, 1.335676729883721, 1.395782816127625, 1.4568405355360323, 1.5, 1.524715025133377, 1.5595484077055395, 1.601678694341608, 1.6493401565713939, 1.7013111367309859, 1.756804172903523, 1.8158860925624476, 1.8770192843404803, 1.9398309321513072, 2.0, 2.026257612797646, 2.064939856876241, 2.1107521403382608, 2.161692333470288, 2.21640607335267, 2.274041677627675, 2.3346226354569493, 2.3967745581630124, 2.460176635764137, 2.5, 2.5264177102435825, 2.564176104176414, 2.6089905824493176, 2.65925014446176, 2.7140208315699987, 2.7726897060489, 2.834510759597724, 2.8987215084565876, 2.96444490509847, 3.0, 3.0267638256808453, 3.067944691065909, 3.121623644119881, 3.1858866183477383, 3.252512040074939, 3.3192294321473477, 3.386038395713629, 3.452938248692714, 3.5, 3.5263576552999596, 3.5664262032546263, 3.612046748124992, 3.661648740261732, 3.714328455758309, 3.7695026135999257, 3.8272036877045026, 3.8865387598750925, 3.947320886942418, 4.0, 4.0247822213312565, 4.059582997745469, 4.101688638034049, 4.149197996041399, 4.20085679952701, 4.255810532393515, 4.314126742149033, 4.374269090393486, 4.435533947502369, 4.497639104657582, 4.5, 4.5236927878262785, 4.555385251905711, 4.592247693353154, 4.633449695828263, 4.678702434263434, 4.727901444464527, 4.7806535205628355, 4.837074698197802, 4.895196037343287, 4.954079092773376, 5.0], "counts": [[[5.0, 3385, 788.7447459697723]], [[5.0, 3385, 770.9711050987244]], [[5.0, 3385, 657.8608350753784]], [[5.0, 3385, 656.5217711925507]]]}