{"ts": [0, 0.008466271609865047, 0.019561465607861532, 0.03437117735914382, 0.05, 0.0581121124171455, 0.06862736380868296, 0.08267269051683335, 0.1, 0.10808920291608537, 0.1185710791888418, 0.1325771687174835, 0.15000000000000002, 0.1573421527903288, 0.166610642943087, 0.1785864733941362, 0.19462346041730283, 0.2, 0.2074653437003294, 0.2169310263927393, 0.2292253934649272, 0.2458078606722239, 0.25, 0.2572599319239661, 0.2664032000912238, 0.2781980463701232, 0.2939862847592765, 0.30000000000000004, 0.30717438141223324, 0.3161838634963766, 0.3277617671628162, 0.3431712769399257, 0.35000000000000003, 0.35747738328688744, 0.36696118908004227, 0.37929661778594087, 0.39600021891212667, 0.4, 0.4075406360493055, 0.4171189777422688, 0.42958857185433064, 0.4464536675277017, 0.45, 0.4583828770999292, 0.46934342380996985, 0.4841400905923098, 0.5], "counts": [[[0.5, 4106, 201.74812746047974]], [[0.5, 4106, 198.64770483970642]], [[0.5, 4106, 189.13367557525635]], [[0.5, 4106, 187.26055097579956]]]}