{"ts": [0, 0.029233166552653133, 0.05, 0.07450598666599781, 0.1, 0.1267673638881014, 0.15000000000000002, 0.1755441758438937, 0.2, 0.22753592566948244, 0.25, 0.2788304977683839, 0.30000000000000004, 0.3264537272355875, 0.35000000000000003, 0.3784610327574933, 0.4, 0.4282259003906778, 0.45, 0.4799262917079276, 0.5], "counts": [[[0.5, 2207, 68.29302215576172]], [[0.5, 2207, 68.60988903045654]], [[0.5, 2207, 68.92770385742188]], [[0.5, 2207, 68.60601472854614]]]}