{"ts": [0, 0.008466271609865047, 0.016932543219730093, 0.02539881482959514, 0.033865086439460186, 0.04233135804932523, 0.050797629659190276, 0.05926390126905532, 0.06773017287892037, 0.07619644448878542, 0.08466271609865046, 0.0931289877085155, 0.1, 0.10846627160986505, 0.1169325432197301, 0.12539881482959514, 0.13386508643946018, 0.14233135804932523, 0.15079762965919027, 0.15926390126905532, 0.16773017287892036, 0.1761964444887854, 0.18466271609865045, 0.1931289877085155, 0.2, 0.20846627160986506, 0.2169325432197301, 0.22539881482959515, 0.2338650864394602, 0.24233135804932524, 0.2507976296591903, 0.25926390126905535, 0.2677301728789204, 0.2761964444887855, 0.28466271609865057, 0.29312898770851564, 0.30000000000000004, 0.3084662716098651, 0.3169325432197302, 0.32539881482959526, 0.33386508643946033, 0.3423313580493254, 0.3507976296591905, 0.35926390126905555, 0.3677301728789206, 0.3761964444887857, 0.38466271609865077, 0.39312898770851584, 0.4, 0.4084662716098651, 0.41693254321973017, 0.42539881482959524, 0.4338650864394603, 0.4423313580493254, 0.45079762965919046, 0.45926390126905553, 0.4677301728789206, 0.4761964444887857, 0.48466271609865075, 0.4931289877085158, 0.5, 0.508466271609865, 0.51693254321973, 0.525398814829595, 0.5338650864394601, 0.5423313580493251, 0.5507976296591901, 0.5592639012690551, 0.5677301728789201, 0.5761964444887852, 0.5846627160986502, 0.5931289877085152, 0.6000000000000001, 0.6084662716098651, 0.6169325432197301, 0.6253988148295951, 0.6338650864394602, 0.6423313580493252, 0.6507976296591902, 0.6592639012690552, 0.6677301728789202, 0.6761964444887852, 0.6846627160986503, 0.6931289877085153, 0.7000000000000001, 0.7084662716098651, 0.7169325432197301, 0.7253988148295951, 0.7338650864394601, 0.7423313580493252, 0.7507976296591902, 0.7592639012690552, 0.7677301728789202, 0.7761964444887852, 0.7846627160986502, 0.7931289877085153, 0.8, 0.8084662716098651, 0.8169325432197301, 0.8253988148295951, 0.8338650864394601, 0.8423313580493251, 0.8507976296591901, 0.8592639012690552, 0.8677301728789202, 0.8761964444887852, 0.8846627160986502, 0.8931289877085152, 0.9, 0.908466271609865, 0.9169325432197301, 0.9253988148295951, 0.9338650864394601, 0.9423313580493251, 0.9507976296591901, 0.9592639012690551, 0.9677301728789202, 0.9761964444887852, 0.9846627160986502, 0.9931289877085152, 1.0], "counts": [[[1.0, 4106, 277.55128741264343]], [[1.0, 4106, 278.5488977432251]], [[1.0, 4106, 277.9355034828186]], [[1.0, 4106, 277.99692249298096]]]}