{"ts": [0, 0.02908658445824154, 0.05, 0.07887817141970686, 0.1, 0.12774811543222453, 0.15000000000000002, 0.17487363612640133, 0.2, 0.2262536368747681, 0.25, 0.276422071026414, 0.30000000000000004, 0.3267494408373237, 0.35000000000000003, 0.3763406412646254, 0.4, 0.4248857679929638, 0.45, 0.47308142618294136, 0.5], "counts": [[[0.5, 3385, 141.22516536712646]], [[0.5, 3385, 139.46490955352783]], [[0.5, 3385, 139.78177213668823]], [[0.5, 3385, 138.07656526565552]]]}