{"ts": [0, 0.008336368183828722, 0.01846339374591764, 0.030878722007905632, 0.04630263747256351, 0.06577996574729189, 0.09091979878506201, 0.1, 0.10810865047542328, 0.11794744738291746, 0.13000528646843917, 0.1449746273576346, 0.16389583884028563, 0.1883537786528747, 0.2, 0.20858743001101177, 0.21909853696042855, 0.2321091457617201, 0.24845954251338392, 0.26944091024248373, 0.29705704378516645, 0.30000000000000004, 0.3072593669673812, 0.31591087131230383, 0.3262907339879087, 0.33884825854794154, 0.3541986700331981, 0.3732082986210301, 0.3971161213241341, 0.4, 0.4082514776387396, 0.4182920369819305, 0.43063748735186264, 0.4460100188459461, 0.46546599253599324, 0.4906221879762957, 0.5, 0.5073614360117265, 0.5161612259356615, 0.5267642315549853, 0.5396657361477128, 0.5555801714242043, 0.5755131357655259, 0.6000000000000001, 0.6077263850846913, 0.6170298866319113, 0.6283402853123456, 0.6422567316165958, 0.6596711935882515, 0.6818931142993063, 0.7000000000000001, 0.7070389195545779, 0.7154019498077216, 0.7254171273714803, 0.7375297816377405, 0.7523616445022184, 0.7708071521509136, 0.7942407168298864, 0.8, 0.8074311825664021, 0.8163229377510317, 0.8270601086575239, 0.8401782167039351, 0.8564492976190526, 0.8770520780646637, 0.9, 0.9075384095781218, 0.9165807176768032, 0.927526137021541, 0.9409301168550579, 0.9575920952869516, 0.9787300163688482, 1.0], "counts": [[[1.0, 2754, 851.2168848514557]], [[1.0, 2754, 851.19468998909]], [[1.0, 2754, 848.8407368659973]], [[1.0, 2754, 852.1896307468414]]]}