{"ts": [0, 0.008340189497816604, 0.019146747444727275, 0.03354295101482703, 0.05361765925524607, 0.08407954864301008, 0.13549787982153721, 0.201904459489826, 0.29100678741376024, 0.4264424257896113, 0.5, 0.5081130143154656, 0.5186305143900567, 0.5326808376149638, 0.5524367957359996, 0.5823076520170368, 0.6331457473854557, 0.7012444900631922, 0.8045274218820843, 0.9708650289479966, 1.0, 1.0085941574054815, 1.0199267389537956, 1.0354335036282765, 1.0580960738677772, 1.0941376084661056, 1.1535749925401844, 1.2307148607896512, 1.3570525059452756, 1.5, 1.507265671415046, 1.5163754259513038, 1.5279984999998926, 1.543212456197449, 1.5639217132057748, 1.5939060024236082, 1.6414560560033822, 1.70892756213015, 1.805866311764288, 1.9578599406905732, 2.0, 2.0082600750947317, 2.019023338416179, 2.0334955202228935, 2.0539698223560547, 2.0855986718384707, 2.143010827518777, 2.2117488489917334, 2.320062312347518, 2.489855078561737, 2.5, 2.5073666123689202, 2.5166444829557206, 2.528566484368467, 2.5443690110973205, 2.5662973298528113, 2.5989640813658506, 2.653284884615109, 2.722274723678247, 2.8199896062541816, 2.9701733176503287, 3.0, 3.007733994213539, 3.0176311223020433, 3.0306518549067816, 3.048558935814503, 3.075050126766335, 3.119210882536923, 3.1857415828851794, 3.278657658750213, 3.4143245292028332, 3.5, 3.5070403033347954, 3.5158485811375964, 3.527110655216425, 3.5419939678795997, 3.5627951322256313, 3.59487642132596, 3.6491329602045894, 3.714632326422922, 3.794857767732771, 3.895390677162302, 4.0, 4.007439386137718, 4.016861206025233, 4.029106814369134, 4.045693416146359, 4.069913681710271, 4.108963214398671, 4.171695723486496, 4.252619935342464, 4.3580310508858, 4.5, 4.5075486996202345, 4.517156990180386, 4.5297210093249625, 4.546887617995483, 4.572312429335312, 4.615476028724278, 4.67505875013086, 4.7579358616094405, 4.864161545185447, 5.0], "counts": [[[5.0, 2754, 208.3277940750122]], [[5.0, 2754, 207.71184277534485]], [[5.0, 2754, 207.22799968719482]], [[5.0, 2754, 208.3933699131012]]]}