{"ts": [0, 0.007817479999000152, 0.017781762866770898, 0.030708083174502007, 0.04783370789494697, 0.07114013173187948, 0.1, 0.10726323410204675, 0.1164070949654218, 0.1281889601858024, 0.14392492539553503, 0.16623243613443411, 0.2, 0.207175608668504, 0.2161745325074675, 0.22769498329954568, 0.24289719377028132, 0.2638644372418032, 0.294717909801931, 0.30000000000000004, 0.30749735179000376, 0.317023610393187, 0.32942222615262373, 0.3461703998039662, 0.3702707394064099, 0.4, 0.4073632108418677, 0.4166348375154446, 0.42854525898672635, 0.4443322778716077, 0.4662228046444188, 0.49879449398299075, 0.5, 0.5077076846157922, 0.5175728347285283, 0.530566777181894, 0.5484712639882177, 0.5751156331425874, 0.6000000000000001, 0.6070755896403601, 0.615841705193366, 0.626882743076092, 0.6411654099197327, 0.6603879263968547, 0.6873636345389509, 0.7000000000000001, 0.7083427613794235, 0.7192449702023874, 0.733962378892588, 0.7549189608362913, 0.7875706315874974, 0.8, 0.8075465915202711, 0.8171289606016683, 0.8296009834725848, 0.8464897697589866, 0.8710383155447479, 0.9, 0.9080037177959672, 0.918245471956107, 0.9316020311772178, 0.9494853305609608, 0.974302376242707, 1.0], "counts": [[[1.0, 2207, 83.64438557624817]], [[1.0, 2207, 83.5592987537384]], [[1.0, 2207, 83.25669455528259]], [[1.0, 2207, 83.86745810508728]]]}