{"ts": [0, 0.008340189497816604, 0.019146747444727275, 0.03354295101482703, 0.05, 0.05811213031860145, 0.06862742963756203, 0.08267287519077283, 0.1, 0.10858947116421226, 0.11990496580486709, 0.13535896751392634, 0.15000000000000002, 0.15726201937892767, 0.16636431989624254, 0.17797154635591955, 0.19315109050026538, 0.2, 0.20825437954076365, 0.2190045332813619, 0.2334497059671817, 0.25, 0.2573641369051004, 0.2666364361640121, 0.2785462523509436, 0.2943210856032635, 0.30000000000000004, 0.30773004083411415, 0.3176184839954405, 0.33061864589148204, 0.3484928344840327, 0.35000000000000003, 0.3570417441582104, 0.3658493735693943, 0.3771032348314892, 0.39195581811643315, 0.4, 0.40743327394387724, 0.41684398474350687, 0.4290648340307506, 0.44559017445426263, 0.45, 0.45754095437980924, 0.4671309360650966, 0.4796513720329986, 0.4967048906715226, 0.5], "counts": [[[0.5, 2754, 80.96825075149536]], [[0.5, 2754, 80.38568139076233]], [[0.5, 2754, 80.32093381881714]], [[0.5, 2754, 80.22095656394958]]]}