{"ts": [0, 0.029233166552653133, 0.08372788105578247, 0.17021215882808846, 0.26599229697559823, 0.3648844794194897, 0.4634537355117227, 0.5, 0.5244495839375584, 0.5578842060112946, 0.59753643358843, 0.6416855938455942, 0.6892396737409942, 0.7394513810652333, 0.792270190956637, 0.8467720929729587, 0.9025968096457377, 0.9594561025763075, 1.0, 1.0266677536547761, 1.0647865370847855, 1.1113145267563025, 1.163947048330687, 1.2212515248282614, 1.2812104666850919, 1.3414962987776624, 1.4020661337042002, 1.4628853017120962, 1.5, 1.525419063410978, 1.5595911060994898, 1.5995150622658953, 1.6434801193551802, 1.6903073190439992, 1.739738761841123, 1.7908289216158035, 1.84325458310438, 1.8967735490046234, 1.9511981418263062, 2.0, 2.027555129118523, 2.069111925697374, 2.1202892767960195, 2.177056054275437, 2.2342262770701193, 2.2917515972077656, 2.349591995388208, 2.4077140842669396, 2.4660898563877107, 2.5, 2.5288113913348393, 2.5690149968047526, 2.616778330977558, 2.6697288994734554, 2.726704558032284, 2.7861215073612793, 2.8456929637645456, 2.9054111321662504, 2.965269638480654, 3.0, 3.0265672556322816, 3.065883438440219, 3.116283293217404, 3.17609820585197, 3.2365368874637053, 3.2970992861229322, 3.3577847437669956, 3.4185931868754422, 3.47952507092005, 3.5, 3.5281401171895803, 3.5659343259882283, 3.6096149266806523, 3.6576060825171997, 3.7089344594684137, 3.763258882057465, 3.819656978358867, 3.8776849128277893, 3.9369943605481414, 3.9973726774256115, 4.0, 4.028228815977196, 4.067922181008453, 4.1147444770223585, 4.166512268674535, 4.222199565377313, 4.280889398000495, 4.342330657814647, 4.405370864503436, 4.468581428912724, 4.5, 4.529968370665469, 4.573751648621047, 4.62837254412692, 4.691695519205144, 4.755711517739326, 4.819906016052967, 4.884283480634188, 4.948848399436237, 5.0], "counts": [[[5.0, 2207, 332.63913345336914]], [[5.0, 2207, 332.04263710975647]], [[5.0, 2207, 332.50374150276184]], [[5.0, 2207, 332.52482748031616]]]}