{"ts": [0, 0.007812892397894823, 0.01777072924391515, 0.030687914283647144, 0.04780014697611655, 0.05, 0.057260150185957835, 0.06640000546554453, 0.07817636305079714, 0.09390379062179253, 0.1, 0.10717218212171555, 0.116166369526318, 0.12767980416983316, 0.142870453020704, 0.15000000000000002, 0.15749380412425426, 0.1670150866442155, 0.17940637790934547, 0.19614221385322297, 0.2, 0.20735929147277615, 0.21662474532430354, 0.22852437169879183, 0.24428732910551093, 0.25, 0.25770522564949966, 0.2675660925062056, 0.28055126044077067, 0.2984353737490517, 0.30000000000000004, 0.30706906570302633, 0.3158191235918197, 0.3268234983611665, 0.3410225418469739, 0.35000000000000003, 0.35834137994644993, 0.36924083413051356, 0.38394901066752596, 0.4, 0.4075436924054155, 0.41712199586499327, 0.42958757705128264, 0.44646448235216474, 0.45, 0.4579981809708852, 0.4682307458718309, 0.48157159036344016, 0.49942380800526215, 0.5], "counts": [[[0.5, 2207, 166.93114948272705]], [[0.5, 2207, 167.00280117988586]], [[0.5, 2207, 167.13217067718506]], [[0.5, 2207, 167.34165978431702]]]}