{"ts": [0, 0.008461501170809814, 0.019549935015217693, 0.034351868496296206, 0.05, 0.05810853990321212, 0.06861888139040413, 0.08265694381387463, 0.1, 0.10808574108682993, 0.11856287016553614, 0.132562010273716, 0.15000000000000002, 0.15733892764776342, 0.16660317237191713, 0.178573108149421, 0.19460115927826507, 0.2, 0.20746200130445105, 0.21692324590940296, 0.22921135278521693, 0.24578407200074806, 0.25, 0.25725678395976354, 0.26639589897010946, 0.27818495467646515, 0.2939643731134878, 0.30000000000000004, 0.30717129542360555, 0.3161767374637392, 0.32774906309661317, 0.34315019759436044, 0.35000000000000003, 0.3574741572841168, 0.3669536985187813, 0.3792831390416895, 0.3959772904471325, 0.4, 0.40753700790222647, 0.41711048894152564, 0.4295730080184342, 0.44642719117653806, 0.45, 0.45837950270095573, 0.4693353705018478, 0.4841250773089145, 0.5], "counts": [[[0.5, 4106, 475.1897768974304]], [[0.5, 4106, 474.9923851490021]], [[0.5, 4106, 503.35390043258667]], [[0.5, 4106, 477.5562949180603]]]}