{"ts": [0, 0.008486312452234121, 0.019643860813801033, 0.03480523107008876, 0.05656948667235258, 0.09121317911228992, 0.1, 0.10816179456663412, 0.11874188712208283, 0.13283626390398195, 0.15249485906276217, 0.18181841400831397, 0.2, 0.20858486975282423, 0.2198920725338545, 0.2353286343228555, 0.2578056651377778, 0.2932573121514749, 0.30000000000000004, 0.3072675702528771, 0.3164259978453433, 0.3282374282133593, 0.34402591433107327, 0.36641227876719235, 0.4, 0.40701655787932567, 0.41578073197794363, 0.426968229881567, 0.4417236514424986, 0.46221470013003546, 0.4928381925484206, 0.5, 0.5070610885929334, 0.5158968818292086, 0.5272073345755208, 0.5421949046324532, 0.5632136708639728, 0.5953792316537767, 0.6000000000000001, 0.6071488684576897, 0.6160233787090991, 0.6272093443078528, 0.6416449963090833, 0.6609702179083157, 0.6882218107971129, 0.7000000000000001, 0.7070399719789302, 0.7158622143332297, 0.7271539962062441, 0.742063629707544, 0.7627359887780447, 0.7938965109936884, 0.8, 0.807346113673066, 0.8166273347289135, 0.8286390000793888, 0.8447693711780954, 0.8678259295671154, 0.9, 0.9077809035791854, 0.917848385584603, 0.9313031394703161, 0.9501633581733904, 0.978662845573508, 1.0], "counts": [[[1.0, 3385, 515.001097202301]], [[1.0, 3385, 515.3385944366455]], [[1.0, 3385, 514.686021566391]], [[1.0, 3385, 514.9720501899719]]]}