{"exec_times": [2.0384788513183595e-06, 0.30640525817871095, 0.6165785312652587, 0.9272418737411499, 1.2352795362472535, 1.5445169448852538, 1.8503618001937867, 2.1571146607398988, 2.463941586017609, 2.7710818529129027, 3.076890456676483, 3.383973705768585, 3.6919668078422547, 3.999320590496063, 4.305491745471954, 4.6130383849143985, 4.919554889202118, 5.2271772742271425, 5.53296127319336, 5.840683770179749, 6.1466901183128355, 6.453755879402161, 6.764367651939392, 7.07203928232193, 7.37848424911499, 7.687032210826874, 7.995370471477509, 8.302694034576415, 8.610213351249694, 8.918382561206817, 9.226306879520417, 9.534357285499572, 9.84017276763916, 10.14668802022934, 10.452118265628815, 10.760254859924316, 11.066875612735748, 11.376392817497253, 11.685469055175782, 11.996084666252136, 12.302650034427643, 12.611420798301697, 12.91866843700409, 13.227236151695251, 13.533090674877167, 13.840890300273895, 14.14760115146637, 14.45461837053299, 14.761562776565551, 15.069006323814392, 15.375691664218902, 15.68328685760498, 15.99001886844635, 16.298726093769073, 16.6060871720314, 16.913599848747253, 17.219432485103606, 17.5277188539505, 17.83485643863678, 18.142814135551454, 18.448598551750184, 18.756282007694246], "min_exec_times": [1.6689300537109375e-06, 0.30298876762390137, 0.6085355281829834, 0.9197988510131836, 1.2268986701965332, 1.5371854305267334, 1.8412566184997559, 2.1482224464416504, 2.4509737491607666, 2.758742094039917, 3.063356637954712, 3.3698720932006836, 3.6798903942108154, 3.9836816787719727, 4.286689281463623, 4.596771955490112, 4.900866270065308, 5.206003189086914, 5.513477802276611, 5.8217127323150635, 6.125717639923096, 6.432250738143921, 6.738646030426025, 7.045903921127319, 7.349038362503052, 7.657073020935059, 7.964328289031982, 8.270120620727539, 8.573423862457275, 8.87688660621643, 9.187746047973633, 9.494762420654297, 9.797329187393188, 10.106015920639038, 10.410382509231567, 10.715044975280762, 11.026139974594116, 11.336476802825928, 11.6489896774292, 11.96569299697876, 12.26844310760498, 12.572832345962524, 12.88352656364441, 13.187341213226318, 13.491353273391724, 13.796613931655884, 14.101663827896118, 14.405668020248413, 14.709397077560425, 15.022712469100952, 15.340163469314575, 15.64471960067749, 15.952733755111694, 16.25710129737854, 16.56247305870056, 16.869437217712402, 17.17243790626526, 17.47908902168274, 17.784189462661743, 18.09166383743286, 18.39362120628357, 18.697254419326782], "max_exec_times": [3.5762786865234375e-06, 0.6032519340515137, 1.227327823638916, 1.8400721549987793, 2.449183225631714, 3.0697343349456787, 3.6857216358184814, 4.2926037311553955, 4.899566888809204, 5.524664878845215, 6.130866050720215, 6.736971139907837, 7.355475425720215, 7.964069604873657, 8.570970296859741, 9.19652509689331, 9.808242321014404, 10.41742992401123, 11.028431177139282, 11.647159337997437, 12.252320289611816, 12.858456373214722, 13.485042572021484, 14.099368333816528, 14.700763463973999, 15.317205667495728, 15.926135063171387, 16.531758069992065, 17.14063572883606, 17.76162624359131, 18.37325358390808, 18.982664823532104, 19.597333669662476, 20.199021100997925, 20.799256563186646, 21.420146942138672, 22.03279733657837, 22.633806228637695, 23.2414813041687, 23.855810403823853, 24.457504749298096, 25.06714630126953, 25.6818528175354, 26.289306640625, 26.898502826690674, 27.509743213653564, 28.11341428756714, 28.720171451568604, 29.33027195930481, 29.939874410629272, 30.54064416885376, 31.153031587600708, 31.7692232131958, 32.373096227645874, 32.9818389415741, 33.59542679786682, 34.19643712043762, 34.80884265899658, 35.41109371185303, 36.024214029312134, 36.6251175403595, 37.23439311981201], "F_evals": [1.2997002997002998, 2.5994005994005995, 3.959040959040959, 5.333666333666333, 6.723276723276722, 7.723276723276722, 8.723276723276722, 9.723276723276722, 10.723276723276722, 11.723276723276722, 12.723276723276722, 13.723276723276722, 14.723276723276722, 15.723276723276722, 16.723276723276722, 17.723276723276722, 18.723276723276722, 19.723276723276722, 20.723276723276722, 21.723276723276722, 22.723276723276722, 23.723276723276722, 24.723276723276722, 25.723276723276722, 26.723276723276722, 27.723276723276722, 28.723276723276722, 29.723276723276722, 30.723276723276722, 31.723276723276722, 32.723276723276726, 33.723276723276726, 34.723276723276726, 35.723276723276726, 36.723276723276726, 37.723276723276726, 38.723276723276726, 39.723276723276726, 40.723276723276726, 41.723276723276726, 42.723276723276726, 43.723276723276726, 44.723276723276726, 45.723276723276726, 46.723276723276726, 47.723276723276726, 48.723276723276726, 49.723276723276726, 50.723276723276726, 51.723276723276726, 52.723276723276726, 53.723276723276726, 54.723276723276726, 55.723276723276726, 56.723276723276726, 57.723276723276726, 58.723276723276726, 59.723276723276726, 60.723276723276726, 61.723276723276726, 62.723276723276726, 63.723276723276726], "A_evals": [1.0, 2.0, 3.0, 4.0, 5.0, 6.0, 7.0, 8.0, 9.0, 10.0, 11.0, 12.0, 13.0, 14.0, 15.0, 16.0, 17.0, 18.0, 19.0, 20.0, 21.0, 22.0, 23.0, 24.0, 25.0, 26.0, 27.0, 28.0, 29.0, 30.0, 31.0, 32.0, 33.0, 34.0, 35.0, 36.0, 37.0, 38.0, 39.0, 40.0, 41.0, 42.0, 43.0, 44.0, 45.0, 46.0, 47.0, 48.0, 49.0, 50.0, 51.0, 52.0, 53.0, 54.0, 55.0, 56.0, 57.0, 58.0, 59.0, 60.0, 61.0, 62.0], "ts": [0, 0.026675769335887032, 0.06357786843496754, 0.10727783593482082, 0.15582267169096803, 0.2080661751574948, 0.26326097770515056, 0.32140110134315175, 0.3812725931301191, 0.44254051409065576, 0.5049120239800404, 0.5681770403035351, 0.6321764833765781, 0.6967872132706153, 0.7619119499077043, 0.8274729524756148, 0.8934076101564239, 0.9596136796376578, 1.0260012662843139, 1.09255307615915, 1.159255767704692, 1.2260990537383227, 1.293065862046209, 1.3601499840956628, 1.4273370174165738, 1.4946206472424235, 1.5619990937227977, 1.6294711700783406, 1.6970316625204347, 1.7646757108916742, 1.8324035610351788, 1.9002047032738443, 1.9680774209288066, 2.036022437807816, 2.104040368095701, 2.172131734035205, 2.2402969579917746, 2.308533413726651, 2.3768030122206607, 2.445103861048213, 2.5134350636267513, 2.581795840564614, 2.6501843375875835, 2.7185734754878914, 2.7869630468336384, 2.8553528951586897, 2.9237429158176864, 2.992133041165986, 3.060523231059787, 3.12891346639653, 3.1973037443644734, 3.2656940748350123, 3.334084477579493, 3.4024749801063527, 3.4708656159760674, 3.5392564234889505, 3.6076474446659166, 3.67603872446018, 3.7444303101511203, 3.8128222508816725, 3.8812145973084755, 3.9496074013402183, 4.0]}