{"ts": [0, 0.007817479999000152, 0.015634959998000304, 0.023452439997000456, 0.03126991999600061, 0.03908739999500076, 0.046904879994000906, 0.05, 0.05781747999900015, 0.0656349599980003, 0.07345243999700045, 0.0812699199960006, 0.08908739999500075, 0.0969048799940009, 0.1, 0.10781747999900015, 0.1156349599980003, 0.12345243999700045, 0.1312699199960006, 0.13908739999500075, 0.1469048799940009, 0.15000000000000002, 0.15781747999900017, 0.16563495999800032, 0.17345243999700047, 0.18126991999600062, 0.18908739999500077, 0.19690487999400091, 0.2, 0.20781747999900016, 0.2156349599980003, 0.22345243999700046, 0.2312699199960006, 0.23908739999500075, 0.2469048799940009, 0.25, 0.2578174799990002, 0.26563495999800035, 0.27345243999700053, 0.2812699199960007, 0.2890873999950009, 0.29690487999400106, 0.30000000000000004, 0.3078174799990002, 0.3156349599980004, 0.3234524399970006, 0.33126991999600075, 0.3390873999950009, 0.3469048799940011, 0.35000000000000003, 0.3578174799990002, 0.3656349599980004, 0.37345243999700056, 0.38126991999600074, 0.3890873999950009, 0.3969048799940011, 0.4, 0.4078174799990002, 0.4156349599980004, 0.42345243999700055, 0.43126991999600073, 0.4390873999950009, 0.4469048799940011, 0.45, 0.4578174799990002, 0.46563495999800036, 0.47345243999700054, 0.4812699199960007, 0.4890873999950009, 0.49690487999400107, 0.5], "counts": [[[0.5, 2207, 47.19578433036804]], [[0.5, 2207, 46.96553826332092]], [[0.5, 2207, 46.833741664886475]], [[0.5, 2207, 46.692559242248535]]]}