{"ts": [0, 0.008340189497816604, 0.019146747444727275, 0.03354295101482703, 0.05361765925524607, 0.08407954864301008, 0.13549787982153721, 0.201904459489826, 0.29100678741376024, 0.4264424257896113, 0.6471462264656175, 0.9599694168555212, 1.0, 1.0081130185958234, 1.0186318524056839, 1.032687257886149, 1.052461825871545, 1.082381478140837, 1.133377978098744, 1.2015586139099967, 1.305124473027136, 1.4712710832473503, 1.7813095496017097, 2.0, 2.008597461001707, 2.019937404752834, 2.035465799671632, 2.0581733312914485, 2.094357265456343, 2.1536457929429345, 2.2308995302054178, 2.357226323233337, 2.5359157732268325, 2.7920904601508365, 2.9816999170790823, 3.0, 3.00726612812249, 3.0163775886765305, 3.028005905563376, 3.0432342081790944, 3.063979030777189, 3.0940582836437334, 3.1418222360327173, 3.2093497166954177, 3.3064813121128127, 3.459059328359724, 3.682187862769191, 3.983831620716757, 4.0, 4.008262271796288, 4.019035399084054, 4.033531122486254, 4.054068329452237, 4.085854883873327, 4.143620648190001, 4.212839625859549, 4.322786421855468, 4.493553804879161, 4.738550824116649, 4.931177587416813, 5.0, 5.00736640420934, 5.016645395338624, 5.028572247232125, 5.04439022161371, 5.066357154221814, 5.099128389681784, 5.1537077055977, 5.222742019844133, 5.320729358002174, 5.470404639785704, 5.6794251428342175, 5.944408823519892, 6.0, 6.007741690553563, 6.017650387738631, 6.030694726372182, 6.048609408688918, 6.075048969940052, 6.119113220054637, 6.185292348862805, 6.278191940167854, 6.411795855320104, 6.607514956370097, 6.878767915560717, 7.0, 7.007041122739963, 7.015851341223152, 7.0271175588332175, 7.042009327488431, 7.062834458858318, 7.094964633680136, 7.149248675970888, 7.214981585812798, 7.295522843009838, 7.3965473712304375, 7.535483175776273, 7.730579252692025, 7.996024745848909, 8.0, 8.007447025232317, 8.0168814772168, 8.029151711407579, 8.045808683979228, 8.070160683640298, 8.109593824458326, 8.172079506097234, 8.254239044734046, 8.360984954387403, 8.518425224030267, 8.751268649523324, 8.997016089991815, 9.0, 9.007560881284011, 9.017189228009654, 9.029788557526228, 9.047027942311166, 9.072607180972403, 9.116317919417085, 9.176129097843548, 9.259486934825011, 9.366176502994497, 9.517976766278352, 9.732294594679244, 10.0], "counts": [[[10.0, 2754, 251.9699695110321]], [[10.0, 2754, 252.95896530151367]], [[10.0, 2754, 252.59241318702698]], [[10.0, 2754, 252.52933144569397]]]}