{"ts": [0, 0.007817479999000152, 0.017781762866770898, 0.030708083174502007, 0.04783370789494697, 0.07114013173187948, 0.10384615284314136, 0.1518920722849272, 0.22047077716631067, 0.3158097424251881, 0.45367027087127265, 0.5, 0.5072638105101982, 0.5164092616742532, 0.5281955906001031, 0.5439449572836225, 0.5662889652993249, 0.6005412231061542, 0.660576866387155, 0.7471668960336286, 0.8663016862113398, 1.0, 1.0071753734606759, 1.0161751784612991, 1.0276997503021408, 1.0429157586226814, 1.0639394432261853, 1.0949291662124594, 1.1451705281770141, 1.2201905394319916, 1.3251910619339577, 1.4732831540472586, 1.5, 1.5075004314539031, 1.5170341288814257, 1.529447058463433, 1.54623049996056, 1.570424765590211, 1.6095397698228309, 1.672255135553273, 1.7573942994149832, 1.8895043833262426, 2.0, 2.00736797430398, 2.016651699815034, 2.0285959157656746, 2.04445904268875, 2.0665013923094135, 2.0994046849246826, 2.1541293161097377, 2.2230931313777544, 2.32106528407873, 2.469585858616218, 2.5, 2.5077034780761527, 2.5175640060421496, 2.5305555242183706, 2.54846614738907, 2.5751848040073124, 2.6200007541448005, 2.687075180863114, 2.7834464437337822, 2.9129967909045407, 3.0, 3.007105653307668, 3.015920000620255, 3.0270265050280334, 3.041366302557778, 3.0605697702314134, 3.08738442626062, 3.1246496872690117, 3.1762039554636012, 3.2453180386008698, 3.33961954099869, 3.469246492144927, 3.5, 3.5083286106044063, 3.519216935783767, 3.533926981252277, 3.5549252849539053, 3.587718159223699, 3.6425174018379836, 3.71002266540912, 3.816426346624049, 3.997204220050702, 4.0, 4.007547814615229, 4.017134545597839, 4.02961914705208, 4.04654228485483, 4.071196359566973, 4.111748618333889, 4.170548926700997, 4.247951270015499, 4.358008162974892, 4.5, 4.508012801059196, 4.518270436763294, 4.5316532275212404, 4.549585189102293, 4.574493842510988, 4.610948176920536, 4.6645789568390255, 4.742707181392617, 4.848053999954499, 4.9780707781708715, 5.0], "counts": [[[5.0, 2207, 139.21764039993286]], [[5.0, 2207, 139.20962238311768]], [[5.0, 2207, 138.75301241874695]], [[5.0, 2207, 139.090261220932]]]}