{"exec_times": [5.471706390380859e-06, 7.7539353489875795, 15.567034566402436, 23.35918426513672, 31.187645065784455, 39.032398557662965, 46.847350883483884, 54.6983780503273, 62.54798002243042, 70.3877696275711, 78.28844344615936, 86.18748668432235, 94.12841302156448, 102.08520843982697, 110.12891237735748, 118.19361029863357, 126.30403379201888, 134.401564514637, 142.50721341371536, 150.60664522647858, 162.6717192530632], "min_exec_times": [4.76837158203125e-06, 7.63129734992981, 15.318642377853394, 22.996751308441162, 30.705798864364624, 38.33477854728699, 45.97943067550659, 53.69269347190857, 61.4067440032959, 69.1086540222168, 76.94847655296326, 84.74495124816895, 92.54664659500122, 100.59878873825073, 108.61341524124146, 116.59948682785034, 124.58704161643982, 132.53942227363586, 140.5817379951477, 148.56399965286255, 160.44031357765198], "max_exec_times": [1.1205673217773438e-05, 15.743165254592896, 31.726804494857788, 47.54581809043884, 63.3224675655365, 79.06016683578491, 94.76370692253113, 110.49467206001282, 126.4292721748352, 142.36814618110657, 158.3089714050293, 174.31257271766663, 190.3501808643341, 206.33841943740845, 222.57368898391724, 239.03088426589966, 255.7996745109558, 272.2653901576996, 288.6366548538208, 305.11875915527344, 329.4640386104584], "F_evals": [2.0, 4.0, 6.0, 8.0, 10.0, 12.0, 14.0, 16.0, 18.0, 20.0, 22.0, 24.0, 26.0, 28.0, 30.0, 32.0, 34.0, 36.0, 38.0, 41.0, 44.0], "A_evals": [2.0, 4.0, 6.0, 8.0, 10.0, 12.0, 14.0, 16.0, 18.0, 20.0, 22.0, 24.0, 26.0, 28.0, 30.0, 32.0, 34.0, 36.0, 38.0, 41.0, 44.0], "ts": [0, 0.007129399241678535, 0.015610655377050203, 0.02578559549101153, 0.038121068846640335, 0.05327275537148704, 0.07221944409688531, 0.09640665699058204, 0.12794256022904904, 0.16969969816328667, 0.22588244651396117, 0.30188455850354273, 0.4037089085271622, 0.5314696421985508, 0.6993310155420756, 0.9285707137828159, 1.2378331963898588, 1.6370336119125193, 2.135716498896493, 2.739304958759786, 3.476695348925725, 4.0]}