{"ts": [0, 0.008490150508311818, 0.019653109205137843, 0.03482262968782671, 0.056600966992880405, 0.09127511091888238, 0.15086861833496074, 0.22582532857544307, 0.3461866536942138, 0.5007022330456086, 0.7345091969255111, 0.9593853434213807, 1.0, 1.0081739284635876, 1.0187750920592762, 1.032907152287477, 1.0526428221878104, 1.082144691192503, 1.131502810828401, 1.1983553825823716, 1.2903214947213062, 1.4273677861051415, 1.6551209627109698, 2.0, 2.0085923843978635, 2.0199144720426983, 2.0353833885732895, 2.057958219070341, 2.0935918534559677, 2.1535591544545865, 2.2318770530697405, 2.3655765668443496, 2.587595960912675, 2.8044093112497506, 2.9587976363768447, 3.0, 3.0072776760519324, 3.0164581352945907, 3.02831872586274, 3.0442373167374797, 3.0669225355149536, 3.1028379930346768, 3.163099858306829, 3.2409158737356543, 3.3528884141671536, 3.507987358349611, 3.7576904448825257, 3.969228438462414, 4.0, 4.007020907513708, 4.015793460088444, 4.026999090730225, 4.041798394272845, 4.062409412312071, 4.093266796093235, 4.145791773723359, 4.232947424809064, 4.342523768391199, 4.5193475362021625, 4.665590143305408, 4.809823128208405, 4.927925102825076, 5.0, 5.007061574108598, 5.0158978692220835, 5.027211822534709, 5.042214178839365, 5.063285565366987, 5.095565189657202, 5.153108662069494, 5.232326693599816, 5.3378653360461685, 5.479437306799771, 5.649213578274131, 5.828683876936833, 5.954051548963197, 6.0, 6.0071696188088515, 6.016079207265631, 6.027314742579603, 6.041789695808568, 6.061065795892117, 6.088081775852735, 6.126020666176465, 6.178970067549341, 6.251556712150455, 6.3507685625870876, 6.492744194551615, 6.703324525953537, 7.0, 7.007051830763816, 7.015890451216892, 7.027215105175142, 7.042196612582758, 7.063039612037384, 7.094659074612892, 7.151191674096743, 7.249029815979253, 7.367727962174827, 7.555680509336148, 7.67233157763932, 7.8109917125728145, 7.929308983225029, 8.0, 8.007350620701411, 8.016644073277508, 8.028688097561744, 8.044922349730129, 8.068220038089544, 8.105092597598409, 8.168092473642627, 8.25105502589468, 8.377884922713614, 8.5516760972146, 8.740230883638722, 8.910023995584792, 9.0, 9.007847619653024, 9.017994333782276, 9.031509456468823, 9.05039093102229, 9.078220657709032, 9.118859249691184, 9.171085340922847, 9.242295547464527, 9.345257746174056, 9.499091405688448, 9.717149700760773, 9.935197119269109, 10.0], "counts": [[[10.0, 3385, 399.39323329925537]], [[10.0, 3385, 402.55801725387573]], [[10.0, 3385, 401.7566509246826]], [[10.0, 3385, 405.2147889137268]]]}