{"ts": [0, 0.007817479999000152, 0.017781762866770898, 0.030708083174502007, 0.04783370789494697, 0.05, 0.05726330734194151, 0.06640733099550614, 0.07818948968476888, 0.09392583184263803, 0.1, 0.10717554431099802, 0.11617416258143176, 0.12769371535631702, 0.14289359090545498, 0.15000000000000002, 0.15749710259026406, 0.16702284922797378, 0.17942041173168097, 0.19616586667181687, 0.2, 0.20736291716533276, 0.21663317184681447, 0.2285394585771257, 0.24431251849647298, 0.25, 0.257708541911435, 0.2675738968283174, 0.28056554269193973, 0.2984600144396996, 0.30000000000000004, 0.3070721508714673, 0.3158261578047858, 0.3268358082003226, 0.3410425242263233, 0.35000000000000003, 0.3583451136216242, 0.36924969417905906, 0.3839655685728029, 0.4, 0.4075469839102268, 0.417129615801484, 0.4296012448480039, 0.4464875060331378, 0.45, 0.45800158453017725, 0.4682387914559721, 0.48158613882119716, 0.4994479695788703, 0.5], "counts": [[[0.5, 2207, 64.42022061347961]], [[0.5, 2207, 64.48457717895508]], [[0.5, 2207, 64.24313449859619]], [[0.5, 2207, 64.25853848457336]]]}