{"ts": [0, 0.007812892397894823, 0.01726279645606322, 0.02879814114813626, 0.04300958835042104, 0.06070881682299946, 0.08303714403696713, 0.11150228429104653, 0.14833136253439064, 0.1968075225688601, 0.26080221086085636, 0.34142001837802205, 0.44347357959792877, 0.5, 0.5072606595635344, 0.5159209828742768, 0.526341021960852, 0.5390144937615837, 0.55465180368763, 0.574299372480115, 0.5995230558270268, 0.6324566969243807, 0.6761321220440784, 0.734876669661793, 0.8140998999608178, 0.9198262639137992, 1.0, 1.0071720606863583, 1.0157175231042814, 1.0259828073461454, 1.038438891679838, 1.0537452784349475, 1.0728426700662161, 1.096998137881934, 1.1280372173748903, 1.168479366441601, 1.2215571316291802, 1.2909202419017278, 1.3802449717909984, 1.4938446324035435, 1.5, 1.5074970742054774, 1.5164937577908386, 1.5273812784176999, 1.5407016809300436, 1.5572223993065861, 1.5780699726507237, 1.6049557113304138, 1.6405258462825494, 1.6887528753754897, 1.7557417222249005, 1.8503567009015247, 1.9660461331281722, 2.0, 2.007364225802931, 2.016170045678816, 2.0267849222402665, 2.0397235563660407, 2.055702103775831, 2.0757299370932403, 2.1012729428649295, 2.1345069963286076, 2.178664717246927, 2.2385331994939097, 2.319787774227005, 2.4149120589723942, 2.5, 2.5077000998741856, 2.516971263681135, 2.528247091061199, 2.542134962836153, 2.559511027579438, 2.5816934918198915, 2.6107612907142674, 2.649582858975624, 2.702347841580846, 2.774895303855271, 2.873512925751949, 2.997979222011434, 3.0, 3.0071015988244567, 3.0155083560710554, 3.0255238613940394, 3.0375531432915786, 3.0521760946221015, 3.0701858532931103, 3.0927245397762206, 3.1214966933683543, 3.157599585031602, 3.202639409840763, 3.2584128757521666, 3.327508871469744, 3.413579442502759, 3.5, 3.508324945608467, 3.518473615415813, 3.530985686491772, 3.546613668540664, 3.5664830883567724, 3.5923089454738246, 3.6266863831567906, 3.6734740691665477, 3.7385063623800256, 3.8267127365502724, 3.934641166452096, 4.0, 4.007544695872885, 4.01659024047311, 4.027529214799621, 4.040904799512611, 4.05749347378369, 4.078466668155198, 4.10564207057472, 4.141596867292175, 4.19019677973516, 4.256888602740563, 4.344961181366739, 4.449935381698689, 4.5, 4.508009230918997, 4.517663075780345, 4.5293791261669085, 4.5437095328409205, 4.561412068893733, 4.583504147350678, 4.6114227935161765, 4.647169726313748, 4.693668680317465, 4.752873194362188, 4.826515438069805, 4.915057002472456, 5.0], "counts": [[[5.0, 2207, 965.8718452453613]], [[5.0, 2207, 967.4338655471802]], [[5.0, 2207, 965.9402883052826]], [[5.0, 2207, 966.9736611843109]]]}