{"ts": [0, 0.008336368183828722, 0.01846339374591764, 0.030878722007905632, 0.04630263747256351, 0.05, 0.05810857114743767, 0.06794725243175315, 0.08000491920464309, 0.09497403871652649, 0.1, 0.10858554738454258, 0.11909304823359128, 0.1320969776828475, 0.1484337109413911, 0.15000000000000002, 0.15725855984835266, 0.16590901147629625, 0.17628749533992177, 0.18884319418263157, 0.2, 0.20825070280185026, 0.21829029494274257, 0.23063450992239723, 0.24600544837620544, 0.25, 0.2573604496390571, 0.2661588536174451, 0.27675987837560645, 0.2896586153718994, 0.30000000000000004, 0.3077266899116864, 0.3170300973288085, 0.32833924411209636, 0.3422519242248199, 0.35000000000000003, 0.3570386400221503, 0.36540091677912667, 0.37541428083368156, 0.38752299975912335, 0.4, 0.40743001490218467, 0.41632084016406967, 0.42705720978419426, 0.44017426064594706, 0.45, 0.4575377423439945, 0.46657837674780617, 0.47752004242130086, 0.49091624977805554, 0.5], "counts": [[[0.5, 2754, 504.0941786766052]], [[0.5, 2754, 501.88485884666443]], [[0.5, 2754, 503.21910881996155]], [[0.5, 2754, 520.7591741085052]]]}