{"ts": [0, 0.008461501170809814, 0.019549935015217693, 0.034351868496296206, 0.05485250896534572, 0.08500461361333918, 0.1, 0.10810853361396695, 0.11861886084530913, 0.13265688947234952, 0.15238685836336469, 0.18220687963975055, 0.2, 0.2080871014384764, 0.21856703798318872, 0.2325732390972319, 0.2522976419663162, 0.28293121066911975, 0.30000000000000004, 0.3073397084418504, 0.31660868967597067, 0.32858959682970695, 0.34464253644124565, 0.3674966151833403, 0.4, 0.40746082831587516, 0.4169205713654894, 0.42920655137286196, 0.4457754123772469, 0.469477185210014, 0.5, 0.5072582705495406, 0.5164015243033571, 0.5282011244753455, 0.5440068930283425, 0.5665423144531202, 0.6000000000000001, 0.6071715746134261, 0.6161786369991502, 0.6277558212258767, 0.6431709571216833, 0.6649883833795451, 0.6987824426499254, 0.7000000000000001, 0.7074734027337425, 0.7169524911064608, 0.7292830853905331, 0.7459854758771786, 0.7702827339647874, 0.8, 0.8075396886314208, 0.8171200330800933, 0.8296142584425648, 0.8465222797172344, 0.8707477644890068, 0.9, 0.9083642613629679, 0.919296405083914, 0.9340481302953095, 0.9551164273742441, 0.9874208275684233, 1.0], "counts": [[[1.0, 4106, 732.2371435165405]], [[1.0, 4106, 730.4985392093658]], [[1.0, 4106, 729.1280646324158]], [[1.0, 4106, 729.9637405872345]]]}