{"ts": [0, 0.008490150508311818, 0.019653109205137843, 0.03482262968782671, 0.05, 0.058164393143265526, 0.06874759801630535, 0.08284623971897725, 0.1, 0.10858815531417036, 0.11989970400626691, 0.13534238508499793, 0.15000000000000002, 0.15727011513803593, 0.1664306818536831, 0.1782427068694081, 0.19402700134030396, 0.2, 0.20701961946559985, 0.2157877932233912, 0.22698068539936944, 0.24174390834928014, 0.25, 0.25706464638083776, 0.26590493248574926, 0.2772204057498585, 0.29221205893186003, 0.30000000000000004, 0.30715238733240696, 0.3160304298978739, 0.3272186531744615, 0.3416531778304458, 0.35000000000000003, 0.3570430295137499, 0.36586934749719646, 0.37716648381791323, 0.3920833009814926, 0.4, 0.40734940193412317, 0.4166349169956306, 0.4286524267227815, 0.44479147973989086, 0.45, 0.45775049452393735, 0.4677442341944519, 0.48105694908622515, 0.4996417735259015, 0.5], "counts": [[[0.5, 3385, 128.1864264011383]], [[0.5, 3385, 127.19817614555359]], [[0.5, 3385, 126.65151262283325]], [[0.5, 3385, 127.47352123260498]]]}