{"ts": [0, 0.008340189497816604, 0.016680378995633207, 0.02502056849344981, 0.033360757991266414, 0.04170094748908302, 0.05, 0.05834018949781661, 0.06668037899563321, 0.07502056849344982, 0.08336075799126642, 0.09170094748908303, 0.1, 0.10834018949781661, 0.11668037899563322, 0.1250205684934498, 0.1333607579912664, 0.141700947489083, 0.15000000000000002, 0.1583401894978166, 0.1666803789956332, 0.1750205684934498, 0.1833607579912664, 0.19170094748908298, 0.2, 0.2083401894978166, 0.2166803789956332, 0.22502056849344979, 0.23336075799126638, 0.24170094748908297, 0.25, 0.2583401894978166, 0.26668037899563324, 0.27502056849344986, 0.2833607579912665, 0.2917009474890831, 0.30000000000000004, 0.30834018949781666, 0.3166803789956333, 0.3250205684934499, 0.3333607579912665, 0.34170094748908314, 0.35000000000000003, 0.35834018949781665, 0.36668037899563327, 0.3750205684934499, 0.3833607579912665, 0.39170094748908313, 0.4, 0.40834018949781664, 0.41668037899563326, 0.4250205684934499, 0.4333607579912665, 0.4417009474890831, 0.45, 0.45834018949781663, 0.46668037899563325, 0.47502056849344987, 0.4833607579912665, 0.4917009474890831, 0.5], "counts": [[[0.5, 2754, 60.30427026748657]], [[0.5, 2754, 60.29978084564209]], [[0.5, 2754, 59.65407919883728]], [[0.5, 2754, 57.61860680580139]]]}