{"exec_times": [2.6226043701171875e-06, 0.3044447898864746, 0.6115832328796387, 0.9222847819328308, 1.2291757822036744, 1.5380794048309325, 1.8464092016220093, 2.156956970691681, 2.4636193752288817, 2.7742032289505003, 3.0817275643348694, 3.3899190783500672, 3.698347306251526, 4.009655654430389, 4.319435787200928, 4.629736697673797, 4.938238632678986, 5.249416267871856, 5.558817195892334, 5.87149258852005, 6.183191871643066, 6.494933414459228, 6.807375800609589, 7.118801367282868, 7.428960490226745, 7.742000424861908, 8.049520885944366, 8.358385384082794, 8.667884588241577, 8.976134562492371, 9.28284946680069, 9.591950798034668, 9.899983489513398, 10.208728659152985, 10.51727237701416, 10.82582620382309, 11.131852209568024, 11.439942383766175, 11.749336731433868, 12.057054674625396, 12.367274117469787, 12.677215898036957, 12.989756977558136, 13.29798594713211, 13.60666482448578, 13.916567003726959, 14.227164351940155, 14.53710765838623, 14.850051546096802, 15.158784377574921, 15.467184948921204, 15.77514808177948, 16.081927287578583, 16.3897353887558, 16.699342560768127, 17.007877790927886, 17.31454176902771, 17.62458336353302, 17.931584978103636, 18.244539844989777, 18.55428673028946, 18.863213729858398, 19.170214927196504, 19.4795312166214, 19.78903547525406, 20.097269296646118], "min_exec_times": [1.6689300537109375e-06, 0.3007533550262451, 0.6050999164581299, 0.9103455543518066, 1.2170100212097168, 1.5222668647766113, 1.8266921043395996, 2.1400158405303955, 2.44266939163208, 2.7484958171844482, 3.058746337890625, 3.364036798477173, 3.669869899749756, 3.98390531539917, 4.287791013717651, 4.593843221664429, 4.9034459590911865, 5.21010684967041, 5.513030052185059, 5.820696592330933, 6.130228281021118, 6.435676336288452, 6.74139142036438, 7.052598237991333, 7.357404708862305, 7.66363000869751, 7.978282451629639, 8.283656597137451, 8.588806390762329, 8.893903017044067, 9.206350326538086, 9.514761209487915, 9.820050477981567, 10.131513595581055, 10.435199499130249, 10.741092205047607, 11.052610874176025, 11.356481790542603, 11.661648511886597, 11.975009202957153, 12.285798072814941, 12.590069055557251, 12.893339395523071, 13.20555591583252, 13.512705087661743, 13.816592931747437, 14.123891830444336, 14.430692195892334, 14.734123706817627, 15.042238235473633, 15.353196859359741, 15.657687425613403, 15.96279501914978, 16.27095079421997, 16.574030876159668, 16.879738092422485, 17.194040060043335, 17.49913191795349, 17.802756786346436, 18.112802743911743, 18.416560649871826, 18.72094488143921, 19.032925128936768, 19.33686113357544, 19.640489101409912, 19.951006174087524], "max_exec_times": [1.1444091796875e-05, 0.6035006046295166, 1.2189433574676514, 1.8660569190979004, 2.4740467071533203, 3.0968382358551025, 3.740724802017212, 4.347121238708496, 4.95101523399353, 5.573730707168579, 6.178232192993164, 6.785460710525513, 7.398345232009888, 8.014429330825806, 8.619735479354858, 9.23551607131958, 9.848133087158203, 10.488649606704712, 11.150583267211914, 11.823245525360107, 12.486937284469604, 13.151933908462524, 13.823963642120361, 14.492770195007324, 15.162492752075195, 15.837109327316284, 16.453144073486328, 17.066539764404297, 17.679338216781616, 18.28697943687439, 18.892573356628418, 19.52298355102539, 20.139355182647705, 20.750659465789795, 21.372121572494507, 21.991425275802612, 22.597251653671265, 23.21536087989807, 23.865907669067383, 24.477757930755615, 25.096187591552734, 25.717236042022705, 26.389768600463867, 27.012085437774658, 27.62584400177002, 28.234843254089355, 28.843783378601074, 29.49467372894287, 30.12419867515564, 30.735496282577515, 31.351374626159668, 31.968982934951782, 32.57789635658264, 33.196221113204956, 33.838786602020264, 34.45051908493042, 35.062278747558594, 35.68196392059326, 36.28802466392517, 36.90530180931091, 37.539438247680664, 38.153719663619995, 38.76069188117981, 39.37237739562988, 39.989476680755615, 40.60258507728577], "F_evals": [1.0, 2.0, 3.0, 4.0, 5.0, 6.0, 7.0, 8.0, 9.0, 10.0, 11.0, 12.0, 13.0, 14.0, 15.0, 16.0, 17.0, 18.0, 19.0, 20.0, 21.0, 22.0, 23.0, 24.0, 25.0, 26.0, 27.0, 28.0, 29.0, 30.0, 31.0, 32.0, 33.0, 34.0, 35.0, 36.0, 37.0, 38.0, 39.0, 40.0, 41.0, 42.0, 43.0, 44.0, 45.0, 46.0, 47.0, 48.0, 49.0, 50.0, 51.0, 52.0, 53.0, 54.0, 55.0, 56.0, 57.0, 58.0, 59.0, 60.0, 61.0, 62.0, 63.0, 64.0, 65.0, 66.0], "A_evals": [1.0, 2.0, 3.0, 4.0, 5.0, 6.0, 7.0, 8.0, 9.0, 10.0, 11.0, 12.0, 13.0, 14.0, 15.0, 16.0, 17.0, 18.0, 19.0, 20.0, 21.0, 22.0, 23.0, 24.0, 25.0, 26.0, 27.0, 28.0, 29.0, 30.0, 31.0, 32.0, 33.0, 34.0, 35.0, 36.0, 37.0, 38.0, 39.0, 40.0, 41.0, 42.0, 43.0, 44.0, 45.0, 46.0, 47.0, 48.0, 49.0, 50.0, 51.0, 52.0, 53.0, 54.0, 55.0, 56.0, 57.0, 58.0, 59.0, 60.0, 61.0, 62.0, 63.0, 64.0, 65.0, 66.0], "ts": [0, 0.007129399241678536, 0.01606844142296033, 0.02753329050881254, 0.042751631674349436, 0.06415860887393816, 0.09688922974433677, 0.14460306788118385, 0.19598398199183525, 0.25022413251835623, 0.30679590984612587, 0.36522877408167626, 0.42514477350528745, 0.486248314956607, 0.5483171982044038, 0.6111830200257287, 0.6747141957426672, 0.7388063288749493, 0.8033756441637865, 0.8683543109274138, 0.9336869389128537, 0.9992869649314161, 1.0650396472877643, 1.1309289091185353, 1.1969431391007945, 1.2630733995808614, 1.3293129291969563, 1.3956567153116481, 1.4620891816278554, 1.528607892378888, 1.595211584402389, 1.6618982313306818, 1.7286602376863422, 1.795498345361039, 1.8624135251651825, 1.9294068884076159, 1.9964796185386846, 2.0636329040780144, 2.130867870596741, 2.1981797627694233, 2.26556354467717, 2.3330203604252104, 2.400551126790192, 2.468156602658519, 2.535837409210234, 2.603583469069619, 2.6713678268531, 2.7391897270721346, 2.807048536762153, 2.8749436829695885, 2.9428746297672737, 3.010840863740256, 3.07884188486258, 3.1468772004404224, 3.214933200667587, 3.282996227063855, 3.3510661279778433, 3.419142770978131, 3.4872260409938165, 3.5553158337550084, 3.623412052782563, 3.691514607530044, 3.7596234121618264, 3.8277383847172155, 3.895859446531498, 3.963986521837011, 4.0]}