{"ts": [0, 0.007812892397894823, 0.01777072924391515, 0.030687914283647144, 0.04780014697611655, 0.07108649127707917, 0.1, 0.10726007787412595, 0.11639977186273769, 0.1281758383276431, 0.14390289256722621, 0.16619488774903782, 0.2, 0.20717224801727782, 0.21616674286608692, 0.22768107768695173, 0.242874063752898, 0.26382658830084077, 0.2946534365338951, 0.30000000000000004, 0.3074940552898132, 0.31701585243170705, 0.32940820058836134, 0.346146759223217, 0.37022993118556236, 0.4, 0.4073595876225063, 0.4166264151261149, 0.4285301748654316, 0.4443070830640573, 0.4661810560792426, 0.4987216764484499, 0.5, 0.5077043640248788, 0.5175650185019985, 0.5305524672310171, 0.5484465573600791, 0.5750717573363312, 0.6000000000000001, 0.6070724887297226, 0.6158346222273914, 0.6268703177805288, 0.6411451792029688, 0.660355383087222, 0.6873131400721161, 0.7000000000000001, 0.70833902899294, 0.7192361110068276, 0.7339458130193677, 0.7548892239765606, 0.7875141545188691, 0.8, 0.8075433008369644, 0.8171213422704969, 0.8295873173452533, 0.8464667449091161, 0.8709977161285396, 0.9, 0.9080003204384348, 0.9182374395815914, 0.931587504218047, 0.9494612016841876, 0.9742633482120145, 1.0], "counts": [[[1.0, 2207, 216.53337788581848]], [[1.0, 2207, 216.41263580322266]], [[1.0, 2207, 215.97669553756714]], [[1.0, 2207, 216.4215908050537]]]}