{"ts": [0, 0.008486312452234121, 0.019643860813801033, 0.03480523107008876, 0.05656948667235258, 0.09121317911228992, 0.14048608603803836, 0.1927389108268988, 0.24719606524230095, 0.3034373539609544, 0.36114253051851664, 0.42006392355161515, 0.48001748361323204, 0.5, 0.5081669752024145, 0.5187566605275458, 0.5328681809287112, 0.5525613834098498, 0.5819720363983696, 0.6311254096876922, 0.6870183832192408, 0.7458569232558856, 0.8070572741854881, 0.870230098059139, 0.9347366067671383, 0.9996743887484827, 1.0, 1.0085880633798316, 1.0199021372120674, 1.0353540543770388, 1.0578792187007198, 1.0934193785782595, 1.143870771121908, 1.1977354372906137, 1.2540039397619152, 1.3121216043878492, 1.3716532707010276, 1.4322559671162038, 1.49368209190169, 1.5, 1.5072714476098124, 1.5164405447107498, 1.5282780730602858, 1.5441366837579682, 1.5666885802824495, 1.6022481963399788, 1.6508334728726466, 1.7033691468775616, 1.7590770582636732, 1.817442393707311, 1.8778766225041716, 1.939974194467732, 2.0, 2.007017647092161, 2.015784532605114, 2.0269789049495155, 2.041752074691979, 2.0622947991577196, 2.093024427461189, 2.142588273131869, 2.1961075132387244, 2.2525267968970994, 2.3113030895327116, 2.3718979365732413, 2.4338933108863694, 2.4969741775503165, 2.5, 2.5070604291163856, 2.5158958836588474, 2.527208808255002, 2.5422086027783912, 2.5632702447174287, 2.59553048344886, 2.6448042558129448, 2.6985898911160677, 2.7561322433316673, 2.816954450982665, 2.879505390821545, 2.9435799412774846, 3.0, 3.007152921345009, 3.016036183404974, 3.0272364925463444, 3.0416768926109774, 3.0609934069488016, 3.0881786446420287, 3.126119559587935, 3.1787936992859374, 3.2452943219436765, 3.3118835151044252, 3.3785615012725874, 3.4453284902155312, 3.5, 3.507044387219861, 3.5158726726903584, 3.5271780704843523, 3.5421199912699417, 3.5628730506806052, 3.594257358769832, 3.642147942359161, 3.6932581367984945, 3.746852382708797, 3.8025593405117646, 3.8600706998280367, 3.9191442316329894, 3.979585940617172, 4.0, 4.00734549716353, 4.016628331513454, 4.028648499414837, 4.044814178486508, 4.06796197920207, 4.104459098361255, 4.153231589157085, 4.205734784132649, 4.261199452145828, 4.319091260180233, 4.378916146071392, 4.439925886756691, 4.5, 4.507833311893652, 4.517967257332984, 4.531477196366395, 4.550368100195443, 4.57876275289122, 4.618812903722417, 4.66286974989405, 4.710615937945988, 4.7617800423040295, 4.815959277517988, 4.8722918993109685, 4.930332497817717, 4.989145495461285, 5.0], "counts": [[[5.0, 3385, 873.5075829029083]], [[5.0, 3385, 1005.5077846050262]], [[5.0, 3385, 1036.060537815094]], [[5.0, 3385, 1036.4843113422394]]]}