{"exec_times": [1.9669532775878906e-06, 0.13105907440185546, 0.26116189956665037, 0.39083813428878783, 0.5209955453872681, 0.6509274244308472, 0.7811146140098572, 0.9110687255859375, 1.041467559337616, 1.1714350223541259, 1.303377389907837, 1.4370005130767822, 1.5696752309799193, 1.7007507801055908, 1.8334562540054322, 1.9644453525543213, 2.0951217889785765, 2.226377248764038, 2.3573657870292664, 2.488439691066742, 2.6197340369224547, 2.750990891456604, 2.882216548919678, 3.012620723247528, 3.143077826499939, 3.274597704410553, 3.4073814153671265, 3.537396252155304, 3.667430317401886, 3.79766206741333, 3.927521049976349, 4.058004689216614, 4.187709259986877, 4.318361878395081, 4.448394191265106, 4.579258739948273, 4.709464168548584, 4.8397770643234255], "min_exec_times": [1.430511474609375e-06, 0.1285991668701172, 0.2575802803039551, 0.38655948638916016, 0.5151352882385254, 0.6448309421539307, 0.7733361721038818, 0.9015624523162842, 1.0305531024932861, 1.1591072082519531, 1.2969319820404053, 1.4256329536437988, 1.5556809902191162, 1.6838176250457764, 1.8117990493774414, 1.94000244140625, 2.068035840988159, 2.2017016410827637, 2.3340494632720947, 2.462355136871338, 2.590667963027954, 2.718841075897217, 2.847151756286621, 2.9760634899139404, 3.1037726402282715, 3.2393362522125244, 3.3675427436828613, 3.4954867362976074, 3.623854637145996, 3.7515547275543213, 3.8791143894195557, 4.0074217319488525, 4.135770320892334, 4.271345853805542, 4.399188995361328, 4.526721000671387, 4.654842853546143, 4.782495975494385], "max_exec_times": [4.0531158447265625e-06, 0.27504849433898926, 0.5326485633850098, 0.7861912250518799, 1.0399150848388672, 1.2945661544799805, 1.5516502857208252, 1.808777093887329, 2.0665600299835205, 2.3253679275512695, 2.6277244091033936, 2.955862283706665, 3.2600321769714355, 3.5367848873138428, 3.8339126110076904, 4.1124701499938965, 4.389939546585083, 4.677153587341309, 4.953878879547119, 5.231627941131592, 5.510340690612793, 5.786656856536865, 6.063981771469116, 6.32341742515564, 6.579094886779785, 6.857897043228149, 7.157145023345947, 7.416109561920166, 7.671289682388306, 7.928356647491455, 8.185731649398804, 8.442288160324097, 8.697822570800781, 8.971986532211304, 9.228649616241455, 9.484930515289307, 9.73972225189209, 9.996496438980103], "F_evals": [2.0, 4.0, 6.0, 8.0, 10.0, 12.0, 14.0, 16.0, 18.0, 20.0, 22.0, 24.0, 26.0, 28.0, 30.0, 32.0, 34.0, 36.0, 38.0, 40.0, 42.0, 44.0, 46.0, 48.0, 50.0, 52.0, 54.0, 56.0, 58.0, 60.0, 62.0, 64.0, 66.0, 68.0, 70.0, 72.0, 74.0, 76.0], "A_evals": [0.0, 0.0, 0.0, 0.0, 0.0, 0.0, 0.0, 0.0, 0.0, 0.0, 0.0, 0.0, 0.0, 0.0, 0.0, 0.0, 0.0, 0.0, 0.0, 0.0, 0.0, 0.0, 0.0, 0.0, 0.0, 0.0, 0.0, 0.0, 0.0, 0.0, 0.0, 0.0, 0.0, 0.0, 0.0, 0.0, 0.0, 0.0, 0.0], "ts": [0, 0.007132468456522988, 0.016075520304251682, 0.02754588717306848, 0.04277261634547517, 0.06419397105076756, 0.09695269744193875, 0.15462606187891614, 0.23093784708290815, 0.343880101018605, 0.5104560435553684, 0.6803087791272617, 0.8329826714726885, 0.9554213642064399, 1.0799730956454539, 1.201229623504733, 1.3245145388563857, 1.446731790998739, 1.5697274404552095, 1.6924678290930373, 1.8153085324868583, 1.9383368585429397, 2.061041971793323, 2.1842385807538216, 2.3068309825293225, 2.430191116009262, 2.5529054105520945, 2.6762649321203793, 2.7991684692511103, 2.922443398445339, 3.0455255444526377, 3.1686699372200824, 3.2919593081873906, 3.41499312656443, 3.538456059975452, 3.6613941026707733, 3.7850027952821566, 3.907860373930833, 4.0]}