{"ts": [0, 0.008336368183828722, 0.01913774145601401, 0.033526235761525185, 0.053588240719891336, 0.08402443638917481, 0.13538823824014323, 0.2017731174456076, 0.2764455066105881, 0.3556538411611149, 0.43743896586224257, 0.5, 0.5081094123248275, 0.5186219624185779, 0.5326649879540332, 0.5524086305523083, 0.582257017433843, 0.6303536817008882, 0.6827208433151709, 0.7380464285675767, 0.7957101711521574, 0.8551347174760511, 0.9158846682753579, 0.9776643438582108, 1.0, 1.008590490398042, 1.0199178083664617, 1.0354159926490847, 1.058062646880994, 1.094070854987983, 1.1447595166581994, 1.1989232027772057, 1.255609315283589, 1.3143038485717244, 1.3745924567652028, 1.4361449404168574, 1.4987260202527724, 1.5, 1.5072622038729135, 1.5163674063263912, 1.5279842292326542, 1.5431890146298088, 1.563883546636455, 1.5938409628898669, 1.6413391005900755, 1.6970103273248085, 1.758359142542849, 1.8237706393706454, 1.8892478991242032, 1.9547818416364555, 2.0, 2.0082563585857476, 2.0190144454593746, 2.033479021981532, 2.053940569377544, 2.0855441480676866, 2.1322986896463174, 2.1828729969020264, 2.236387704668901, 2.2921165496168916, 2.349339881157111, 2.4077002726090426, 2.466982064130885, 2.5, 2.5073629770403705, 2.5166360286046, 2.528551337656751, 2.544343715833127, 2.566255431652069, 2.5988912081449653, 2.65314520322325, 2.7150617415403557, 2.7774934987390885, 2.84028747644384, 2.903403849999901, 2.9668105610745052, 3.0, 3.007730670681991, 3.0176233083178956, 3.030637535151257, 3.04853358132896, 3.0750046103760234, 3.119117356700726, 3.1767182622317818, 3.2389595870844374, 3.303498417296611, 3.368212994131142, 3.4330954077626648, 3.4981392073623723, 3.5, 3.5070372539192243, 3.5158415944976102, 3.527098302671227, 3.5419736359891765, 3.5627605713370296, 3.594812097749801, 3.6490734412806134, 3.709923848763397, 3.774133294098824, 3.8399353923328348, 3.9057236248851375, 3.971497536986247, 4.0, 4.007436297962799, 4.016854059778652, 4.029093955122633, 4.045671534702538, 4.069874264555648, 4.108888710524034, 4.155116661117341, 4.20486698439723, 4.257860866870181, 4.313789774969094, 4.372346883339654, 4.432972892695163, 4.4950465651649205, 4.5, 4.507545498909385, 4.517149546531371, 4.529707548106631, 4.546864505326074, 4.5722703099122235, 4.615388394735511, 4.663694301719684, 4.714921742255642, 4.76862003726662, 4.824304017069442, 4.881572402243968, 4.940120868491898, 4.99973189666731, 5.0], "counts": [[[5.0, 2754, 675.9633176326752]], [[5.0, 2754, 675.6446692943573]], [[5.0, 2754, 674.6084287166595]], [[5.0, 2754, 663.1842420101166]]]}