{"ts": [0, 0.007817479999000152, 0.017781762866770898, 0.030708083174502007, 0.04783370789494697, 0.07114013173187948, 0.10384615284314136, 0.1518920722849272, 0.22047077716631067, 0.3158097424251881, 0.45367027087127265, 0.664919295577026, 1.0, 1.0072648154579156, 1.0164128840644842, 1.0282059326637703, 1.0439743280741003, 1.066365444331193, 1.100729056232601, 1.1610631607696509, 1.247908202580161, 1.3675618296701402, 1.549608416482996, 1.7147666687482845, 1.8593193904902832, 1.9847238838416734, 2.0, 2.0071754368673056, 2.0161764264035305, 2.027705312094356, 2.0429360420361613, 2.064000107212673, 2.0950860419896427, 2.145563423395943, 2.2206073686577263, 2.325617152467905, 2.474086941581053, 2.685440259891908, 2.947288148293498, 3.0, 3.007503944402869, 3.0170460228742297, 3.029474918324385, 3.046296337032787, 3.070586945974322, 3.110003356782392, 3.1725636937553174, 3.25818086801516, 3.390850860645058, 3.600274088995166, 3.8578937684205648, 4.0, 4.007374293539366, 4.016669427686385, 4.028642772848872, 4.0445521772205515, 4.066663648082948, 4.09965412340757, 4.154446061339345, 4.223583381279355, 4.3221476762131426, 4.468185389735035, 4.666876224549177, 4.925408763174872, 5.0, 5.0076999140098515, 5.017554855807264, 5.030537910607883, 5.048434596479716, 5.075142745013004, 5.119966905383324, 5.187577241524094, 5.284336605461812, 5.414244905904417, 5.600913972708437, 5.876582688261475, 6.0, 6.007124992179899, 6.015963533485217, 6.027090127572961, 6.04142338534931, 6.060512873073854, 6.087090301356632, 6.123926362847281, 6.17497261116604, 6.24386266821876, 6.337512796812496, 6.4653115556845115, 6.641659707709686, 6.900572857888711, 7.0, 7.008313561704336, 7.019183000559414, 7.0338705049270525, 7.054868762164216, 7.08763568465845, 7.141815460019375, 7.208825016170224, 7.314076316473096, 7.492266147320717, 7.7693026500252955, 8.0, 8.007550390599771, 8.017143122104892, 8.029642140372975, 8.046601637355892, 8.071383330199012, 8.112321007310445, 8.171048072237067, 8.248858346151827, 8.359435434754408, 8.531268355713127, 8.807746020284815, 9.0, 9.008013492745624, 9.01827251859737, 9.031658123017234, 9.049597003281331, 9.074522627288406, 9.11101667688668, 9.164644787075035, 9.242675646392781, 9.347748879272793, 9.47733143017924, 9.632162731782483, 9.818838921683522, 10.0], "counts": [[[10.0, 2207, 169.90062737464905]], [[10.0, 2207, 166.34746289253235]], [[10.0, 2207, 165.79245376586914]], [[10.0, 2207, 166.41796493530273]]]}