{"ts": [0, 0.031191833593890005, 0.07869713400749126, 0.1, 0.12741295483344614, 0.1652862560744551, 0.2, 0.22768223548791683, 0.26781146648141213, 0.30000000000000004, 0.3258425020472541, 0.36247779955669296, 0.4, 0.429203937538039, 0.46788886415764636, 0.5, 0.5275442779994306, 0.5695601897476384, 0.6000000000000001, 0.6289093219909321, 0.6717737545003253, 0.7000000000000001, 0.7263374706177005, 0.7718610796163455, 0.8, 0.8250304647749394, 0.8591749529804508, 0.8998058356444494, 0.9, 0.9278288386042177, 0.9652369514853087, 1.0], "counts": [[[1.0, 2754, 166.16610169410706]], [[1.0, 2754, 166.0886402130127]], [[1.0, 2754, 166.1009931564331]], [[1.0, 2754, 166.0588231086731]]]}