{"ts": [0, 0.008490150508311818, 0.016980301016623636, 0.025470451524935454, 0.03396060203324727, 0.04245075254155909, 0.05094090304987091, 0.05943105355818273, 0.06792120406649454, 0.07641135457480636, 0.08490150508311817, 0.09339165559142998, 0.1, 0.10849015050831182, 0.11698030101662363, 0.12547045152493544, 0.13396060203324725, 0.14245075254155906, 0.15094090304987087, 0.15943105355818268, 0.1679212040664945, 0.1764113545748063, 0.18490150508311812, 0.19339165559142993, 0.2, 0.20849015050831182, 0.21698030101662363, 0.22547045152493544, 0.23396060203324726, 0.24245075254155907, 0.2509409030498709, 0.2594310535581827, 0.2679212040664945, 0.2764113545748063, 0.2849015050831181, 0.29339165559142993, 0.30000000000000004, 0.30849015050831186, 0.31698030101662367, 0.3254704515249355, 0.3339606020332473, 0.3424507525415591, 0.3509409030498709, 0.3594310535581827, 0.36792120406649453, 0.37641135457480634, 0.38490150508311816, 0.39339165559142997, 0.4, 0.40849015050831183, 0.41698030101662364, 0.42547045152493546, 0.43396060203324727, 0.4424507525415591, 0.4509409030498709, 0.4594310535581827, 0.4679212040664945, 0.4764113545748063, 0.48490150508311813, 0.49339165559142995, 0.5, 0.5084901505083118, 0.5169803010166236, 0.5254704515249354, 0.5339606020332472, 0.5424507525415591, 0.5509409030498709, 0.5594310535581827, 0.5679212040664945, 0.5764113545748063, 0.5849015050831181, 0.5933916555914299, 0.6000000000000001, 0.6084901505083119, 0.6169803010166237, 0.6254704515249355, 0.6339606020332473, 0.6424507525415591, 0.650940903049871, 0.6594310535581828, 0.6679212040664946, 0.6764113545748064, 0.6849015050831182, 0.69339165559143, 0.7000000000000001, 0.7084901505083119, 0.7169803010166237, 0.7254704515249355, 0.7339606020332473, 0.7424507525415591, 0.7509409030498709, 0.7594310535581827, 0.7679212040664946, 0.7764113545748064, 0.7849015050831182, 0.79339165559143, 0.8, 0.8084901505083119, 0.8169803010166237, 0.8254704515249355, 0.8339606020332473, 0.8424507525415591, 0.8509409030498709, 0.8594310535581827, 0.8679212040664945, 0.8764113545748063, 0.8849015050831182, 0.89339165559143, 0.9, 0.9084901505083118, 0.9169803010166236, 0.9254704515249355, 0.9339606020332473, 0.9424507525415591, 0.9509409030498709, 0.9594310535581827, 0.9679212040664945, 0.9764113545748063, 0.9849015050831181, 0.99339165559143, 1.0], "counts": [[[1.0, 3385, 188.24631810188293]], [[1.0, 3385, 187.65311694145203]], [[1.0, 3385, 187.4340856075287]], [[1.0, 3385, 187.61240530014038]]]}