{"ts": [0, 0.008336368183828722, 0.01913774145601401, 0.033526235761525185, 0.05, 0.05810855792755219, 0.06861894755309872, 0.08265712928574954, 0.1, 0.10858576605057196, 0.11989604831960232, 0.1353420162509442, 0.15000000000000002, 0.15725857700701995, 0.16635639180198325, 0.17795753093005082, 0.19312826666156463, 0.2, 0.20825068219520104, 0.2189956792325335, 0.23343326936225026, 0.25, 0.257360511700751, 0.2666280101143173, 0.27853116478553963, 0.29429589328961675, 0.30000000000000004, 0.30772664812401934, 0.3176105201797998, 0.3306041246157785, 0.3484677116049575, 0.35000000000000003, 0.3570386549660787, 0.3658422965650803, 0.37709074374589585, 0.39193535266920715, 0.4, 0.40743003964814445, 0.41683647782327066, 0.4290513207298049, 0.4455673067398296, 0.45, 0.45753772112195845, 0.4671234290788265, 0.4796378398073574, 0.49668188855853557, 0.5], "counts": [[[0.5, 2754, 207.56614446640015]], [[0.5, 2754, 207.58522725105286]], [[0.5, 2754, 208.43760228157043]], [[0.5, 2754, 207.83333134651184]]]}