{"ts": [0, 0.008336368183828722, 0.01913774145601401, 0.033526235761525185, 0.053588240719891336, 0.08402443638917481, 0.1, 0.10810863175277483, 0.11861917664253809, 0.13265765798978027, 0.15238878905915476, 0.18220894386695924, 0.2, 0.20858775311746672, 0.21990357057493937, 0.23536310840205293, 0.25790263956757425, 0.29361015634389076, 0.30000000000000004, 0.3072594018313114, 0.31635854972067273, 0.3279618983982836, 0.3431362260899629, 0.36376618172123465, 0.3935616145044069, 0.4, 0.408251471321434, 0.41899798250882936, 0.43343861360089303, 0.4538431385738336, 0.48532068953912444, 0.5, 0.507361494390089, 0.516630846057959, 0.5285375456442711, 0.5443097525758156, 0.5661770803013264, 0.598709962477688, 0.6000000000000001, 0.6077263528616393, 0.6176109288656033, 0.6306087675360443, 0.6484858653052984, 0.6748694165048846, 0.7000000000000001, 0.7070389656716383, 0.7158442152678548, 0.7270977565468694, 0.741956512545816, 0.7626574333634175, 0.7944567404033827, 0.8, 0.8074312504707567, 0.8168396006874189, 0.8290586779696993, 0.845586061308674, 0.8696304352117142, 0.9, 0.9075384031349208, 0.9171272871632778, 0.9296515921039857, 0.9467238608957493, 0.9718862619286828, 1.0], "counts": [[[1.0, 2754, 336.2460081577301]], [[1.0, 2754, 336.62310791015625]], [[1.0, 2754, 336.8514621257782]], [[1.0, 2754, 336.6485092639923]]]}