{"exec_times": [3.159046173095703e-06, 3.5489826440811156, 7.133882665634156, 10.710495626926422, 14.323437774181366, 17.967373406887056, 21.583299243450163, 25.190936052799223, 28.829105925559997, 32.457751309871675, 36.078700113296506, 39.68522398471832, 43.31097629070282, 46.93196182250976, 50.52890472412109, 54.130390000343326, 57.761024594306946, 61.368520724773404, 64.9995551943779, 68.632965528965, 72.25046651363373, 75.86412767171859, 79.50043275356293, 83.10134036540985, 86.746905708313, 90.37611451148987, 93.97086071968079, 97.61441103219985, 101.23815830945969, 104.8826719880104, 108.51721543073654, 112.10932831764221, 115.72213916778564, 119.31085926294327, 122.89655946493149, 126.48483903408051, 130.0887556552887, 133.6960087299347, 137.31002259254456, 140.9211403131485, 144.52145829200745, 148.13597733974456, 151.78561480045317, 155.39933078289033, 158.99524215459823, 162.63766343593596, 166.2758673787117, 169.9031475305557, 173.5063883781433, 177.11704323291778, 180.73211898803712, 184.32017787694932, 187.90699863433838, 191.51263344287872, 195.13378838300704, 198.76504102945327, 202.33733773231506, 205.94676258563996, 209.56793547868728, 213.17321194410323, 216.7574068784714, 220.3334208846092, 223.9257686018944, 227.51939042806626, 231.08244926929473, 234.6970268845558], "min_exec_times": [2.384185791015625e-06, 3.4540903568267822, 6.914740324020386, 10.38475251197815, 13.811050415039062, 17.34174656867981, 20.80292844772339, 24.27643322944641, 27.749003410339355, 31.29070234298706, 34.77434420585632, 38.26431322097778, 41.77613043785095, 45.26421856880188, 48.76256251335144, 52.356754541397095, 55.93002915382385, 59.405927896499634, 62.92533802986145, 66.4324049949646, 69.93871688842773, 73.44065117835999, 76.93668794631958, 80.40116953849792, 83.90179443359375, 87.4017059803009, 90.90491843223572, 94.40273523330688, 97.9894425868988, 101.45612144470215, 104.94853234291077, 108.43214917182922, 111.98114228248596, 115.50488829612732, 118.99675822257996, 122.45192837715149, 125.91716051101685, 129.38458609580994, 132.86296844482422, 136.3414421081543, 139.87234473228455, 143.45589971542358, 147.11601185798645, 150.60619640350342, 154.0865044593811, 157.66343188285828, 161.22676849365234, 164.72183847427368, 168.19538140296936, 171.69310212135315, 175.1742389202118, 178.69947004318237, 182.2359755039215, 185.69705271720886, 189.1976671218872, 192.75466394424438, 196.26037335395813, 199.9563820362091, 203.47493052482605, 207.15734267234802, 210.773864030838, 214.31252765655518, 217.91426587104797, 221.4342315196991, 224.96676111221313, 228.6673288345337], "max_exec_times": [8.106231689453125e-06, 7.060383558273315, 14.25239634513855, 21.685023546218872, 28.855213165283203, 36.04071116447449, 43.215675830841064, 50.34534525871277, 57.46264672279358, 64.55336952209473, 71.68727207183838, 78.90416073799133, 86.03430247306824, 93.30044984817505, 100.52359890937805, 107.60569214820862, 114.74724459648132, 121.8159339427948, 128.86889958381653, 136.24126935005188, 143.40535593032837, 150.57578682899475, 157.68881559371948, 164.8359661102295, 172.1675386428833, 179.25700402259827, 186.4037184715271, 193.6000919342041, 200.81206822395325, 207.95957112312317, 215.08341479301453, 222.27677369117737, 229.5395209789276, 236.63570737838745, 243.72163820266724, 250.81557989120483, 258.1631529331207, 265.24538588523865, 272.33442997932434, 279.60409235954285, 286.85616159439087, 294.0140686035156, 301.1380877494812, 308.25544810295105, 315.44433641433716, 322.71501111984253, 329.79522609710693, 337.09879660606384, 344.12126183509827, 351.3464057445526, 358.4220218658447, 365.5008885860443, 372.6352529525757, 379.88174653053284, 386.9305787086487, 394.0444052219391, 401.0991072654724, 408.3856635093689, 415.53945803642273, 422.5837633609772, 429.72137355804443, 436.82357931137085, 443.9679465293884, 451.03954792022705, 458.17831778526306, 465.4567530155182], "F_evals": [1.0, 2.0, 3.0, 4.0, 5.0, 6.0, 7.0, 8.0, 9.0, 10.0, 11.0, 12.0, 13.0, 14.0, 15.0, 16.0, 17.0, 18.0, 19.0, 20.0, 21.0, 22.0, 23.0, 24.0, 25.0, 26.0, 27.0, 28.0, 29.0, 30.0, 31.0, 32.0, 33.0, 34.0, 35.0, 36.0, 37.0, 38.0, 39.0, 40.0, 41.0, 42.0, 43.0, 44.0, 45.0, 46.0, 47.0, 48.0, 49.0, 50.0, 51.0, 52.0, 53.0, 54.0, 55.0, 56.0, 57.0, 58.0, 59.0, 60.0, 61.0, 62.0, 63.0, 64.0, 65.0, 66.0], "A_evals": [1.0, 2.0, 3.0, 4.0, 5.0, 6.0, 7.0, 8.0, 9.0, 10.0, 11.0, 12.0, 13.0, 14.0, 15.0, 16.0, 17.0, 18.0, 19.0, 20.0, 21.0, 22.0, 23.0, 24.0, 25.0, 26.0, 27.0, 28.0, 29.0, 30.0, 31.0, 32.0, 33.0, 34.0, 35.0, 36.0, 37.0, 38.0, 39.0, 40.0, 41.0, 42.0, 43.0, 44.0, 45.0, 46.0, 47.0, 48.0, 49.0, 50.0, 51.0, 52.0, 53.0, 54.0, 55.0, 56.0, 57.0, 58.0, 59.0, 60.0, 61.0, 62.0, 63.0, 64.0, 65.0, 66.0], "ts": [0, 0.007129399241678535, 0.01606844142296033, 0.027533290508812543, 0.042751631767542285, 0.06415860501973984, 0.0968892395775627, 0.14460312553007026, 0.19598426136023717, 0.2502252385858681, 0.3067994301094772, 0.3652379982636982, 0.4251653863006267, 0.4862888800415898, 0.5483895779770378, 0.6113024038515912, 0.6748989511217918, 0.7390776822702451, 0.8037572619948306, 0.8688717705844937, 0.9343673686449836, 1.0000916490459277, 1.0659914306649063, 1.132052663343687, 1.1982644003850937, 1.2646181102819747, 1.331107199536071, 1.397720086831833, 1.46444682291966, 1.5312849405232811, 1.5982327016011424, 1.6652889313238048, 1.732452882996798, 1.79972008638133, 1.8670871483736065, 1.9345544073767307, 2.0021222660049283, 2.0697911275439718, 2.137559754074007, 2.2054174374238453, 2.2733646222514636, 2.3414015973874975, 2.409528540657259, 2.47774431170442, 2.5460355629143954, 2.6144025298457536, 2.6828453971344675, 2.7513588456718816, 2.819918266144529, 2.8885226139201903, 2.9571708863718666, 3.0258621123510343, 3.0945953392131442, 3.163369629425861, 3.2321840589548914, 3.301037715343953, 3.3699167106007075, 3.4388069356655224, 3.507707785416966, 3.5766186754175076, 3.6455390404419292, 3.7144683374832583, 3.783406051495601, 3.8523516890072647, 3.9213047753522945, 3.990264853031982, 4.0]}