{"ts": [0, 0.008486312452234121, 0.018867805356853774, 0.03170038539358592, 0.047783236075672336, 0.06828783995541055, 0.09497104537638135, 0.1305675315879469, 0.17935407556134672, 0.24609130411283092, 0.3379304779893524, 0.4536428173411956, 0.5, 0.5081665925946356, 0.518078092459382, 0.5302149835955386, 0.5452528642251975, 0.564198642980341, 0.5885042083662134, 0.6201654994878437, 0.6621176573202274, 0.7184171836058368, 0.794218589378142, 0.8955264791493835, 1.0, 1.0085878534727082, 1.0190974534720862, 1.032102158625889, 1.0484350524057546, 1.0693818775479134, 1.0969667310664586, 1.1336711533885944, 1.1830991315590893, 1.2505076130935597, 1.3426065443475983, 1.4646850669660387, 1.5, 1.5072713530808566, 1.5159529308307442, 1.5264086529026397, 1.5391373821204504, 1.5548617239599023, 1.574638610032566, 1.600015657749866, 1.6333732998714037, 1.6783969390942703, 1.7407697674972766, 1.8289007877844163, 1.936973055180466, 2.0, 2.0070176071938617, 2.015348373022194, 2.025321473870901, 2.0373843071075566, 2.0521708571080497, 2.0705969568546587, 2.0940251642075363, 2.124420003485153, 2.1644564917920035, 2.2181722720789767, 2.290789838836301, 2.3880261607535056, 2.5, 2.507060381220825, 2.515448202861654, 2.525499554259319, 2.5376742336346476, 2.552623439894335, 2.571306857836605, 2.595136798485252, 2.626315701074397, 2.6678523899975675, 2.7241651462129672, 2.8008896788575135, 2.903177954732204, 3.0, 3.007153067882477, 3.015632762668972, 3.0257488156409176, 3.037914286833113, 3.05269543502558, 3.070918542667046, 3.093776417611572, 3.123021930414219, 3.1600277017525205, 3.2061458114874366, 3.2627967619613987, 3.3324679568962514, 3.4178268834410406, 3.5, 3.5070443566809932, 3.515425627195876, 3.52548044541126, 3.5376632937269443, 3.552606468993267, 3.5712136864940995, 3.594812739111586, 3.62540543839044, 3.666066798638521, 3.721527673506597, 3.798813099447826, 3.907631796048321, 4.0, 4.007345550206925, 4.0161263953827175, 4.026717098910556, 4.039632370718761, 4.055612946057421, 4.075762142190626, 4.101706307860874, 4.1358767464869235, 4.181815870280852, 4.244713961576165, 4.331155757687369, 4.44413283330866, 4.5, 4.507833138964578, 4.517285069001746, 4.528781959623323, 4.542901891041482, 4.560436434798691, 4.582457210575199, 4.610238763936877, 4.645225359449454, 4.689535819672994, 4.746266832023118, 4.817004405504705, 4.90537530629957, 5.0], "counts": [[[5.0, 3385, 2245.3073122501373]], [[5.0, 3385, 2241.178675889969]], [[5.0, 3385, 2246.6135773658752]], [[5.0, 3385, 2245.4156470298767]]]}