{"ts": [0, 0.008486312452234121, 0.019643860813801033, 0.03480523107008876, 0.05, 0.05816078549017914, 0.06873905408430694, 0.08283047006185382, 0.1, 0.10858444587366, 0.11989077939766347, 0.1353254310580634, 0.15000000000000002, 0.15726691029272646, 0.1664232527095001, 0.17822941091963068, 0.19400469892566113, 0.2, 0.20701658053548364, 0.2157807824662148, 0.22696822729639235, 0.24172326331239605, 0.25, 0.2570616174917626, 0.26589794436756, 0.2772079712594881, 0.29219136193566686, 0.30000000000000004, 0.30714911334353356, 0.3160229322716481, 0.3272054960701644, 0.34163182997204655, 0.35000000000000003, 0.35703983385523674, 0.365861982054197, 0.3771534069806793, 0.3920618135961707, 0.4, 0.4073461900130175, 0.4166274462836626, 0.4286389961663664, 0.4447688311440766, 0.45, 0.457747735617151, 0.46773773149959674, 0.4810449466472141, 0.499621106817204, 0.5], "counts": [[[0.5, 3385, 333.46031045913696]], [[0.5, 3385, 339.2451002597809]], [[0.5, 3385, 338.0956952571869]], [[0.5, 3385, 337.5740077495575]]]}