{"ts": [0, 0.007812892397894823, 0.01726279645606322, 0.02879814114813626, 0.04300958835042104, 0.06070881682299946, 0.08303714403696713, 0.1, 0.10726012166116075, 0.11591974644358088, 0.1263386492476895, 0.1390099667520211, 0.154642089589208, 0.1742806869021928, 0.19948864520493131, 0.2, 0.20717222616689068, 0.21571762937395916, 0.22598218112414845, 0.2384359868121955, 0.2537360514287709, 0.2728040662834441, 0.2969140726525534, 0.30000000000000004, 0.30749407918666777, 0.31648571699957984, 0.32736684302115726, 0.3406778906347583, 0.3571828478504979, 0.37800521994785913, 0.4, 0.40735961676852417, 0.41615708434595455, 0.4267572569936529, 0.43965591245155516, 0.4555747686412973, 0.4755129452295406, 0.5, 0.5077043610211142, 0.5169802391089314, 0.5282603820005101, 0.5421506347057266, 0.5595242720650037, 0.5816876592521056, 0.6000000000000001, 0.6070709532130949, 0.6154329953258608, 0.6253880196130207, 0.6373443354992949, 0.6518866937734713, 0.6698246624607959, 0.6923486174856717, 0.7000000000000001, 0.7083390436791699, 0.7185049820674786, 0.731029288119969, 0.7466629019128174, 0.7665107605504075, 0.7922630098834037, 0.8, 0.8075433069216594, 0.816586133343732, 0.8275197884488305, 0.8408851936863333, 0.8574548776860434, 0.8783825249999078, 0.9, 0.9080003125035636, 0.9176428971059308, 0.9293453748086775, 0.9436604718543431, 0.9613394804349636, 0.9834045815006524, 1.0], "counts": [[[1.0, 2207, 552.1691632270813]], [[1.0, 2207, 552.4358501434326]], [[1.0, 2207, 550.458601474762]], [[1.0, 2207, 551.4565346240997]]]}