{"exec_times": [3.0279159545898436e-06, 3.568141722679138, 7.188685584068298, 10.813153076171876, 14.404480421543122, 18.01097571849823, 21.59703097343445, 25.19478940963745, 28.832613861560823, 32.47449678182602, 36.10578420162201, 39.684848594665525, 43.25748738050461, 46.87064626216888, 50.457733917236325, 54.04121437072754, 57.663474321365356, 61.27301629781723, 64.86042369604111, 68.45046043395996, 72.05176035165786, 75.65970944166183, 79.3028932094574, 82.9010673046112, 86.47434185743332, 90.06968848705291, 93.6631796002388, 97.25334329605103, 100.82866424322128, 104.45668585300446, 108.05991624593734, 111.65214997529984, 115.24472515583038, 118.86004635095597, 122.45975422859192, 126.06098852157592, 129.64462877511977, 133.22935916185378, 136.87430344820024, 140.48572909832, 144.07100858688355, 147.65468089580537, 151.24823619127272, 154.839199924469, 158.42664448022842, 162.0143013715744, 165.63637893199922, 169.23055728673936, 172.85446039438247, 176.44664075374604, 180.0443262934685, 183.66839123964309, 187.31285115480424, 190.95473983287812, 194.59247994422913, 198.19194947481157, 201.79047107696533, 205.38652901649476, 208.9864601969719, 212.5776110291481, 216.16085149049758, 219.75686144828796], "min_exec_times": [2.6226043701171875e-06, 3.487699031829834, 7.046164274215698, 10.563359022140503, 14.081579208374023, 17.56277847290039, 21.06742262840271, 24.579962491989136, 28.106521606445312, 31.6246497631073, 35.34475517272949, 38.90829920768738, 42.376824378967285, 45.89520716667175, 49.39525556564331, 52.91232872009277, 56.48854732513428, 59.99672341346741, 63.48025608062744, 67.02794599533081, 70.79551434516907, 74.50477719306946, 77.97649264335632, 81.48375749588013, 84.9758894443512, 88.60135459899902, 92.19017291069031, 95.6881787776947, 99.1607506275177, 102.76318216323853, 106.30948257446289, 109.80426216125488, 113.3760917186737, 116.9131760597229, 120.46038675308228, 123.94662189483643, 127.45650100708008, 130.95794939994812, 134.47196102142334, 137.9942011833191, 141.47684574127197, 144.99113249778748, 148.49359321594238, 152.0174379348755, 155.53449940681458, 159.04787945747375, 162.69023990631104, 166.2072103023529, 170.07512784004211, 173.60422825813293, 177.11416959762573, 180.79752612113953, 184.27889895439148, 187.7970507144928, 191.3248414993286, 194.8511300086975, 198.36452889442444, 201.87904405593872, 205.37580561637878, 208.90862584114075, 212.41141629219055, 215.9354066848755], "max_exec_times": [6.4373016357421875e-06, 7.048035144805908, 14.49393606185913, 21.84627604484558, 29.147351503372192, 36.32523512840271, 43.5355167388916, 50.78947401046753, 58.042129039764404, 65.32312870025635, 72.5606746673584, 79.73623275756836, 86.869300365448, 94.1041328907013, 101.46141767501831, 108.4743664264679, 115.61607336997986, 122.88932919502258, 130.1295130252838, 137.52059245109558, 144.67182755470276, 151.6246302127838, 159.2305407524109, 166.29844164848328, 173.71505761146545, 181.09081387519836, 188.22209787368774, 195.43619656562805, 202.6778690814972, 210.20762705802917, 217.52932500839233, 224.81438827514648, 232.10145449638367, 239.59503936767578, 247.04466009140015, 254.53021430969238, 261.9288704395294, 269.3084981441498, 276.9034774303436, 284.2249219417572, 291.65384221076965, 298.9747278690338, 306.45821356773376, 313.85512042045593, 321.2789855003357, 328.7311248779297, 336.26509189605713, 343.8041226863861, 351.16769218444824, 358.60296392440796, 365.93600606918335, 373.28477358818054, 381.16674757003784, 388.6099953651428, 396.33119463920593, 403.6427233219147, 410.97862815856934, 418.33139872550964, 425.7794735431671, 432.8551535606384, 440.4169306755066, 447.99958896636963], "F_evals": [1.1364877161055504, 2.2729754322111013, 3.4367606915377618, 4.6073703366697, 5.784804367606915, 6.784804367606915, 7.784804367606915, 8.784804367606915, 9.784804367606915, 10.784804367606915, 11.784804367606915, 12.784804367606915, 13.784804367606915, 14.784804367606915, 15.784804367606915, 16.784804367606917, 17.784804367606917, 18.784804367606917, 19.784804367606917, 20.784804367606917, 21.784804367606917, 22.784804367606917, 23.784804367606917, 24.784804367606917, 25.784804367606917, 26.784804367606917, 27.784804367606917, 28.784804367606917, 29.784804367606917, 30.784804367606917, 31.784804367606917, 32.78480436760692, 33.78480436760692, 34.78480436760692, 35.78480436760692, 36.78480436760692, 37.78480436760692, 38.78480436760692, 39.78480436760692, 40.78480436760692, 41.78480436760692, 42.78480436760692, 43.78480436760692, 44.78480436760692, 45.78480436760692, 46.78480436760692, 47.78480436760692, 48.78480436760692, 49.78480436760692, 50.78480436760692, 51.78480436760692, 52.78480436760692, 53.78480436760692, 54.78480436760692, 55.78480436760692, 56.78480436760692, 57.78480436760692, 58.78480436760692, 59.78480436760692, 60.78480436760692, 61.78480436760692, 62.78480436760692], "A_evals": [1.0, 2.0, 3.0, 4.0, 5.0, 6.0, 7.0, 8.0, 9.0, 10.0, 11.0, 12.0, 13.0, 14.0, 15.0, 16.0, 17.0, 18.0, 19.0, 20.0, 21.0, 22.0, 23.0, 24.0, 25.0, 26.0, 27.0, 28.0, 29.0, 30.0, 31.0, 32.0, 33.0, 34.0, 35.0, 36.0, 37.0, 38.0, 39.0, 40.0, 41.0, 42.0, 43.0, 44.0, 45.0, 46.0, 47.0, 48.0, 49.0, 50.0, 51.0, 52.0, 53.0, 54.0, 55.0, 56.0, 57.0, 58.0, 59.0, 60.0, 61.0, 62.0], "ts": [0, 0.026675769335887025, 0.06357786843496753, 0.1072778359348209, 0.15582268947532496, 0.2080663667926497, 0.26326199333345934, 0.3214047811285311, 0.3812826918628567, 0.44256349632845504, 0.5049575503455273, 0.5682581116444592, 0.6323095793176935, 0.6969920024734713, 0.7622109055722823, 0.827890885888387, 0.8939711730351565, 0.9602903459455461, 1.0268152138940478, 1.0935298858461693, 1.1604220542572732, 1.2274788567216286, 1.2946854378931143, 1.3620334156046285, 1.429507019175159, 1.4971033565189331, 1.5648202099718107, 1.6326558647254463, 1.7006089717550366, 1.7686784257538988, 1.8368531566714146, 1.9051214754166383, 1.973483298534062, 2.0419384591253045, 2.1104866541670253, 2.179127490927528, 2.2478449558707667, 2.3166382397914096, 2.3855072475070283, 2.454451835126574, 2.523448376555953, 2.5924859155986097, 2.6615631400708337, 2.7306788138863065, 2.7998291725830065, 2.868988936145591, 2.9381573235371774, 3.0073336069088787, 3.0765171048978868, 3.145707179123097, 3.2149032386148813, 3.2841047310256393, 3.3533111366630313, 3.4225219645172755, 3.49173674927313, 3.5609550489509827, 3.630176442992149, 3.6994005306774977, 3.768626929804976, 3.837855275572191, 3.907085219623236, 3.9763164292278983, 4.0]}