{"ts": [0, 0.008490150508311818, 0.019653109205137843, 0.03482262968782671, 0.056600966992880405, 0.09127511091888238, 0.1, 0.10816539940391265, 0.11875042446707477, 0.13285202118222175, 0.15252250755078217, 0.18186770457585108, 0.2, 0.20858857626415153, 0.21990098992317622, 0.23534557484691385, 0.25783729378941, 0.293317041050638, 0.30000000000000004, 0.3072707748456655, 0.316433427751888, 0.3282507294939182, 0.3440482352690498, 0.36645023638738966, 0.4, 0.40701959611050126, 0.4157877410122958, 0.4269806848477799, 0.44174429154075895, 0.4622489584335027, 0.49289783570827844, 0.5, 0.5070641086207269, 0.515903850178453, 0.5272197367428688, 0.5422155569048758, 0.5632482965878716, 0.5954416531426282, 0.6000000000000001, 0.6071521428235503, 0.6160308789772198, 0.6272225115585247, 0.6416663742872942, 0.6610044054794613, 0.6882750982074682, 0.7000000000000001, 0.7070431380445281, 0.7158695397027258, 0.7271670184950476, 0.7420850418411875, 0.7627712072607103, 0.7939588811861952, 0.8, 0.8073493255672926, 0.8166348053786501, 0.8286524306667999, 0.8447920233046171, 0.8678648128220727, 0.9, 0.9077837041874482, 0.9178550712232338, 0.9313153747574635, 0.9501843792401088, 0.9786995006041931, 1.0], "counts": [[[1.0, 3385, 200.22936844825745]], [[1.0, 3385, 200.16396760940552]], [[1.0, 3385, 198.52839875221252]], [[1.0, 3385, 198.23413276672363]]]}