{"ts": [0, 0.008340189497816604, 0.016680378995633207, 0.02502056849344981, 0.033360757991266414, 0.04170094748908302, 0.050041136986899624, 0.05838132648471623, 0.06672151598253283, 0.07506170548034943, 0.08340189497816604, 0.09174208447598264, 0.1, 0.10834018949781661, 0.11668037899563322, 0.1250205684934498, 0.1333607579912664, 0.141700947489083, 0.15004113698689958, 0.15838132648471617, 0.16672151598253276, 0.17506170548034936, 0.18340189497816595, 0.19174208447598254, 0.2, 0.2083401894978166, 0.2166803789956332, 0.22502056849344979, 0.23336075799126638, 0.24170094748908297, 0.25004113698689956, 0.2583813264847162, 0.2667215159825328, 0.2750617054803494, 0.28340189497816604, 0.29174208447598265, 0.30000000000000004, 0.30834018949781666, 0.3166803789956333, 0.3250205684934499, 0.3333607579912665, 0.34170094748908314, 0.35004113698689976, 0.3583813264847164, 0.366721515982533, 0.3750617054803496, 0.38340189497816624, 0.39174208447598285, 0.4, 0.40834018949781664, 0.41668037899563326, 0.4250205684934499, 0.4333607579912665, 0.4417009474890831, 0.45004113698689974, 0.45838132648471636, 0.466721515982533, 0.4750617054803496, 0.4834018949781662, 0.49174208447598283, 0.5, 0.5083401894978166, 0.5166803789956331, 0.5250205684934497, 0.5333607579912663, 0.5417009474890828, 0.5500411369868994, 0.558381326484716, 0.5667215159825325, 0.5750617054803491, 0.5834018949781656, 0.5917420844759822, 0.6000000000000001, 0.6083401894978167, 0.6166803789956332, 0.6250205684934498, 0.6333607579912663, 0.6417009474890829, 0.6500411369868995, 0.658381326484716, 0.6667215159825326, 0.6750617054803492, 0.6834018949781657, 0.6917420844759823, 0.7000000000000001, 0.7083401894978166, 0.7166803789956332, 0.7250205684934498, 0.7333607579912663, 0.7417009474890829, 0.7500411369868994, 0.758381326484716, 0.7667215159825326, 0.7750617054803491, 0.7834018949781657, 0.7917420844759823, 0.8, 0.8083401894978166, 0.8166803789956332, 0.8250205684934497, 0.8333607579912663, 0.8417009474890829, 0.8500411369868994, 0.858381326484716, 0.8667215159825326, 0.8750617054803491, 0.8834018949781657, 0.8917420844759822, 0.9, 0.9083401894978166, 0.9166803789956331, 0.9250205684934497, 0.9333607579912663, 0.9417009474890828, 0.9500411369868994, 0.958381326484716, 0.9667215159825325, 0.9750617054803491, 0.9834018949781657, 0.9917420844759822, 1.0], "counts": [[[1.0, 2754, 124.6015248298645]], [[1.0, 2754, 124.61712408065796]], [[1.0, 2754, 124.18683505058289]], [[1.0, 2754, 124.47568941116333]]]}