{"ts": [0, 0.008466271609865047, 0.019561465607861532, 0.03437117735914382, 0.05488400122924533, 0.0850574577194082, 0.1, 0.1081121061230824, 0.11862734324147994, 0.1326726361029137, 0.1524149585697135, 0.18225756559377204, 0.2, 0.2080905589388282, 0.2185752378489455, 0.23258838655172703, 0.252324444774527, 0.2829819566460584, 0.30000000000000004, 0.3073430567581729, 0.3166163270545976, 0.32860319743559113, 0.34466519251035754, 0.3675351813974269, 0.4, 0.4074641714734193, 0.416928354457732, 0.42922059743613133, 0.4457992091133241, 0.46951797459235406, 0.5, 0.5072614119369003, 0.5164088130287561, 0.5282142022988965, 0.5440288051433739, 0.566579827763145, 0.6000000000000001, 0.6071746588847505, 0.6161857604397287, 0.6277685248114269, 0.643192196517318, 0.6650244644281235, 0.6988484447408644, 0.7000000000000001, 0.7074766282210248, 0.7169599809593304, 0.7292965656184175, 0.7460084164956926, 0.7703231778670435, 0.8, 0.8075433221931339, 0.8171285399455547, 0.8296298651296237, 0.8465488497125309, 0.8707934902172061, 0.9, 0.9083677136376237, 0.9193046422416074, 0.9340634828055703, 0.9551440905051621, 0.9874709831682756, 1.0], "counts": [[[1.0, 4106, 282.1226146221161]], [[1.0, 4106, 280.8462827205658]], [[1.0, 4106, 281.4430425167084]], [[1.0, 4106, 281.3782455921173]]]}