{"exec_times": [3.3855438232421873e-06, 1.8366694808006288, 3.602990198135376, 5.38964192867279, 7.206102252006531, 9.061112082004547, 11.0221999168396, 13.205168986320496, 15.878041398525237, 17.61698521375656, 26.019115364551546, 33.244626474380496, 45.64926435947418], "min_exec_times": [2.6226043701171875e-06, 1.7232096195220947, 3.4766147136688232, 5.215696334838867, 6.977029800415039, 8.777937173843384, 10.723471403121948, 12.874887228012085, 15.49601411819458, 17.21653914451599, 25.359055042266846, 32.42976665496826, 44.843533754348755], "max_exec_times": [5.7220458984375e-06, 3.5575315952301025, 7.073887825012207, 10.673851728439331, 14.273065328598022, 18.028738260269165, 22.01672673225403, 26.429508447647095, 31.83872079849243, 35.27737021446228, 52.18523097038269, 66.39254260063171, 91.49248766899109], "F_evals": [2.1364877161055507, 4.395814376706096, 6.566424021838034, 9.030482256596907, 12.463603275705186, 16.947679708826204, 22.64649681528662, 30.099181073703363, 32.76797088262056, 47.038216560509554, 59.93676069153776, 76.90946314831666, 93.90946314831666], "A_evals": [0.0, 0.0, 0.0, 0.0, 0.0, 0.0, 0.0, 0.0, 0.0, 0.0, 0.0, 0.0, 0.0, 0.0], "ts": [0, 0.02668725328628077, 0.077007367116698, 0.1847347730873771, 0.31195729493571533, 0.7565893416173306, 1.0402703658485262, 1.446089987987144, 1.8831957158773136, 2.0756196465004564, 2.8082683736582394, 3.064888093480448, 3.8258558672069944, 4.0]}