{"ts": [0, 0.008461501170809814, 0.019549935015217693, 0.034351868496296206, 0.05485250896534572, 0.08500461361333918, 0.13185933167823483, 0.188816106242313, 0.25015595362403226, 0.3149647532907782, 0.38250960806382805, 0.45238292189339047, 0.5, 0.5081082902094964, 0.5186183379761992, 0.5326561573202455, 0.5523877079784961, 0.582208434982666, 0.6303409436827994, 0.682766691583525, 0.7381616097676718, 0.7959025258307423, 0.8554074454886601, 0.9162411407845613, 0.9781066803526951, 1.0, 1.0080906802152994, 1.0185770085304915, 1.0326019305910619, 1.052381923046467, 1.0832167105086306, 1.1303199214102728, 1.1809476576417302, 1.2342090236117615, 1.28958549697999, 1.346526885573191, 1.4047429455760836, 1.4640041408489008, 1.5, 1.5073447534364595, 1.5166243928229903, 1.5286291379900014, 1.544735091881882, 1.5677086100861968, 1.6042540895261521, 1.6477294017174706, 1.693674195117876, 1.7416670815697257, 1.79141259996674, 1.8426643375060565, 1.8952162036576528, 1.948896178265872, 2.0, 2.0074587761041838, 2.0169189971967074, 2.0292112109434295, 2.0458134594888153, 2.069620235771343, 2.1076564505663056, 2.159581789326791, 2.2147217691000813, 2.27226803036945, 2.330748762251882, 2.389700236800746, 2.449081412530197, 2.5, 2.507278563385366, 2.5164584696772234, 2.5283449299583474, 2.5443560038313184, 2.567397255179987, 2.6040981499319598, 2.6491370780018957, 2.697573705521913, 2.749012834283648, 2.8031628730578895, 2.8597315320577907, 2.9176811638424933, 2.976872989241967, 3.0, 3.007170580404095, 3.0161794214925584, 3.027766944660775, 3.0432287139036185, 3.065167383882001, 3.099281526627757, 3.145173309329866, 3.194366732721498, 3.246234266906398, 3.3003475496094143, 3.3563076057929644, 3.4138042395434063, 3.4725807687738244, 3.5, 3.507472516431474, 3.516955248321619, 3.5293044161509215, 3.546074216590489, 3.57058162560234, 3.6103688501470454, 3.656130066692276, 3.7047180914995463, 3.755562498218339, 3.8082271240147456, 3.862352485638826, 3.917651429400573, 3.973893098265599, 4.0, 4.007529644564555, 4.017094304552188, 4.029567793261747, 4.046431630922574, 4.070563641314301, 4.108537050486362, 4.164907159435393, 4.2235398189229185, 4.282597032000609, 4.342083387818405, 4.401998604141552, 4.462335406347625, 4.5, 4.508363076698745, 4.519285610592396, 4.533996791492913, 4.554904061022479, 4.587037551947485, 4.633957349717658, 4.683835126150529, 4.735792241954687, 4.789352311400257, 4.844143615575308, 4.899878057243513, 4.956355676852177, 5.0], "counts": [[[5.0, 4106, 1502.414020061493]], [[5.0, 4106, 1505.0729825496674]], [[5.0, 4106, 1506.624747991562]], [[5.0, 4106, 1510.083034992218]]]}