{"EF_glob_adap_acc": [0.007346669634558047, 0.0074653122419883755, 0.0074660748549417845, 0.007468384728669029, 0.007468384728669576, 0.007468379110658757, 0.007468379110659032, 0.007468379110659032, 0.007468379110658138], "EF_glob_adap_stab": [0.007343050288265376, 0.007462059943275386, 0.0074628111900528135, 0.007465098855505609, 0.007465098855505605, 0.007465093531109244, 0.007465093531109248, 0.007465093531109248, 0.0074650935311092485], "EF_local_adap": [0.02745070605476043, 0.02556288238854169, 0.025564269555274115, 0.025564321747756674, 0.025564321747756653, 0.025564321747756653, 0.025564321747756674, 0.025564321747756674, 0.02556432174775667], "EB_global_adap": [0.007343050288265376, 0.007462059943275386, 0.0074628111900528135, 0.007465098855505609, 0.007465098855505605, 0.007465093531109244, 0.007465093531109248, 0.007465093531109248, 0.0074650935311092485]}