{"0": [[4.8656873447791416, 100, 0.38152170181274414], [5.921037915622, 200, 0.9944522380828857], [6.577932346531841, 300, 2.294513702392578], [7.000598362113847, 400, 4.448535919189453], [7.398588870568166, 500, 7.915419340133667], [7.707135445836559, 600, 12.862120389938354], [7.9545849394559704, 700, 19.745166063308716], [8.16479297078632, 800, 28.737931966781616], [8.349644322122737, 900, 41.88756561279297], [8.503935251937747, 1000, 62.627756118774414]], "1": [[4.8656873447791416, 100, 0.25702524185180664], [5.921037915622, 200, 0.9086811542510986], [6.577932346531841, 300, 2.365429401397705], [7.000598362113847, 400, 4.548665761947632], [7.398588870568166, 500, 7.932925701141357], [7.707135445836559, 600, 12.95532488822937], [7.9545849394559704, 700, 19.63143539428711], [8.16479297078632, 800, 28.762112140655518], [8.349644322122737, 900, 41.61939287185669], [8.503935251937747, 1000, 58.44035983085632]], "2": [[4.8656873447791416, 100, 0.28853368759155273], [5.921037915622, 200, 0.9675538539886475], [6.577932346531841, 300, 2.3570284843444824], [7.000598362113847, 400, 4.823671340942383], [7.398588870568166, 500, 8.397306442260742], [7.707135445836559, 600, 13.528709173202515], [7.9545849394559704, 700, 21.177584648132324], [8.16479297078632, 800, 31.019798517227173], [8.349644322122737, 900, 48.09839463233948], [8.503935251937747, 1000, 69.94180226325989]], "3": [[4.8656873447791416, 100, 0.28092050552368164], [5.921037915622, 200, 0.9417438507080078], [6.577932346531841, 300, 2.286489963531494], [7.000598362113847, 400, 4.531242609024048], [7.398588870568166, 500, 8.257328033447266], [7.707135445836559, 600, 13.583733320236206], [7.9545849394559704, 700, 20.96679925918579], [8.16479297078632, 800, 30.66690945625305], [8.349644322122737, 900, 48.14675283432007], [8.503935251937747, 1000, 69.73195004463196]], "4": [[4.8656873447791416, 100, 0.29713916778564453], [5.921037915622, 200, 0.9913120269775391], [6.577932346531841, 300, 2.5797626972198486], [7.000598362113847, 400, 4.937411785125732], [7.398588870568166, 500, 8.581406593322754], [7.707135445836559, 600, 14.066980123519897], [7.9545849394559704, 700, 21.31499981880188], [8.16479297078632, 800, 31.0392746925354], [8.349644322122737, 900, 48.09972906112671], [8.503935251937747, 1000, 68.84386038780212]]}