{"0": [[39.40546973388858, 10, 0.20792222023010254], [125.10803886317059, 20, 1.4812545776367188], [285.488979735849, 30, 4.992703914642334], [466.3918508437705, 40, 10.533462762832642], [657.4092463817575, 50, 17.852572441101074], [899.745926990234, 60, 29.19232153892517]], "1": [[39.40546973388858, 10, 0.20920658111572266], [125.10803886317059, 20, 1.5448813438415527], [285.488979735849, 30, 5.189248561859131], [466.3918508437705, 40, 10.911043643951416], [657.4092463817575, 50, 18.51591730117798], [899.745926990234, 60, 30.064252138137817]], "2": [[39.40546973388858, 10, 0.21000194549560547], [125.10803886317059, 20, 1.547753095626831], [285.488979735849, 30, 5.184743881225586], [466.3918508437705, 40, 10.906916618347168], [657.4092463817575, 50, 18.472023963928223], [899.745926990234, 60, 29.977694034576416]], "3": [[39.40546973388858, 10, 0.20895743370056152], [125.10803886317059, 20, 1.5300102233886719], [285.488979735849, 30, 5.179267883300781], [466.3918508437705, 40, 10.929609537124634], [657.4092463817575, 50, 18.485856533050537], [899.745926990234, 60, 30.044113636016846]], "4": [[39.40546973388858, 10, 0.2094271183013916], [125.10803886317059, 20, 1.5314922332763672], [285.488979735849, 30, 5.224743604660034], [466.3918508437705, 40, 10.948394536972046], [657.4092463817575, 50, 18.5256290435791], [899.745926990234, 60, 30.019095182418823]]}