{"0": [[29.40102254137697, 100, 1.3327291011810303], [57.36751408819946, 200, 3.4478518962860107], [82.21420666644063, 300, 8.29648232460022], [109.16202579534144, 400, 17.110862255096436], [138.5072132953762, 500, 32.36509132385254], [167.23820573118368, 600, 55.1724066734314], [196.67084501716153, 700, 88.82178115844727], [224.22851961367027, 800, 133.51049971580505], [251.38189670382644, 900, 191.44797658920288], [277.3429359613874, 1000, 281.51651430130005]], "1": [[29.40102254137697, 100, 0.5044410228729248], [57.36751408819946, 200, 2.603283166885376], [82.21420666644063, 300, 7.370504379272461], [109.16202579534144, 400, 16.981382608413696], [138.5072132953762, 500, 32.08077907562256], [167.23820573118368, 600, 54.663283586502075], [196.67084501716153, 700, 89.0479805469513], [224.22851961367027, 800, 133.3220829963684], [251.38189670382644, 900, 195.79390358924866], [277.3429359613874, 1000, 280.52472019195557]], "2": [[29.40102254137697, 100, 0.5495240688323975], [57.36751408819946, 200, 2.6690895557403564], [82.21420666644063, 300, 7.49570894241333], [109.16202579534144, 400, 17.237409591674805], [138.5072132953762, 500, 32.83343267440796], [167.23820573118368, 600, 56.1356155872345], [196.67084501716153, 700, 90.59883069992065], [224.22851961367027, 800, 135.7798309326172], [251.38189670382644, 900, 214.0445854663849], [277.3429359613874, 1000, 312.7207467556]], "3": [[29.40102254137697, 100, 0.5729327201843262], [57.36751408819946, 200, 2.756385564804077], [82.21420666644063, 300, 7.7347092628479], [109.16202579534144, 400, 16.62695813179016], [138.5072132953762, 500, 32.082834243774414], [167.23820573118368, 600, 55.45280313491821], [196.67084501716153, 700, 89.30867743492126], [224.22851961367027, 800, 135.18457531929016], [251.38189670382644, 900, 213.37464904785156], [277.3429359613874, 1000, 315.1225049495697]], "4": [[29.40102254137697, 100, 0.5991160869598389], [57.36751408819946, 200, 2.792017698287964], [82.21420666644063, 300, 7.710678815841675], [109.16202579534144, 400, 16.640599966049194], [138.5072132953762, 500, 32.21794247627258], [167.23820573118368, 600, 54.71783113479614], [196.67084501716153, 700, 89.77674865722656], [224.22851961367027, 800, 134.40376710891724], [251.38189670382644, 900, 212.59458184242249], [277.3429359613874, 1000, 313.67804312705994]]}