{"0": [[29.40102254137697, 100, 5.689626693725586], [57.36751408819946, 200, 13.830667495727539], [82.21420666644063, 300, 25.46529507637024], [109.16202579534144, 400, 36.914719343185425], [138.5072132953762, 500, 48.862847089767456], [167.23820573118368, 600, 65.24538707733154], [196.67084501716153, 700, 94.21979451179504], [224.22851961367027, 800, 162.80329990386963], [251.38189670382644, 900, 246.0553822517395], [277.3429359613874, 1000, 343.8243501186371]], "1": [[29.40102254137697, 100, 4.724684238433838], [57.36751408819946, 200, 13.105848789215088], [82.21420666644063, 300, 25.053166389465332], [109.16202579534144, 400, 36.97111439704895], [138.5072132953762, 500, 49.28741240501404], [167.23820573118368, 600, 68.73936080932617], [196.67084501716153, 700, 96.60420989990234], [224.22851961367027, 800, 165.0566487312317], [251.38189670382644, 900, 250.88270473480225], [277.3429359613874, 1000, 348.2590219974518]], "2": [[29.40102254137697, 100, 4.798927068710327], [57.36751408819946, 200, 13.223453283309937], [82.21420666644063, 300, 27.421717643737793], [109.16202579534144, 400, 39.540940046310425], [138.5072132953762, 500, 52.07200002670288], [167.23820573118368, 600, 71.5498914718628], [196.67084501716153, 700, 98.52784037590027], [224.22851961367027, 800, 165.74256682395935], [251.38189670382644, 900, 250.80490684509277], [277.3429359613874, 1000, 344.5511574745178]], "3": [[29.40102254137697, 100, 4.755556344985962], [57.36751408819946, 200, 13.166291236877441], [82.21420666644063, 300, 25.255560159683228], [109.16202579534144, 400, 39.46703219413757], [138.5072132953762, 500, 52.22155165672302], [167.23820573118368, 600, 72.05425095558167], [196.67084501716153, 700, 99.89808893203735], [224.22851961367027, 800, 168.44587635993958], [251.38189670382644, 900, 253.88248014450073], [277.3429359613874, 1000, 350.5498778820038]], "4": [[29.40102254137697, 100, 4.762990951538086], [57.36751408819946, 200, 13.25361967086792], [82.21420666644063, 300, 25.27073311805725], [109.16202579534144, 400, 39.05660843849182], [138.5072132953762, 500, 51.11885094642639], [167.23820573118368, 600, 70.04849028587341], [196.67084501716153, 700, 96.64818358421326], [224.22851961367027, 800, 164.65170979499817], [251.38189670382644, 900, 249.4710214138031], [277.3429359613874, 1000, 343.015939950943]]}