{"0": [[57.36751408819946, 200, 9.651655912399292], [109.16202579534144, 400, 22.295552730560303], [167.23820573118368, 600, 42.53446888923645], [224.22851961367027, 800, 72.93632173538208], [277.3429359613874, 1000, 114.28712797164917], [325.0912656540769, 1200, 164.95339488983154], [377.89499231121977, 1400, 237.81164598464966], [430.84477229213235, 1600, 329.6632332801819], [477.5092719263614, 1800, 429.63991236686707], [529.660514104427, 2000, 563.8906149864197]], "1": [[57.36751408819946, 200, 9.667803764343262], [109.16202579534144, 400, 22.358086585998535], [167.23820573118368, 600, 42.592289209365845], [224.22851961367027, 800, 73.0557451248169], [277.3429359613874, 1000, 114.39392733573914], [325.0912656540769, 1200, 165.0955467224121], [377.89499231121977, 1400, 237.9291353225708], [430.84477229213235, 1600, 329.8909661769867], [477.5092719263614, 1800, 429.8109254837036], [529.660514104427, 2000, 564.5268890857697]], "2": [[57.36751408819946, 200, 9.683179140090942], [109.16202579534144, 400, 22.346524238586426], [167.23820573118368, 600, 42.647032260894775], [224.22851961367027, 800, 73.14651370048523], [277.3429359613874, 1000, 114.32929968833923], [325.0912656540769, 1200, 164.9316155910492], [377.89499231121977, 1400, 237.87566685676575], [430.84477229213235, 1600, 329.91698002815247], [477.5092719263614, 1800, 430.05692958831787], [529.660514104427, 2000, 564.3770000934601]], "3": [[57.36751408819946, 200, 9.661486625671387], [109.16202579534144, 400, 22.349731922149658], [167.23820573118368, 600, 42.63920259475708], [224.22851961367027, 800, 73.05164623260498], [277.3429359613874, 1000, 114.3572793006897], [325.0912656540769, 1200, 165.21636247634888], [377.89499231121977, 1400, 238.41971564292908], [430.84477229213235, 1600, 330.5305745601654], [477.5092719263614, 1800, 430.7737431526184], [529.660514104427, 2000, 565.2420587539673]], "4": [[57.36751408819946, 200, 9.686429500579834], [109.16202579534144, 400, 22.331478595733643], [167.23820573118368, 600, 42.626830101013184], [224.22851961367027, 800, 73.10189509391785], [277.3429359613874, 1000, 114.29944324493408], [325.0912656540769, 1200, 164.9853754043579], [377.89499231121977, 1400, 237.78655338287354], [430.84477229213235, 1600, 329.6978588104248], [477.5092719263614, 1800, 429.9160816669464], [529.660514104427, 2000, 564.3257374763489]]}