{"0": [[67.47110253384162, 100, 2.8564493656158447], [145.74914645627524, 200, 17.361385345458984], [222.95055190357058, 300, 54.154335498809814], [313.514878068859, 400, 129.49673914909363], [414.46688371307226, 500, 288.9176697731018], [527.0349424782104, 600, 587.9828495979309], [647.2723754140295, 700, 1044.0344822406769], [747.2182964798678, 800, 1637.710191488266], [863.3613096832378, 900, 2492.251304626465], [971.5562854296409, 1000, 3544.67702627182]], "1": [[67.47110253384162, 100, 2.8952367305755615], [145.74914645627524, 200, 17.439475536346436], [222.95055190357058, 300, 52.31386756896973], [313.514878068859, 400, 127.81366491317749], [414.46688371307226, 500, 282.21924662590027], [527.0349424782104, 600, 570.937390089035], [647.2723754140295, 700, 1012.1790037155151], [747.2182964798678, 800, 1616.6158771514893], [863.3613096832378, 900, 2485.187761068344], [971.5562854296409, 1000, 3562.242639064789]], "2": [[67.47110253384162, 100, 2.8462681770324707], [145.74914645627524, 200, 20.93955397605896], [222.95055190357058, 300, 56.378838777542114], [313.514878068859, 400, 132.82403802871704], [414.46688371307226, 500, 279.77151012420654], [527.0349424782104, 600, 530.4846935272217], [647.2723754140295, 700, 923.3789608478546], [747.2182964798678, 800, 1567.0795438289642], [863.3613096832378, 900, 2484.814658164978], [971.5562854296409, 1000, 3565.9741446971893]], "3": [[67.47110253384162, 100, 3.0002121925354004], [145.74914645627524, 200, 17.955859899520874], [222.95055190357058, 300, 53.427433013916016], [313.514878068859, 400, 129.68491625785828], [414.46688371307226, 500, 276.89976692199707], [527.0349424782104, 600, 524.0892648696899], [647.2723754140295, 700, 918.3007655143738], [747.2182964798678, 800, 1565.5246093273163], [863.3613096832378, 900, 2477.9649245738983], [971.5562854296409, 1000, 3558.136187314987]], "4": [[67.47110253384162, 100, 2.927967071533203], [145.74914645627524, 200, 17.68957805633545], [222.95055190357058, 300, 53.417590379714966], [313.514878068859, 400, 130.05735683441162], [414.46688371307226, 500, 278.4629805088043], [527.0349424782104, 600, 545.2256855964661], [647.2723754140295, 700, 995.3561153411865], [747.2182964798678, 800, 1592.238708972931], [863.3613096832378, 900, 2465.774924516678], [971.5562854296409, 1000, 3539.0185606479645]]}