{"0": [[39.40546973388858, 10, 0.1155538558959961], [125.10803886317059, 20, 0.6958458423614502], [285.488979735849, 30, 2.1304142475128174], [466.3918508437705, 40, 4.474666118621826], [657.4092463817575, 50, 7.8398683071136475], [899.745926990234, 60, 13.244998931884766]], "1": [[39.40546973388858, 10, 0.11688804626464844], [125.10803886317059, 20, 0.6916279792785645], [285.488979735849, 30, 2.1265289783477783], [466.3918508437705, 40, 4.4878480434417725], [657.4092463817575, 50, 7.802710294723511], [899.745926990234, 60, 13.013226747512817]], "2": [[39.40546973388858, 10, 0.12089967727661133], [125.10803886317059, 20, 0.7083580493927002], [285.488979735849, 30, 2.193026542663574], [466.3918508437705, 40, 4.592123508453369], [657.4092463817575, 50, 7.910254240036011], [899.745926990234, 60, 13.083100318908691]], "3": [[39.40546973388858, 10, 0.11262655258178711], [125.10803886317059, 20, 0.6804251670837402], [285.488979735849, 30, 2.114077568054199], [466.3918508437705, 40, 4.464165210723877], [657.4092463817575, 50, 7.775976896286011], [899.745926990234, 60, 13.139362335205078]], "4": [[39.40546973388858, 10, 0.11246204376220703], [125.10803886317059, 20, 0.6800544261932373], [285.488979735849, 30, 2.1136467456817627], [466.3918508437705, 40, 4.456109523773193], [657.4092463817575, 50, 7.796386957168579], [899.745926990234, 60, 12.973067283630371]]}