{"0": [[194.5223258186835, 10, 0.19593191146850586]], "1": [[194.5223258186835, 10, 0.167464017868042]], "2": [[194.5223258186835, 10, 0.16740727424621582]], "3": [[194.5223258186835, 10, 0.16778993606567383]], "4": [[194.5223258186835, 10, 0.17932844161987305]]}