{"0": [[194.5223258186835, 10, 2.659871816635132]], "1": [[194.5223258186835, 10, 2.6393792629241943]], "2": [[194.5223258186835, 10, 2.6589958667755127]], "3": [[194.5223258186835, 10, 2.6575942039489746]], "4": [[194.5223258186835, 10, 2.600917100906372]]}