{"0": [[67.47110253384162, 100, 5.521280765533447], [145.74914645627524, 200, 27.278926610946655], [222.95055190357058, 300, 78.0652585029602], [313.514878068859, 400, 157.23822116851807], [414.46688371307226, 500, 298.2855443954468], [527.0349424782104, 600, 598.834794998169], [647.2723754140295, 700, 1079.66463637352], [747.2182964798678, 800, 1638.1041984558105], [863.3613096832378, 900, 2487.348290205002], [971.5562854296409, 1000, 3522.4159450531006]], "1": [[67.47110253384162, 100, 5.425356864929199], [145.74914645627524, 200, 27.398992776870728], [222.95055190357058, 300, 75.46090841293335], [313.514878068859, 400, 158.9563775062561], [414.46688371307226, 500, 298.0684435367584], [527.0349424782104, 600, 596.1907682418823], [647.2723754140295, 700, 1093.345520734787], [747.2182964798678, 800, 1657.5720434188843], [863.3613096832378, 900, 2497.0160496234894], [971.5562854296409, 1000, 3511.404522418976]], "2": [[67.47110253384162, 100, 5.480233430862427], [145.74914645627524, 200, 27.063068151474], [222.95055190357058, 300, 73.46463680267334], [313.514878068859, 400, 153.71646308898926], [414.46688371307226, 500, 289.3167119026184], [527.0349424782104, 600, 577.6215891838074], [647.2723754140295, 700, 1051.3915302753448], [747.2182964798678, 800, 1605.5219941139221], [863.3613096832378, 900, 2452.979649543762], [971.5562854296409, 1000, 3493.963145971298]], "3": [[67.47110253384162, 100, 5.517023086547852], [145.74914645627524, 200, 27.36515498161316], [222.95055190357058, 300, 74.64541554450989], [313.514878068859, 400, 157.50824332237244], [414.46688371307226, 500, 297.48600339889526], [527.0349424782104, 600, 595.6453139781952], [647.2723754140295, 700, 1089.27450466156], [747.2182964798678, 800, 1651.348731994629], [863.3613096832378, 900, 2494.1147475242615], [971.5562854296409, 1000, 3529.895349264145]], "4": [[67.47110253384162, 100, 5.754441261291504], [145.74914645627524, 200, 27.895133018493652], [222.95055190357058, 300, 76.03787326812744], [313.514878068859, 400, 155.7539999485016], [414.46688371307226, 500, 301.0210394859314], [527.0349424782104, 600, 592.7366371154785], [647.2723754140295, 700, 1070.5342831611633], [747.2182964798678, 800, 1636.3342506885529], [863.3613096832378, 900, 2473.2114164829254], [971.5562854296409, 1000, 3490.708894252777]]}