{"0": [[194.5223258186835, 10, 0.575221061706543]], "1": [[194.5223258186835, 10, 0.5547044277191162]], "2": [[194.5223258186835, 10, 0.5553088188171387]], "3": [[194.5223258186835, 10, 0.5561685562133789]], "4": [[194.5223258186835, 10, 0.5681476593017578]]}