{"0": [[194.5223258186835, 10, 1.1494755744934082]], "1": [[194.5223258186835, 10, 1.0811164379119873]], "2": [[194.5223258186835, 10, 1.0773303508758545]], "3": [[194.5223258186835, 10, 1.0829343795776367]], "4": [[194.5223258186835, 10, 1.0782270431518555]]}