{"0": [[39.40546973388858, 10, 0.512321949005127], [125.10803886317059, 20, 2.057560920715332], [285.488979735849, 30, 5.986665487289429], [466.3918508437705, 40, 11.873763084411621], [657.4092463817575, 50, 20.253993272781372], [899.745926990234, 60, 33.64035487174988]], "1": [[39.40546973388858, 10, 0.496260404586792], [125.10803886317059, 20, 2.0569677352905273], [285.488979735849, 30, 5.969135284423828], [466.3918508437705, 40, 11.864429950714111], [657.4092463817575, 50, 20.254749536514282], [899.745926990234, 60, 33.53773641586304]], "2": [[39.40546973388858, 10, 0.4791295528411865], [125.10803886317059, 20, 2.038210153579712], [285.488979735849, 30, 5.910152912139893], [466.3918508437705, 40, 11.777127981185913], [657.4092463817575, 50, 20.234474182128906], [899.745926990234, 60, 33.50075340270996]], "3": [[39.40546973388858, 10, 0.49581360816955566], [125.10803886317059, 20, 2.059929132461548], [285.488979735849, 30, 5.932258605957031], [466.3918508437705, 40, 11.828351497650146], [657.4092463817575, 50, 20.238780736923218], [899.745926990234, 60, 33.436540603637695]], "4": [[39.40546973388858, 10, 0.47948479652404785], [125.10803886317059, 20, 2.0320897102355957], [285.488979735849, 30, 5.93565559387207], [466.3918508437705, 40, 11.823026180267334], [657.4092463817575, 50, 20.200779914855957], [899.745926990234, 60, 33.43317794799805]]}