{"0": [[39.40546973388858, 10, 0.05939507484436035], [125.10803886317059, 20, 0.22057437896728516], [285.488979735849, 30, 0.6409618854522705], [466.3918508437705, 40, 1.2166938781738281], [657.4092463817575, 50, 2.075421094894409], [899.745926990234, 60, 3.451359987258911]], "1": [[39.40546973388858, 10, 0.04012918472290039], [125.10803886317059, 20, 0.1774904727935791], [285.488979735849, 30, 0.5317819118499756], [466.3918508437705, 40, 1.1110708713531494], [657.4092463817575, 50, 1.9583179950714111], [899.745926990234, 60, 3.3489580154418945]], "2": [[39.40546973388858, 10, 0.04056596755981445], [125.10803886317059, 20, 0.17817354202270508], [285.488979735849, 30, 0.5193192958831787], [466.3918508437705, 40, 1.0983667373657227], [657.4092463817575, 50, 1.9308695793151855], [899.745926990234, 60, 3.336381673812866]], "3": [[39.40546973388858, 10, 0.040268659591674805], [125.10803886317059, 20, 0.17777037620544434], [285.488979735849, 30, 0.5191900730133057], [466.3918508437705, 40, 1.0996787548065186], [657.4092463817575, 50, 1.9350576400756836], [899.745926990234, 60, 3.3259098529815674]], "4": [[39.40546973388858, 10, 0.040859222412109375], [125.10803886317059, 20, 0.17826056480407715], [285.488979735849, 30, 0.5334334373474121], [466.3918508437705, 40, 1.1015980243682861], [657.4092463817575, 50, 1.9513237476348877], [899.745926990234, 60, 3.355520725250244]]}