{"EF_glob_adap_acc": [0.01038975983546658, 0.010557545819969856, 0.01055862431755141, 0.01056189097230385, 0.010561890972304621, 0.01056188302723753, 0.010561883027237916, 0.010561883027237916, 0.010561883027236653], "EF_glob_adap_stab": [0.01038464130685256, 0.01055294637502106, 0.010554008798402386, 0.010557244045911901, 0.010557244045911894, 0.010557236516078351, 0.010557236516078355, 0.010557236516078355, 0.010557236516078356], "EF_local_adap": [0.014686100576530753, 0.014924119886550772, 0.014925622380105627, 0.014930197711011218, 0.01493019771101121, 0.014930187062218488, 0.014930187062218495, 0.014930187062218495, 0.014930187062218497], "EB_global_adap": [0.01038975983546658, 0.010557545819969856, 0.01055862431755141, 0.01056189097230385, 0.010561890972304621, 0.01056188302723753, 0.010561883027237916, 0.010561883027237916, 0.010561883027236653]}