{"EF_glob_adap_acc": [0.01038975983546658, 0.010557545819969856, 0.01055862431755141, 0.01056189097230385, 0.010561890972304621, 0.01056188302723753, 0.010561883027237916, 0.010561883027237916, 0.010561883027236653], "EF_glob_adap_stab": [0.01038464130685256, 0.01055294637502106, 0.010554008798402386, 0.010557244045911901, 0.010557244045911894, 0.010557236516078351, 0.010557236516078355, 0.010557236516078355, 0.010557236516078358], "EF_local_adap": [0.02076928261370512, 0.02110589275004212, 0.021108017596804772, 0.021114488091823803, 0.02111448809182379, 0.021114473032156703, 0.02111447303215671, 0.02111447303215671, 0.021114473032156716], "EB_global_adap": [0.01038464130685256, 0.01055294637502106, 0.010554008798402386, 0.010557244045911901, 0.010557244045911894, 0.010557236516078351, 0.010557236516078355, 0.010557236516078355, 0.010557236516078358]}