{"EF_glob_adap_acc": [0.2791052704428729, 0.17128306542215058, 0.15248943576798873, 0.13491055140035843, 0.13092823148856586, 0.12960957787863023, 0.1294635355301718, 0.12964505293858028, 0.129820805249234], "EF_glob_adap_stab": [0.13930313120712282, 0.07948364076579306, 0.07347833793281264, 0.07023607652669295, 0.06763339579548192, 0.06737746604224419, 0.067085920548047, 0.06733855089607274, 0.06756647128319263], "EF_local_adap": [0.13941306854593466, 0.07948141426060147, 0.07347593438953819, 0.07024481583139028, 0.06763659933339276, 0.06738094076019703, 0.06709819035368252, 0.06733813220273906, 0.06757041951991685], "EB_global_adap": [0.8871616217987416, 0.5413836110112078, 0.7672222139760722, 1.2030841443993083, 1.300358840605361, 1.3223291840723248, 1.3112352493761346, 1.3117428695002524, 1.3125182961406967]}