{"EF_glob_adap_acc": [0.2791052704428729, 0.17128306542215058, 0.15248943576798873, 0.13491055140035843, 0.13092823148856586, 0.12960957787863023, 0.1294635355301718, 0.12964505293858028, 0.129820805249234], "EF_glob_adap_stab": [0.13930313120712282, 0.07948364076579306, 0.07347833793281264, 0.07023607652669295, 0.06763339579548192, 0.06737746604224419, 0.067085920548047, 0.06733855089607274, 0.06756647128319263], "EF_local_adap": [0.14318942080952296, 0.07986412042423244, 0.07394759338493503, 0.07181917599592236, 0.06794703001824853, 0.06795215768078418, 0.06774077938647735, 0.06801128009880823, 0.06827696479788212], "EB_global_adap": [0.886773701236416, 0.5091228715284355, 0.7625985113889753, 1.1253930368530842, 1.186383310266994, 1.319534288180446, 1.3215798218508095, 1.2595951841947994, 1.0913751822071796]}