{"EF_glob_adap_acc": [0.2791052704428729, 0.17128306542215058, 0.15248943576798873, 0.13491055140035843, 0.13092823148856586, 0.12960957787863023, 0.1294635355301718, 0.12964505293858028, 0.129820805249234], "EF_glob_adap_stab": [0.13930313120712282, 0.07948364076579306, 0.07347833793281264, 0.07023607652669295, 0.06763339579548192, 0.06737746604224419, 0.067085920548047, 0.06733855089607274, 0.06756647128319263], "EF_local_adap": [0.14213047692467526, 0.07951882892576859, 0.07407981350348702, 0.07081453661987495, 0.06775778287007003, 0.06767962230589024, 0.06734082408290298, 0.06762394622228599, 0.06783352532856454], "EB_global_adap": [0.8865387108587897, 0.5412987580285181, 0.7672726086066899, 1.2030338539609293, 1.2999438301247204, 1.321648093221637, 1.3105066845222244, 1.3110772702690479, 1.3118331590747403]}