{"EF_glob_adap_acc": [0.2839974928443988, 0.16918667459594589, 0.15155522297763468, 0.1351839506150263, 0.13122931117438874, 0.12777482920962005, 0.12774372439126705, 0.12795793425770796, 0.12848661781816553], "EF_glob_adap_stab": [0.13924340413140204, 0.07947952823890034, 0.07349620357677936, 0.07024433315458989, 0.06763351865982088, 0.06738119706800916, 0.06708813014090946, 0.06734271018707982, 0.06757198969282943], "EF_local_adap": [0.14122080064158685, 0.07780080158169683, 0.07370141291429402, 0.07057471412019715, 0.06327607788257826, 0.06315516521624226, 0.06247136041649298, 0.06270548061051431, 0.06282756010342189], "EB_global_adap": [0.7567533282111293, 0.3818362520057145, 0.587238044882576, 0.8268542993857484, 1.0112201290108476, 1.0585685352899064, 1.0603403366402426, 1.0697815709581229, 1.0707371391644434]}