{"0": [[4.8656873447791416, 100, 0.9138140678405762], [5.921037915622, 200, 2.632253646850586], [6.577932346531841, 300, 6.248782634735107], [7.000598362113847, 400, 11.954025983810425], [7.398588870568166, 500, 22.077682971954346], [7.707135445836559, 600, 38.29161262512207], [7.9545849394559704, 700, 63.56466627120972], [8.16479297078632, 800, 95.82417130470276], [8.349644322122737, 900, 136.68323183059692], [8.503935251937747, 1000, 190.3650529384613]], "1": [[4.8656873447791416, 100, 0.7163305282592773], [5.921037915622, 200, 2.450068235397339], [6.577932346531841, 300, 5.8908257484436035], [7.000598362113847, 400, 11.225905895233154], [7.398588870568166, 500, 21.025893211364746], [7.707135445836559, 600, 36.80353260040283], [7.9545849394559704, 700, 62.0999960899353], [8.16479297078632, 800, 94.32041692733765], [8.349644322122737, 900, 136.82520055770874], [8.503935251937747, 1000, 190.62642359733582]], "2": [[4.8656873447791416, 100, 0.6627027988433838], [5.921037915622, 200, 2.284125328063965], [6.577932346531841, 300, 5.719388008117676], [7.000598362113847, 400, 10.694681644439697], [7.398588870568166, 500, 20.171345233917236], [7.707135445836559, 600, 35.72657132148743], [7.9545849394559704, 700, 60.15768885612488], [8.16479297078632, 800, 92.07047438621521], [8.349644322122737, 900, 132.30434155464172], [8.503935251937747, 1000, 183.95916318893433]], "3": [[4.8656873447791416, 100, 0.8168799877166748], [5.921037915622, 200, 2.477182149887085], [6.577932346531841, 300, 6.106595754623413], [7.000598362113847, 400, 11.171610355377197], [7.398588870568166, 500, 20.623488187789917], [7.707135445836559, 600, 35.97368049621582], [7.9545849394559704, 700, 58.907761335372925], [8.16479297078632, 800, 88.80013704299927], [8.349644322122737, 900, 129.36221528053284], [8.503935251937747, 1000, 183.1022424697876]], "4": [[4.8656873447791416, 100, 0.7211024761199951], [5.921037915622, 200, 2.458880662918091], [6.577932346531841, 300, 5.941457748413086], [7.000598362113847, 400, 11.340836763381958], [7.398588870568166, 500, 21.383981943130493], [7.707135445836559, 600, 37.28651976585388], [7.9545849394559704, 700, 61.80407929420471], [8.16479297078632, 800, 93.67549562454224], [8.349644322122737, 900, 134.31286573410034], [8.503935251937747, 1000, 187.6681206226349]]}