{"0": [[4.8656873447791416, 100, 0.4146230220794678], [5.921037915622, 200, 0.8263797760009766], [6.577932346531841, 300, 1.6299967765808105], [7.000598362113847, 400, 2.932584524154663], [7.398588870568166, 500, 5.18705940246582], [7.707135445836559, 600, 7.91406774520874], [7.9545849394559704, 700, 11.664053916931152], [8.16479297078632, 800, 16.91661024093628], [8.349644322122737, 900, 23.037341117858887], [8.503935251937747, 1000, 32.31766152381897]], "1": [[4.8656873447791416, 100, 0.25658750534057617], [5.921037915622, 200, 0.6679065227508545], [6.577932346531841, 300, 1.4702556133270264], [7.000598362113847, 400, 2.785707712173462], [7.398588870568166, 500, 4.794032335281372], [7.707135445836559, 600, 7.527137517929077], [7.9545849394559704, 700, 11.479722738265991], [8.16479297078632, 800, 16.36844754219055], [8.349644322122737, 900, 22.40360140800476], [8.503935251937747, 1000, 31.96864342689514]], "2": [[4.8656873447791416, 100, 0.2735145092010498], [5.921037915622, 200, 0.7046995162963867], [6.577932346531841, 300, 1.525951623916626], [7.000598362113847, 400, 2.847407102584839], [7.398588870568166, 500, 4.8954176902771], [7.707135445836559, 600, 7.957309722900391], [7.9545849394559704, 700, 11.736401319503784], [8.16479297078632, 800, 17.232864379882812], [8.349644322122737, 900, 23.81608510017395], [8.503935251937747, 1000, 33.510685443878174]], "3": [[4.8656873447791416, 100, 0.2807309627532959], [5.921037915622, 200, 0.9366099834442139], [6.577932346531841, 300, 1.760087490081787], [7.000598362113847, 400, 3.0904171466827393], [7.398588870568166, 500, 5.1999077796936035], [7.707135445836559, 600, 8.369884967803955], [7.9545849394559704, 700, 12.371750831604004], [8.16479297078632, 800, 17.95973777770996], [8.349644322122737, 900, 24.46201777458191], [8.503935251937747, 1000, 34.23098111152649]], "4": [[4.8656873447791416, 100, 0.27965855598449707], [5.921037915622, 200, 0.7118477821350098], [6.577932346531841, 300, 1.7389929294586182], [7.000598362113847, 400, 3.08070707321167], [7.398588870568166, 500, 5.14850926399231], [7.707135445836559, 600, 8.158567190170288], [7.9545849394559704, 700, 11.922440767288208], [8.16479297078632, 800, 17.124568462371826], [8.349644322122737, 900, 24.021628618240356], [8.503935251937747, 1000, 33.7498083114624]]}