{"0": [[139.14085307785567, 100, 5.534441709518433], [323.8758128770988, 200, 33.90415143966675], [531.9092396121462, 300, 115.60478329658508], [791.6770148272524, 400, 331.53502321243286]], "1": [[139.14085307785567, 100, 4.9159095287323], [323.8758128770988, 200, 32.586602210998535], [531.9092396121462, 300, 106.91812300682068], [791.6770148272524, 400, 311.97976660728455]], "2": [[139.14085307785567, 100, 5.235231637954712], [323.8758128770988, 200, 34.44347858428955], [531.9092396121462, 300, 115.8873381614685], [791.6770148272524, 400, 307.1038179397583]], "3": [[139.14085307785567, 100, 5.0028111934661865], [323.8758128770988, 200, 32.40993809700012], [531.9092396121462, 300, 105.01028490066528], [791.6770148272524, 400, 290.8771951198578]], "4": [[139.14085307785567, 100, 4.878604412078857], [323.8758128770988, 200, 32.20266509056091], [531.9092396121462, 300, 114.75607776641846], [791.6770148272524, 400, 313.13435912132263]]}