{"0": [[67.47110253384162, 100, 0.8916561603546143], [145.74914645627524, 200, 5.844282388687134], [222.95055190357058, 300, 17.799018383026123], [313.514878068859, 400, 43.43853783607483], [414.46688371307226, 500, 90.60598540306091], [527.0349424782104, 600, 163.73544692993164], [647.2723754140295, 700, 275.5306475162506], [747.2182964798678, 800, 399.7800393104553], [863.3613096832378, 900, 575.2976727485657], [971.5562854296409, 1000, 789.1038191318512]], "1": [[67.47110253384162, 100, 0.7823703289031982], [145.74914645627524, 200, 4.670047760009766], [222.95055190357058, 300, 13.450868606567383], [313.514878068859, 400, 30.84920072555542], [414.46688371307226, 500, 62.31439924240112], [527.0349424782104, 600, 119.67388153076172], [647.2723754140295, 700, 198.32998919487], [747.2182964798678, 800, 297.01932287216187], [863.3613096832378, 900, 437.3427748680115], [971.5562854296409, 1000, 650.3597242832184]], "2": [[67.47110253384162, 100, 0.8120925426483154], [145.74914645627524, 200, 4.944289445877075], [222.95055190357058, 300, 14.64810562133789], [313.514878068859, 400, 33.707056760787964], [414.46688371307226, 500, 70.01706719398499], [527.0349424782104, 600, 127.14072704315186], [647.2723754140295, 700, 210.63817024230957], [747.2182964798678, 800, 308.94368624687195], [863.3613096832378, 900, 502.1815493106842], [971.5562854296409, 1000, 735.4015700817108]], "3": [[67.47110253384162, 100, 0.8503611087799072], [145.74914645627524, 200, 4.833417654037476], [222.95055190357058, 300, 14.35484790802002], [313.514878068859, 400, 33.145533323287964], [414.46688371307226, 500, 70.01448726654053], [527.0349424782104, 600, 126.845046043396], [647.2723754140295, 700, 209.33875799179077], [747.2182964798678, 800, 311.38975858688354], [863.3613096832378, 900, 507.029381275177], [971.5562854296409, 1000, 753.729829788208]], "4": [[67.47110253384162, 100, 0.8859028816223145], [145.74914645627524, 200, 4.844897031784058], [222.95055190357058, 300, 14.145106315612793], [313.514878068859, 400, 32.185301065444946], [414.46688371307226, 500, 64.48344421386719], [527.0349424782104, 600, 118.95383310317993], [647.2723754140295, 700, 201.987286567688], [747.2182964798678, 800, 296.00925850868225], [863.3613096832378, 900, 488.85479259490967], [971.5562854296409, 1000, 718.1683275699615]]}