{"0": [[139.14085307785567, 100, 9.969089269638062], [323.8758128770988, 200, 55.39987778663635], [531.9092396121462, 300, 161.6137547492981], [791.6770148272524, 400, 358.657452583313]], "1": [[139.14085307785567, 100, 10.301692962646484], [323.8758128770988, 200, 57.96680569648743], [531.9092396121462, 300, 173.53748869895935], [791.6770148272524, 400, 388.7134745121002]], "2": [[139.14085307785567, 100, 10.534669876098633], [323.8758128770988, 200, 58.76026773452759], [531.9092396121462, 300, 172.7190248966217], [791.6770148272524, 400, 374.718318939209]], "3": [[139.14085307785567, 100, 11.852909803390503], [323.8758128770988, 200, 59.003421783447266], [531.9092396121462, 300, 172.60855150222778], [791.6770148272524, 400, 384.9891908168793]], "4": [[139.14085307785567, 100, 9.403461456298828], [323.8758128770988, 200, 52.887104749679565], [531.9092396121462, 300, 156.7314293384552], [791.6770148272524, 400, 353.92546010017395]]}