{"0": [[139.14085307785567, 100, 1.3038949966430664], [323.8758128770988, 200, 9.512829065322876], [531.9092396121462, 300, 30.720027446746826], [791.6770148272524, 400, 77.8228759765625]], "1": [[139.14085307785567, 100, 1.1925818920135498], [323.8758128770988, 200, 7.889337539672852], [531.9092396121462, 300, 25.91188383102417], [791.6770148272524, 400, 64.83643960952759]], "2": [[139.14085307785567, 100, 1.3596584796905518], [323.8758128770988, 200, 8.249444723129272], [531.9092396121462, 300, 26.14396071434021], [791.6770148272524, 400, 66.01133441925049]], "3": [[139.14085307785567, 100, 1.3095743656158447], [323.8758128770988, 200, 8.501679420471191], [531.9092396121462, 300, 26.926183462142944], [791.6770148272524, 400, 65.45184993743896]], "4": [[139.14085307785567, 100, 1.3049638271331787], [323.8758128770988, 200, 8.072367668151855], [531.9092396121462, 300, 26.136307954788208], [791.6770148272524, 400, 63.67340087890625]]}