{"0": [[67.47110253384162, 100, 4.447268724441528], [145.74914645627524, 200, 24.831482887268066], [222.95055190357058, 300, 69.85672664642334], [313.514878068859, 400, 163.639719247818], [414.46688371307226, 500, 344.68326473236084], [527.0349424782104, 600, 653.3992109298706], [647.2723754140295, 700, 1219.8403267860413], [747.2182964798678, 800, 1897.0480771064758], [863.3613096832378, 900, 2923.647528409958], [971.5562854296409, 1000, 4087.958331823349]], "1": [[67.47110253384162, 100, 4.242850065231323], [145.74914645627524, 200, 23.505836009979248], [222.95055190357058, 300, 65.50965094566345], [313.514878068859, 400, 159.74712562561035], [414.46688371307226, 500, 332.10889625549316], [527.0349424782104, 600, 625.9962737560272], [647.2723754140295, 700, 1045.433379650116], [747.2182964798678, 800, 1524.725789308548], [863.3613096832378, 900, 2513.9156312942505], [971.5562854296409, 1000, 3568.883929014206]], "2": [[67.47110253384162, 100, 4.197523593902588], [145.74914645627524, 200, 24.24574899673462], [222.95055190357058, 300, 69.36612582206726], [313.514878068859, 400, 163.45585346221924], [414.46688371307226, 500, 344.4161002635956], [527.0349424782104, 600, 643.3781855106354], [647.2723754140295, 700, 1082.2032160758972], [747.2182964798678, 800, 1570.0360524654388], [863.3613096832378, 900, 2579.175308704376], [971.5562854296409, 1000, 3674.8842725753784]], "3": [[67.47110253384162, 100, 4.361328363418579], [145.74914645627524, 200, 24.6390700340271], [222.95055190357058, 300, 69.62043881416321], [313.514878068859, 400, 165.88434290885925], [414.46688371307226, 500, 352.47664046287537], [527.0349424782104, 600, 656.3266224861145], [647.2723754140295, 700, 1103.6617619991302], [747.2182964798678, 800, 1603.5925869941711], [863.3613096832378, 900, 2532.34513092041], [971.5562854296409, 1000, 3631.1747443675995]], "4": [[67.47110253384162, 100, 4.383297443389893], [145.74914645627524, 200, 24.743321657180786], [222.95055190357058, 300, 69.96620774269104], [313.514878068859, 400, 167.46676516532898], [414.46688371307226, 500, 355.62783765792847], [527.0349424782104, 600, 664.225528717041], [647.2723754140295, 700, 1115.0897588729858], [747.2182964798678, 800, 1607.3649606704712], [863.3613096832378, 900, 2496.5810701847076], [971.5562854296409, 1000, 3531.2378091812134]]}