{"0": [[67.47110253384162, 100, 0.8892173767089844], [145.74914645627524, 200, 5.571079730987549], [222.95055190357058, 300, 17.185336112976074], [313.514878068859, 400, 41.159584283828735], [414.46688371307226, 500, 85.335200548172], [527.0349424782104, 600, 154.18337559700012], [647.2723754140295, 700, 259.7359118461609], [747.2182964798678, 800, 386.42228841781616], [863.3613096832378, 900, 566.392254114151], [971.5562854296409, 1000, 775.9014143943787]], "1": [[67.47110253384162, 100, 0.8317930698394775], [145.74914645627524, 200, 4.687906503677368], [222.95055190357058, 300, 13.755492448806763], [313.514878068859, 400, 31.678796768188477], [414.46688371307226, 500, 63.87405323982239], [527.0349424782104, 600, 118.67804551124573], [647.2723754140295, 700, 197.43973302841187], [747.2182964798678, 800, 293.9706680774689], [863.3613096832378, 900, 436.2132384777069], [971.5562854296409, 1000, 645.0114088058472]], "2": [[67.47110253384162, 100, 0.874422550201416], [145.74914645627524, 200, 4.97573184967041], [222.95055190357058, 300, 14.560079574584961], [313.514878068859, 400, 32.99672865867615], [414.46688371307226, 500, 65.81297779083252], [527.0349424782104, 600, 120.11174654960632], [647.2723754140295, 700, 201.09029984474182], [747.2182964798678, 800, 297.64334988594055], [863.3613096832378, 900, 484.21410393714905], [971.5562854296409, 1000, 708.6305348873138]], "3": [[67.47110253384162, 100, 0.851677417755127], [145.74914645627524, 200, 4.820134401321411], [222.95055190357058, 300, 14.084079027175903], [313.514878068859, 400, 32.40053105354309], [414.46688371307226, 500, 67.19534683227539], [527.0349424782104, 600, 120.80082035064697], [647.2723754140295, 700, 199.75561785697937], [747.2182964798678, 800, 296.93461179733276], [863.3613096832378, 900, 475.8973708152771], [971.5562854296409, 1000, 706.7570760250092]], "4": [[67.47110253384162, 100, 0.9039139747619629], [145.74914645627524, 200, 5.0770885944366455], [222.95055190357058, 300, 14.721290349960327], [313.514878068859, 400, 33.69424629211426], [414.46688371307226, 500, 67.87053751945496], [527.0349424782104, 600, 123.99887704849243], [647.2723754140295, 700, 208.5730390548706], [747.2182964798678, 800, 304.05412435531616], [863.3613096832378, 900, 485.6107361316681], [971.5562854296409, 1000, 705.9445922374725]]}