{"0": [[67.47110253384162, 100, 5.065695285797119], [145.74914645627524, 200, 24.932903289794922], [222.95055190357058, 300, 72.43953824043274], [313.514878068859, 400, 145.40047073364258], [414.46688371307226, 500, 278.33564615249634], [527.0349424782104, 600, 575.1997854709625], [647.2723754140295, 700, 1054.9758195877075], [747.2182964798678, 800, 1602.4460673332214], [863.3613096832378, 900, 2453.5471744537354], [971.5562854296409, 1000, 3520.1322350502014]], "1": [[67.47110253384162, 100, 4.985210657119751], [145.74914645627524, 200, 26.246983528137207], [222.95055190357058, 300, 72.0553069114685], [313.514878068859, 400, 152.10283637046814], [414.46688371307226, 500, 291.0704674720764], [527.0349424782104, 600, 586.2766087055206], [647.2723754140295, 700, 1104.5645081996918], [747.2182964798678, 800, 1688.2199919223785], [863.3613096832378, 900, 2562.581729888916], [971.5562854296409, 1000, 3623.729800224304]], "2": [[67.47110253384162, 100, 5.39215350151062], [145.74914645627524, 200, 26.887376308441162], [222.95055190357058, 300, 74.04822754859924], [313.514878068859, 400, 156.80949211120605], [414.46688371307226, 500, 302.50630354881287], [527.0349424782104, 600, 599.0546433925629], [647.2723754140295, 700, 1092.288025856018], [747.2182964798678, 800, 1688.4919328689575], [863.3613096832378, 900, 2538.087642431259], [971.5562854296409, 1000, 3618.371176481247]], "3": [[67.47110253384162, 100, 4.848243951797485], [145.74914645627524, 200, 24.260578870773315], [222.95055190357058, 300, 67.03247427940369], [313.514878068859, 400, 146.42051911354065], [414.46688371307226, 500, 284.2070863246918], [527.0349424782104, 600, 583.3656358718872], [647.2723754140295, 700, 1084.2393188476562], [747.2182964798678, 800, 1623.7531261444092], [863.3613096832378, 900, 2485.332869052887], [971.5562854296409, 1000, 3560.8427498340607]], "4": [[67.47110253384162, 100, 5.2003490924835205], [145.74914645627524, 200, 26.49556565284729], [222.95055190357058, 300, 70.89020133018494], [313.514878068859, 400, 147.7327263355255], [414.46688371307226, 500, 280.72448563575745], [527.0349424782104, 600, 556.811740398407], [647.2723754140295, 700, 1065.4049589633942], [747.2182964798678, 800, 1638.2648780345917], [863.3613096832378, 900, 2497.163187980652], [971.5562854296409, 1000, 3559.553931236267]]}